path,volume_id,slice_index,vendor,set,true_label,true_label_name,known_diseased,dataset,predicted_class,predicted_class_name,softmax_confidence,mutual_info,ood_cosine,ood_maha_combined,cp_setsize,s_condition2,defer_condition2,s_condition3,defer_condition3,s_condition4,defer_condition4,s_condition5,defer_condition5,defer_B2,accept_condition1
/Users/yuhaowang/Documents/UCL/Term3_Proj/Dataset/Paul_Mooney/OCT2017/test/CNV/CNV-1016042-1.jpeg,,,Kermany,test,0,CNV,True,Kermany-test,0,CNV,1.0,4.292957e-08,0.8588456,0.57480663,1,-8.344416,False,-4.379173,False,-7.266301,False,-6.43338,False,False,True
/Users/yuhaowang/Documents/UCL/Term3_Proj/Dataset/Paul_Mooney/OCT2017/test/CNV/CNV-1016042-2.jpeg,,,Kermany,test,0,CNV,True,Kermany-test,0,CNV,1.0,8.110414e-06,0.7349313,0.07590859,1,-4.9419885,False,-4.377266,False,-7.266301,False,-5.812318,False,False,True
/Users/yuhaowang/Documents/UCL/Term3_Proj/Dataset/Paul_Mooney/OCT2017/test/CNV/CNV-1016042-3.jpeg,,,Kermany,test,0,CNV,True,Kermany-test,0,CNV,1.0,7.745696e-11,0.87347627,-0.20146976,1,-9.995926,False,-4.379183,False,-7.266301,False,-7.958524,False,False,True
/Users/yuhaowang/Documents/UCL/Term3_Proj/Dataset/Paul_Mooney/OCT2017/test/CNV/CNV-1016042-4.jpeg,,,Kermany,test,0,CNV,True,Kermany-test,0,CNV,1.0,1.9978988e-06,0.8509103,0.35691625,1,-8.404777,False,-4.3787107,False,-7.266301,False,-6.7166696,False,False,True
/Users/yuhaowang/Documents/UCL/Term3_Proj/Dataset/Paul_Mooney/OCT2017/test/CNV/CNV-103044-1.jpeg,,,Kermany,test,0,CNV,True,Kermany-test,0,CNV,1.0,1.7214757e-07,0.73280764,-0.34010574,1,-5.493415,False,-4.3791423,False,-7.266301,False,-6.511118,False,False,True
/Users/yuhaowang/Documents/UCL/Term3_Proj/Dataset/Paul_Mooney/OCT2017/test/CNV/CNV-103044-10.jpeg,,,Kermany,test,0,CNV,True,Kermany-test,0,CNV,1.0,5.8505757e-06,0.6303815,0.5038833,1,-0.8009472,False,-4.3778,False,-7.266301,False,-3.8137245,False,False,True
/Users/yuhaowang/Documents/UCL/Term3_Proj/Dataset/Paul_Mooney/OCT2017/test/CNV/CNV-103044-11.jpeg,,,Kermany,test,0,CNV,True,Kermany-test,0,CNV,1.0,7.922911e-07,0.7881408,0.2446982,1,-6.471007,False,-4.378996,False,-7.266301,False,-6.158517,False,False,True
/Users/yuhaowang/Documents/UCL/Term3_Proj/Dataset/Paul_Mooney/OCT2017/test/CNV/CNV-103044-12.jpeg,,,Kermany,test,0,CNV,True,Kermany-test,0,CNV,1.0,5.644015e-09,0.8728924,0.19003528,1,-9.39052,False,-4.3791814,False,-7.266301,False,-7.2708964,False,False,True
/Users/yuhaowang/Documents/UCL/Term3_Proj/Dataset/Paul_Mooney/OCT2017/test/CNV/CNV-103044-2.jpeg,,,Kermany,test,0,CNV,True,Kermany-test,0,CNV,1.0,2.4406427e-07,0.77067477,-0.30777985,1,-6.7129364,False,-4.379125,False,-7.266301,False,-6.909417,False,False,True
/Users/yuhaowang/Documents/UCL/Term3_Proj/Dataset/Paul_Mooney/OCT2017/test/CNV/CNV-103044-3.jpeg,,,Kermany,test,0,CNV,True,Kermany-test,0,CNV,0.9999856,8.648075e-05,0.5871059,0.6377252,1,0.84832335,True,-4.358743,False,-7.266301,False,-3.0508356,False,False,True
/Users/yuhaowang/Documents/UCL/Term3_Proj/Dataset/Paul_Mooney/OCT2017/test/CNV/CNV-103044-4.jpeg,,,Kermany,test,0,CNV,True,Kermany-test,0,CNV,0.99999976,2.6907699e-05,0.6475673,-0.18147303,1,-2.4019537,False,-4.372823,False,-7.266301,False,-5.2086525,False,False,True
/Users/yuhaowang/Documents/UCL/Term3_Proj/Dataset/Paul_Mooney/OCT2017/test/CNV/CNV-103044-5.jpeg,,,Kermany,test,0,CNV,True,Kermany-test,0,CNV,0.99997735,0.00011130341,0.29680708,0.69569623,1,10.655067,True,-4.3528767,False,-7.266301,False,0.5376229,True,False,True
/Users/yuhaowang/Documents/UCL/Term3_Proj/Dataset/Paul_Mooney/OCT2017/test/CNV/CNV-103044-6.jpeg,,,Kermany,test,0,CNV,True,Kermany-test,0,CNV,1.0,3.626394e-08,0.90242076,-0.15833417,1,-10.900518,False,-4.379174,False,-7.266301,False,-8.23094,False,False,True
/Users/yuhaowang/Documents/UCL/Term3_Proj/Dataset/Paul_Mooney/OCT2017/test/CNV/CNV-103044-7.jpeg,,,Kermany,test,0,CNV,True,Kermany-test,0,CNV,1.0,1.5015689e-06,0.71150935,0.4331602,1,-3.6231594,False,-4.378828,False,-7.266301,False,-4.911006,False,False,True
/Users/yuhaowang/Documents/UCL/Term3_Proj/Dataset/Paul_Mooney/OCT2017/test/CNV/CNV-103044-8.jpeg,,,Kermany,test,0,CNV,True,Kermany-test,0,CNV,1.0,6.2859675e-05,0.6492555,0.81572074,1,-0.96625996,False,-4.364326,False,-7.266301,False,-3.490517,False,False,True
/Users/yuhaowang/Documents/UCL/Term3_Proj/Dataset/Paul_Mooney/OCT2017/test/CNV/CNV-103044-9.jpeg,,,Kermany,test,0,CNV,True,Kermany-test,0,CNV,1.0,1.3544727e-06,0.81785846,-0.08045961,1,-7.952609,False,-4.3788624,False,-7.266301,False,-7.080409,False,False,True
/Users/yuhaowang/Documents/UCL/Term3_Proj/Dataset/Paul_Mooney/OCT2017/test/CNV/CNV-1083927-1.jpeg,,,Kermany,test,0,CNV,True,Kermany-test,0,CNV,0.99999917,2.3683271e-05,0.6585566,0.22331043,1,-2.1641796,False,-4.3735857,False,-7.266301,False,-4.6372814,False,False,True
/Users/yuhaowang/Documents/UCL/Term3_Proj/Dataset/Paul_Mooney/OCT2017/test/CNV/CNV-1112835-1.jpeg,,,Kermany,test,0,CNV,True,Kermany-test,0,CNV,1.0,1.8719857e-07,0.8325442,0.1679859,1,-8.072549,False,-4.3791385,False,-7.266301,False,-6.8249187,False,False,True
/Users/yuhaowang/Documents/UCL/Term3_Proj/Dataset/Paul_Mooney/OCT2017/test/CNV/CNV-1112835-2.jpeg,,,Kermany,test,0,CNV,True,Kermany-test,0,CNV,1.0,9.949218e-09,0.8577633,0.43359667,1,-8.519487,False,-4.3791804,False,-7.266301,False,-6.6658826,False,False,True
/Users/yuhaowang/Documents/UCL/Term3_Proj/Dataset/Paul_Mooney/OCT2017/test/CNV/CNV-1130960-1.jpeg,,,Kermany,test,0,CNV,True,Kermany-test,0,CNV,1.0,1.3601067e-08,0.892842,-0.20856288,1,-10.654959,False,-4.3791795,False,-7.266301,False,-8.203294,False,False,True
/Users/yuhaowang/Documents/UCL/Term3_Proj/Dataset/Paul_Mooney/OCT2017/test/CNV/CNV-1131664-1.jpeg,,,Kermany,test,0,CNV,True,Kermany-test,0,CNV,1.0,7.945357e-08,0.83604103,0.31886086,1,-7.9638596,False,-4.3791637,False,-7.266301,False,-6.6046133,False,False,True
/Users/yuhaowang/Documents/UCL/Term3_Proj/Dataset/Paul_Mooney/OCT2017/test/CNV/CNV-1136126-1.jpeg,,,Kermany,test,0,CNV,True,Kermany-test,0,CNV,1.0,1.1863307e-08,0.79098725,-0.17322448,1,-7.191703,False,-4.37918,False,-7.266301,False,-6.9193316,False,False,True
/Users/yuhaowang/Documents/UCL/Term3_Proj/Dataset/Paul_Mooney/OCT2017/test/CNV/CNV-1177084-1.jpeg,,,Kermany,test,0,CNV,True,Kermany-test,0,CNV,1.0,8.1871804e-08,0.6568192,-0.28289384,1,-2.8635027,False,-4.3791637,False,-7.266301,False,-5.499606,False,False,True
/Users/yuhaowang/Documents/UCL/Term3_Proj/Dataset/Paul_Mooney/OCT2017/test/CNV/CNV-1188386-1.jpeg,,,Kermany,test,0,CNV,True,Kermany-test,0,CNV,1.0,7.075278e-10,0.8067013,-0.6130148,1,-8.375963,False,-4.379183,False,-7.266301,False,-7.8725047,False,False,True
/Users/yuhaowang/Documents/UCL/Term3_Proj/Dataset/Paul_Mooney/OCT2017/test/CNV/CNV-1188386-2.jpeg,,,Kermany,test,0,CNV,True,Kermany-test,0,CNV,1.0,0.000105735264,0.77948695,-0.5919035,1,-7.433161,False,-4.3541927,False,-7.266301,False,-7.4950147,False,False,True
/Users/yuhaowang/Documents/UCL/Term3_Proj/Dataset/Paul_Mooney/OCT2017/test/CNV/CNV-1188386-3.jpeg,,,Kermany,test,0,CNV,True,Kermany-test,0,CNV,1.0,4.8656403e-08,0.8092315,-0.18714675,1,-7.8234043,False,-4.3791714,False,-7.266301,False,-7.16251,False,False,True
/Users/yuhaowang/Documents/UCL/Term3_Proj/Dataset/Paul_Mooney/OCT2017/test/CNV/CNV-1188386-4.jpeg,,,Kermany,test,0,CNV,True,Kermany-test,0,CNV,1.0,1.01642925e-08,0.8668964,-0.4654273,1,-10.170607,False,-4.3791804,False,-7.266301,False,-8.3384285,False,False,True
/Users/yuhaowang/Documents/UCL/Term3_Proj/Dataset/Paul_Mooney/OCT2017/test/CNV/CNV-1260317-1.jpeg,,,Kermany,test,0,CNV,True,Kermany-test,0,CNV,1.0,8.2046654e-08,0.8838423,-1.2458467,1,-11.905836,False,-4.3791637,False,-7.266301,False,-9.89855,False,False,True
/Users/yuhaowang/Documents/UCL/Term3_Proj/Dataset/Paul_Mooney/OCT2017/test/CNV/CNV-1290410-1.jpeg,,,Kermany,test,0,CNV,True,Kermany-test,0,CNV,1.0,1.6652768e-09,0.8892457,0.14482485,1,-10.005728,False,-4.3791823,False,-7.266301,False,-7.545777,False,False,True
/Users/yuhaowang/Documents/UCL/Term3_Proj/Dataset/Paul_Mooney/OCT2017/test/CNV/CNV-1290410-2.jpeg,,,Kermany,test,0,CNV,True,Kermany-test,0,CNV,1.0,1.7204638e-09,0.7532465,-0.33633113,1,-6.172115,False,-4.3791823,False,-7.266301,False,-6.749899,False,False,True
/Users/yuhaowang/Documents/UCL/Term3_Proj/Dataset/Paul_Mooney/OCT2017/test/CNV/CNV-1290410-3.jpeg,,,Kermany,test,0,CNV,True,Kermany-test,0,CNV,1.0,1.2137825e-08,0.892279,-0.09689231,1,-10.469002,False,-4.37918,False,-7.266301,False,-8.002401,False,False,True
/Users/yuhaowang/Documents/UCL/Term3_Proj/Dataset/Paul_Mooney/OCT2017/test/CNV/CNV-1305450-1.jpeg,,,Kermany,test,0,CNV,True,Kermany-test,0,CNV,1.0,1.967203e-08,0.80329096,-0.047887426,1,-7.4161077,False,-4.379178,False,-7.266301,False,-6.8491135,False,False,True
/Users/yuhaowang/Documents/UCL/Term3_Proj/Dataset/Paul_Mooney/OCT2017/test/CNV/CNV-1305450-2.jpeg,,,Kermany,test,0,CNV,True,Kermany-test,0,CNV,0.9999958,0.006052021,0.6372251,-0.6725097,1,-2.7904663,False,-2.9488034,False,-7.266301,False,-5.1321845,False,False,True
/Users/yuhaowang/Documents/UCL/Term3_Proj/Dataset/Paul_Mooney/OCT2017/test/CNV/CNV-1305450-3.jpeg,,,Kermany,test,0,CNV,True,Kermany-test,0,CNV,0.9999976,0.0002744911,0.5101239,0.4739271,1,3.180779,True,-4.3143077,False,-7.266301,False,-2.386455,False,False,True
/Users/yuhaowang/Documents/UCL/Term3_Proj/Dataset/Paul_Mooney/OCT2017/test/CNV/CNV-1305450-4.jpeg,,,Kermany,test,0,CNV,True,Kermany-test,0,CNV,1.0,6.245392e-08,0.90692246,-0.62357926,1,-11.74745,False,-4.379168,False,-7.266301,False,-9.093782,False,False,True
/Users/yuhaowang/Documents/UCL/Term3_Proj/Dataset/Paul_Mooney/OCT2017/test/CNV/CNV-137351-1.jpeg,,,Kermany,test,0,CNV,True,Kermany-test,0,CNV,1.0,3.2972662e-07,0.86226815,-0.48066163,1,-10.038437,False,-4.3791046,False,-7.266301,False,-8.309319,False,False,True
/Users/yuhaowang/Documents/UCL/Term3_Proj/Dataset/Paul_Mooney/OCT2017/test/CNV/CNV-1415351-1.jpeg,,,Kermany,test,0,CNV,True,Kermany-test,0,CNV,1.0,4.618244e-05,0.6334918,-0.13629621,1,-1.8630655,False,-4.368268,False,-7.266301,False,-4.9585924,False,False,True
/Users/yuhaowang/Documents/UCL/Term3_Proj/Dataset/Paul_Mooney/OCT2017/test/CNV/CNV-154835-1.jpeg,,,Kermany,test,0,CNV,True,Kermany-test,0,CNV,1.0,1.3385467e-08,0.85724086,0.19115123,1,-8.864795,False,-4.3791795,False,-7.266301,False,-7.081095,False,False,True
/Users/yuhaowang/Documents/UCL/Term3_Proj/Dataset/Paul_Mooney/OCT2017/test/CNV/CNV-154835-2.jpeg,,,Kermany,test,0,CNV,True,Kermany-test,0,CNV,1.0,9.807579e-09,0.83445144,-0.63832647,1,-9.34299,False,-4.3791804,False,-7.266301,False,-8.249582,False,False,True
/Users/yuhaowang/Documents/UCL/Term3_Proj/Dataset/Paul_Mooney/OCT2017/test/CNV/CNV-163081-1.jpeg,,,Kermany,test,0,CNV,True,Kermany-test,0,CNV,1.0,6.450884e-10,0.8496841,-0.75100785,1,-10.021641,False,-4.379183,False,-7.266301,False,-8.628309,False,False,True
/Users/yuhaowang/Documents/UCL/Term3_Proj/Dataset/Paul_Mooney/OCT2017/test/CNV/CNV-163081-10.jpeg,,,Kermany,test,0,CNV,True,Kermany-test,0,CNV,1.0,6.5384393e-06,0.8821072,-0.38878885,1,-10.565222,False,-4.3776374,False,-7.266301,False,-8.386892,False,False,True
/Users/yuhaowang/Documents/UCL/Term3_Proj/Dataset/Paul_Mooney/OCT2017/test/CNV/CNV-163081-2.jpeg,,,Kermany,test,0,CNV,True,Kermany-test,0,CNV,1.0,1.487058e-09,0.8883205,0.43935618,1,-9.534007,False,-4.3791823,False,-7.266301,False,-7.0226393,False,False,True
/Users/yuhaowang/Documents/UCL/Term3_Proj/Dataset/Paul_Mooney/OCT2017/test/CNV/CNV-163081-3.jpeg,,,Kermany,test,0,CNV,True,Kermany-test,0,CNV,1.0,7.9361584e-10,0.915717,-0.1856776,1,-11.38663,False,-4.379183,False,-7.266301,False,-8.438071,False,False,True
/Users/yuhaowang/Documents/UCL/Term3_Proj/Dataset/Paul_Mooney/OCT2017/test/CNV/CNV-163081-4.jpeg,,,Kermany,test,0,CNV,True,Kermany-test,0,CNV,1.0,4.5474486e-09,0.717574,-0.06324077,1,-4.569045,False,-4.379182,False,-7.266301,False,-5.8469753,False,False,True
/Users/yuhaowang/Documents/UCL/Term3_Proj/Dataset/Paul_Mooney/OCT2017/test/CNV/CNV-163081-5.jpeg,,,Kermany,test,0,CNV,True,Kermany-test,0,CNV,1.0,2.2367663e-10,0.88550484,-0.2673995,1,-10.497335,False,-4.379183,False,-7.266301,False,-8.217516,False,False,True
/Users/yuhaowang/Documents/UCL/Term3_Proj/Dataset/Paul_Mooney/OCT2017/test/CNV/CNV-163081-6.jpeg,,,Kermany,test,0,CNV,True,Kermany-test,0,CNV,1.0,2.5304672e-08,0.80377716,0.30986476,1,-6.8970394,False,-4.379177,False,-7.266301,False,-6.2330074,False,False,True
/Users/yuhaowang/Documents/UCL/Term3_Proj/Dataset/Paul_Mooney/OCT2017/test/CNV/CNV-163081-7.jpeg,,,Kermany,test,0,CNV,True,Kermany-test,0,CNV,1.0,5.817249e-09,0.8872865,-0.6234072,1,-11.0897255,False,-4.3791814,False,-7.266301,False,-8.857807,False,False,True
/Users/yuhaowang/Documents/UCL/Term3_Proj/Dataset/Paul_Mooney/OCT2017/test/CNV/CNV-163081-8.jpeg,,,Kermany,test,0,CNV,True,Kermany-test,0,CNV,1.0,3.4918712e-10,0.8343371,-1.7038817,1,-10.9336815,False,-4.379183,False,-7.266301,False,-10.100645,False,False,True
/Users/yuhaowang/Documents/UCL/Term3_Proj/Dataset/Paul_Mooney/OCT2017/test/CNV/CNV-163081-9.jpeg,,,Kermany,test,0,CNV,True,Kermany-test,0,CNV,1.0,9.191477e-06,0.64967155,-0.23443744,1,-2.5516682,False,-4.3770103,False,-7.266301,False,-5.3283563,False,False,True
/Users/yuhaowang/Documents/UCL/Term3_Proj/Dataset/Paul_Mooney/OCT2017/test/CNV/CNV-1632795-1.jpeg,,,Kermany,test,0,CNV,True,Kermany-test,0,CNV,1.0,1.042923e-10,0.9148685,0.064624615,1,-10.983662,False,-4.379183,False,-7.266301,False,-7.9927444,False,False,True
/Users/yuhaowang/Documents/UCL/Term3_Proj/Dataset/Paul_Mooney/OCT2017/test/CNV/CNV-1641792-1.jpeg,,,Kermany,test,0,CNV,True,Kermany-test,0,CNV,1.0,5.6554154e-07,0.83738196,-0.81956196,1,-9.7123165,False,-4.3790493,False,-7.266301,False,-8.599754,False,False,True
/Users/yuhaowang/Documents/UCL/Term3_Proj/Dataset/Paul_Mooney/OCT2017/test/CNV/CNV-1641792-2.jpeg,,,Kermany,test,0,CNV,True,Kermany-test,0,CNV,1.0,7.0850376e-08,0.76785624,0.20063299,1,-5.8577657,False,-4.379166,False,-7.266301,False,-5.9917507,False,False,True
/Users/yuhaowang/Documents/UCL/Term3_Proj/Dataset/Paul_Mooney/OCT2017/test/CNV/CNV-1699976-1.jpeg,,,Kermany,test,0,CNV,True,Kermany-test,0,CNV,1.0,1.6402808e-09,0.8320205,0.37266093,1,-7.7487345,False,-4.3791823,False,-7.266301,False,-6.462837,False,False,True
/Users/yuhaowang/Documents/UCL/Term3_Proj/Dataset/Paul_Mooney/OCT2017/test/CNV/CNV-1699976-2.jpeg,,,Kermany,test,0,CNV,True,Kermany-test,0,CNV,1.0,8.3322493e-07,0.9041866,0.057686213,1,-10.636387,False,-4.378986,False,-7.266301,False,-7.876484,False,False,True
/Users/yuhaowang/Documents/UCL/Term3_Proj/Dataset/Paul_Mooney/OCT2017/test/CNV/CNV-1699976-3.jpeg,,,Kermany,test,0,CNV,True,Kermany-test,0,CNV,1.0,5.3026106e-06,0.801292,-0.17549485,1,-7.5401316,False,-4.3779297,False,-7.266301,False,-7.046255,False,False,True
/Users/yuhaowang/Documents/UCL/Term3_Proj/Dataset/Paul_Mooney/OCT2017/test/CNV/CNV-1699976-4.jpeg,,,Kermany,test,0,CNV,True,Kermany-test,0,CNV,1.0,2.1472289e-08,0.80600256,0.4819618,1,-6.714022,False,-4.379178,False,-7.266301,False,-5.9605336,False,False,True
/Users/yuhaowang/Documents/UCL/Term3_Proj/Dataset/Paul_Mooney/OCT2017/test/CNV/CNV-1699976-5.jpeg,,,Kermany,test,0,CNV,True,Kermany-test,0,CNV,1.0,7.8582025e-07,0.77209055,0.54423225,1,-5.485373,False,-4.378997,False,-7.266301,False,-5.445142,False,False,True
/Users/yuhaowang/Documents/UCL/Term3_Proj/Dataset/Paul_Mooney/OCT2017/test/CNV/CNV-1704482-1.jpeg,,,Kermany,test,0,CNV,True,Kermany-test,0,CNV,1.0,4.6440607e-10,0.8846409,-1.0301462,1,-11.609797,False,-4.379183,False,-7.266301,False,-9.533157,False,False,True
/Users/yuhaowang/Documents/UCL/Term3_Proj/Dataset/Paul_Mooney/OCT2017/test/CNV/CNV-172472-1.jpeg,,,Kermany,test,0,CNV,True,Kermany-test,0,CNV,0.99999976,2.3813518e-06,0.5958827,0.5859931,1,0.47703838,True,-4.37862,False,-7.266301,False,-3.2573657,False,False,True
/Users/yuhaowang/Documents/UCL/Term3_Proj/Dataset/Paul_Mooney/OCT2017/test/CNV/CNV-172472-10.jpeg,,,Kermany,test,0,CNV,True,Kermany-test,0,CNV,1.0,1.699875e-11,0.8704052,0.09548375,1,-9.448732,False,-4.379183,False,-7.266301,False,-7.4054193,False,False,True
/Users/yuhaowang/Documents/UCL/Term3_Proj/Dataset/Paul_Mooney/OCT2017/test/CNV/CNV-172472-11.jpeg,,,Kermany,test,0,CNV,True,Kermany-test,0,CNV,1.0,5.2592816e-07,0.8311739,0.12672772,1,-8.088407,False,-4.3790584,False,-7.266301,False,-6.880152,False,False,True
/Users/yuhaowang/Documents/UCL/Term3_Proj/Dataset/Paul_Mooney/OCT2017/test/CNV/CNV-172472-2.jpeg,,,Kermany,test,0,CNV,True,Kermany-test,0,CNV,1.0,1.2842293e-08,0.904211,-0.42318293,1,-11.356785,False,-4.37918,False,-7.266301,False,-8.712862,False,False,True
/Users/yuhaowang/Documents/UCL/Term3_Proj/Dataset/Paul_Mooney/OCT2017/test/CNV/CNV-172472-3.jpeg,,,Kermany,test,0,CNV,True,Kermany-test,0,CNV,1.0,1.6601781e-08,0.8947428,0.5005888,1,-9.6574135,False,-4.379179,False,-7.266301,False,-6.993271,False,False,True
/Users/yuhaowang/Documents/UCL/Term3_Proj/Dataset/Paul_Mooney/OCT2017/test/CNV/CNV-172472-4.jpeg,,,Kermany,test,0,CNV,True,Kermany-test,0,CNV,1.0,5.042555e-09,0.845873,0.26088178,1,-8.379822,False,-4.379182,False,-7.266301,False,-6.8234277,False,False,True
/Users/yuhaowang/Documents/UCL/Term3_Proj/Dataset/Paul_Mooney/OCT2017/test/CNV/CNV-172472-5.jpeg,,,Kermany,test,0,CNV,True,Kermany-test,0,CNV,1.0,1.2279647e-06,0.70175695,0.68414295,1,-2.9210467,False,-4.3788924,False,-7.266301,False,-4.357662,False,False,True
/Users/yuhaowang/Documents/UCL/Term3_Proj/Dataset/Paul_Mooney/OCT2017/test/CNV/CNV-172472-6.jpeg,,,Kermany,test,0,CNV,True,Kermany-test,0,CNV,1.0,2.3938647e-09,0.8742134,0.47989333,1,-9.001003,False,-4.3791823,False,-7.266301,False,-6.7828436,False,False,True
/Users/yuhaowang/Documents/UCL/Term3_Proj/Dataset/Paul_Mooney/OCT2017/test/CNV/CNV-172472-7.jpeg,,,Kermany,test,0,CNV,True,Kermany-test,0,CNV,1.0,2.4152348e-07,0.8911145,0.1699328,1,-10.030727,False,-4.3791256,False,-7.266301,False,-7.5245256,False,False,True
/Users/yuhaowang/Documents/UCL/Term3_Proj/Dataset/Paul_Mooney/OCT2017/test/CNV/CNV-172472-8.jpeg,,,Kermany,test,0,CNV,True,Kermany-test,0,CNV,1.0,1.8199095e-11,0.8443205,0.1599391,1,-8.478891,False,-4.379183,False,-7.266301,False,-6.9802794,False,False,True
/Users/yuhaowang/Documents/UCL/Term3_Proj/Dataset/Paul_Mooney/OCT2017/test/CNV/CNV-172472-9.jpeg,,,Kermany,test,0,CNV,True,Kermany-test,0,CNV,1.0,4.3001123e-09,0.77806073,0.32222396,1,-6.0174885,False,-4.379182,False,-7.266301,False,-5.9028587,False,False,True
/Users/yuhaowang/Documents/UCL/Term3_Proj/Dataset/Paul_Mooney/OCT2017/test/CNV/CNV-1730592-1.jpeg,,,Kermany,test,0,CNV,True,Kermany-test,0,CNV,1.0,1.8126695e-11,0.8327411,0.039951686,1,-8.270734,False,-4.379183,False,-7.266301,False,-7.0498905,False,False,True
/Users/yuhaowang/Documents/UCL/Term3_Proj/Dataset/Paul_Mooney/OCT2017/test/CNV/CNV-1730592-2.jpeg,,,Kermany,test,0,CNV,True,Kermany-test,0,CNV,1.0,2.9206404e-08,0.793239,0.06301025,1,-6.913591,False,-4.379176,False,-7.266301,False,-6.53567,False,False,True
/Users/yuhaowang/Documents/UCL/Term3_Proj/Dataset/Paul_Mooney/OCT2017/test/CNV/CNV-1731375-1.jpeg,,,Kermany,test,0,CNV,True,Kermany-test,0,CNV,1.0,1.3846488e-08,0.8737881,-1.1835555,1,-11.475981,False,-4.3791795,False,-7.266301,False,-9.66959,False,False,True
/Users/yuhaowang/Documents/UCL/Term3_Proj/Dataset/Paul_Mooney/OCT2017/test/CNV/CNV-1731375-2.jpeg,,,Kermany,test,0,CNV,True,Kermany-test,0,CNV,1.0,7.474523e-08,0.73526853,0.6532478,1,-4.0893383,False,-4.379165,False,-7.266301,False,-4.8137546,False,False,True
/Users/yuhaowang/Documents/UCL/Term3_Proj/Dataset/Paul_Mooney/OCT2017/test/CNV/CNV-1731375-3.jpeg,,,Kermany,test,0,CNV,True,Kermany-test,0,CNV,1.0,1.9206908e-07,0.8731958,-0.031807434,1,-9.732651,False,-4.3791375,False,-7.266301,False,-7.66018,False,False,True
/Users/yuhaowang/Documents/UCL/Term3_Proj/Dataset/Paul_Mooney/OCT2017/test/CNV/CNV-1784116-1.jpeg,,,Kermany,test,0,CNV,True,Kermany-test,0,CNV,1.0,6.110872e-08,0.7854032,0.34339333,1,-6.2316556,False,-4.3791685,False,-7.266301,False,-5.954178,False,False,True
/Users/yuhaowang/Documents/UCL/Term3_Proj/Dataset/Paul_Mooney/OCT2017/test/CNV/CNV-1894770-1.jpeg,,,Kermany,test,0,CNV,True,Kermany-test,0,CNV,1.0,2.1843516e-07,0.6828701,0.44613233,1,-2.6448274,False,-4.3791313,False,-7.266301,False,-4.5448785,False,False,True
/Users/yuhaowang/Documents/UCL/Term3_Proj/Dataset/Paul_Mooney/OCT2017/test/CNV/CNV-1894770-2.jpeg,,,Kermany,test,0,CNV,True,Kermany-test,0,CNV,1.0,0.00011383867,0.5104518,0.7830264,1,3.6323428,True,-4.3522773,False,-7.266301,False,-1.8745217,False,False,True
/Users/yuhaowang/Documents/UCL/Term3_Proj/Dataset/Paul_Mooney/OCT2017/test/CNV/CNV-1980926-1.jpeg,,,Kermany,test,0,CNV,True,Kermany-test,0,CNV,1.0,1.4008856e-09,0.9052173,0.44618344,1,-10.089541,False,-4.3791823,False,-7.266301,False,-7.2135763,False,False,True
/Users/yuhaowang/Documents/UCL/Term3_Proj/Dataset/Paul_Mooney/OCT2017/test/CNV/CNV-198660-1.jpeg,,,Kermany,test,0,CNV,True,Kermany-test,0,CNV,1.0,4.7698393e-08,0.8035214,0.030496374,1,-7.306528,False,-4.3791714,False,-7.266301,False,-6.7156076,False,False,True
/Users/yuhaowang/Documents/UCL/Term3_Proj/Dataset/Paul_Mooney/OCT2017/test/CNV/CNV-1997439-1.jpeg,,,Kermany,test,0,CNV,True,Kermany-test,0,CNV,1.0,2.98539e-06,0.8117769,-0.54741234,1,-8.447739,False,-4.378477,False,-7.266301,False,-7.8189783,False,False,True
/Users/yuhaowang/Documents/UCL/Term3_Proj/Dataset/Paul_Mooney/OCT2017/test/CNV/CNV-1997439-2.jpeg,,,Kermany,test,0,CNV,True,Kermany-test,0,CNV,1.0,2.0996708e-07,0.7235809,-0.054279737,1,-4.7567625,False,-4.379133,False,-7.266301,False,-5.903468,False,False,True
/Users/yuhaowang/Documents/UCL/Term3_Proj/Dataset/Paul_Mooney/OCT2017/test/CNV/CNV-1997439-3.jpeg,,,Kermany,test,0,CNV,True,Kermany-test,0,CNV,1.0,3.3375658e-10,0.9233615,-0.775767,1,-12.52561,False,-4.379183,False,-7.266301,False,-9.555677,False,False,True
/Users/yuhaowang/Documents/UCL/Term3_Proj/Dataset/Paul_Mooney/OCT2017/test/CNV/CNV-1997439-4.jpeg,,,Kermany,test,0,CNV,True,Kermany-test,0,CNV,1.0,2.436522e-09,0.84640795,-0.13994159,1,-8.997534,False,-4.3791823,False,-7.266301,False,-7.5266676,False,False,True
/Users/yuhaowang/Documents/UCL/Term3_Proj/Dataset/Paul_Mooney/OCT2017/test/CNV/CNV-1997439-5.jpeg,,,Kermany,test,0,CNV,True,Kermany-test,0,CNV,1.0,4.9407918e-06,0.88654864,0.2580559,1,-9.745982,False,-4.378015,False,-7.266301,False,-7.315896,False,False,True
/Users/yuhaowang/Documents/UCL/Term3_Proj/Dataset/Paul_Mooney/OCT2017/test/CNV/CNV-1997439-6.jpeg,,,Kermany,test,0,CNV,True,Kermany-test,0,CNV,1.0,2.692484e-10,0.8935594,-0.18452841,1,-10.643013,False,-4.379183,False,-7.266301,False,-8.170123,False,False,True
/Users/yuhaowang/Documents/UCL/Term3_Proj/Dataset/Paul_Mooney/OCT2017/test/CNV/CNV-1997439-7.jpeg,,,Kermany,test,0,CNV,True,Kermany-test,0,CNV,1.0,1.3979701e-08,0.79263175,-0.052899264,1,-7.0667076,False,-4.3791795,False,-7.266301,False,-6.729888,False,False,True
/Users/yuhaowang/Documents/UCL/Term3_Proj/Dataset/Paul_Mooney/OCT2017/test/CNV/CNV-2025105-1.jpeg,,,Kermany,test,0,CNV,True,Kermany-test,0,CNV,0.9999999,6.1300707e-06,0.5707666,0.20408775,1,0.7465024,True,-4.377734,False,-7.266301,False,-3.6193347,False,False,True
/Users/yuhaowang/Documents/UCL/Term3_Proj/Dataset/Paul_Mooney/OCT2017/test/CNV/CNV-204397-1.jpeg,,,Kermany,test,0,CNV,True,Kermany-test,0,CNV,1.0,1.09910445e-08,0.87799007,-0.023152104,1,-9.880222,False,-4.37918,False,-7.266301,False,-7.7027006,False,False,True
/Users/yuhaowang/Documents/UCL/Term3_Proj/Dataset/Paul_Mooney/OCT2017/test/CNV/CNV-2116022-1.jpeg,,,Kermany,test,0,CNV,True,Kermany-test,0,CNV,1.0,1.4982393e-10,0.8912647,-0.7294734,1,-11.381646,False,-4.379183,False,-7.266301,False,-9.089951,False,False,True
/Users/yuhaowang/Documents/UCL/Term3_Proj/Dataset/Paul_Mooney/OCT2017/test/CNV/CNV-2141150-1.jpeg,,,Kermany,test,0,CNV,True,Kermany-test,0,CNV,1.0,3.201329e-08,0.87194014,-0.5697733,1,-10.49563,False,-4.379175,False,-7.266301,False,-8.580366,False,False,True
/Users/yuhaowang/Documents/UCL/Term3_Proj/Dataset/Paul_Mooney/OCT2017/test/CNV/CNV-2141150-2.jpeg,,,Kermany,test,0,CNV,True,Kermany-test,0,CNV,1.0,3.232782e-08,0.84941286,0.69905007,1,-7.842662,False,-4.379175,False,-7.266301,False,-6.1041703,False,False,True
/Users/yuhaowang/Documents/UCL/Term3_Proj/Dataset/Paul_Mooney/OCT2017/test/CNV/CNV-2158821-1.jpeg,,,Kermany,test,0,CNV,True,Kermany-test,0,CNV,1.0,3.5079802e-07,0.81131595,-0.14206833,1,-7.8257403,False,-4.3791,False,-7.266301,False,-7.109121,False,False,True
/Users/yuhaowang/Documents/UCL/Term3_Proj/Dataset/Paul_Mooney/OCT2017/test/CNV/CNV-2158821-2.jpeg,,,Kermany,test,0,CNV,True,Kermany-test,0,CNV,1.0,2.1576734e-06,0.80520695,0.04962285,1,-7.334344,False,-4.3786726,False,-7.266301,False,-6.702306,False,False,True
/Users/yuhaowang/Documents/UCL/Term3_Proj/Dataset/Paul_Mooney/OCT2017/test/CNV/CNV-2168793-1.jpeg,,,Kermany,test,0,CNV,True,Kermany-test,0,CNV,1.0,1.8513035e-08,0.8107196,-0.038808998,1,-7.6512537,False,-4.3791785,False,-7.266301,False,-6.9224944,False,False,True
/Users/yuhaowang/Documents/UCL/Term3_Proj/Dataset/Paul_Mooney/OCT2017/test/CNV/CNV-2177326-1.jpeg,,,Kermany,test,0,CNV,True,Kermany-test,0,CNV,1.0,5.0391635e-11,0.9282208,-0.40094596,1,-12.127424,False,-4.379183,False,-7.266301,False,-8.962387,False,False,True
/Users/yuhaowang/Documents/UCL/Term3_Proj/Dataset/Paul_Mooney/OCT2017/test/CNV/CNV-218676-1.jpeg,,,Kermany,test,0,CNV,True,Kermany-test,0,CNV,1.0,2.030787e-09,0.8800777,-0.7877659,1,-11.094307,False,-4.3791823,False,-7.266301,False,-9.057016,False,False,True
/Users/yuhaowang/Documents/UCL/Term3_Proj/Dataset/Paul_Mooney/OCT2017/test/CNV/CNV-2192440-1.jpeg,,,Kermany,test,0,CNV,True,Kermany-test,0,CNV,1.0,4.5983883e-11,0.86002535,-2.161288,1,-12.478264,False,-4.379183,False,-7.266301,False,-11.204159,False,False,True
/Users/yuhaowang/Documents/UCL/Term3_Proj/Dataset/Paul_Mooney/OCT2017/test/CNV/CNV-2192440-2.jpeg,,,Kermany,test,0,CNV,True,Kermany-test,0,CNV,1.0,8.7458036e-14,0.9033888,-0.5522086,1,-11.522332,False,-4.379183,False,-7.266301,False,-8.927302,False,False,True
/Users/yuhaowang/Documents/UCL/Term3_Proj/Dataset/Paul_Mooney/OCT2017/test/CNV/CNV-2350851-1.jpeg,,,Kermany,test,0,CNV,True,Kermany-test,0,CNV,1.0,3.37646e-09,0.8440235,-0.8044935,1,-9.912146,False,-4.379182,False,-7.266301,False,-8.65335,False,False,True
/Users/yuhaowang/Documents/UCL/Term3_Proj/Dataset/Paul_Mooney/OCT2017/test/CNV/CNV-2438783-1.jpeg,,,Kermany,test,0,CNV,True,Kermany-test,0,CNV,1.0,1.4173036e-09,0.8839529,0.2804155,1,-9.62561,False,-4.3791823,False,-7.266301,False,-7.2465296,False,False,True
/Users/yuhaowang/Documents/UCL/Term3_Proj/Dataset/Paul_Mooney/OCT2017/test/CNV/CNV-2438783-2.jpeg,,,Kermany,test,0,CNV,True,Kermany-test,0,CNV,1.0,9.5015196e-08,0.85084265,0.21732466,1,-8.611399,False,-4.3791604,False,-7.266301,False,-6.958787,False,False,True
/Users/yuhaowang/Documents/UCL/Term3_Proj/Dataset/Paul_Mooney/OCT2017/test/CNV/CNV-2541184-1.jpeg,,,Kermany,test,0,CNV,True,Kermany-test,0,CNV,1.0,3.404819e-06,0.74184436,0.34523895,1,-4.7704253,False,-4.378378,False,-7.266301,False,-5.4277,False,False,True
/Users/yuhaowang/Documents/UCL/Term3_Proj/Dataset/Paul_Mooney/OCT2017/test/CNV/CNV-2632189-1.jpeg,,,Kermany,test,0,CNV,True,Kermany-test,0,CNV,1.0,3.726118e-07,0.80212474,-0.26830328,1,-7.706894,False,-4.3790946,False,-7.266301,False,-7.218254,False,False,True
/Users/yuhaowang/Documents/UCL/Term3_Proj/Dataset/Paul_Mooney/OCT2017/test/CNV/CNV-2692822-1.jpeg,,,Kermany,test,0,CNV,True,Kermany-test,0,CNV,1.0,2.0151718e-05,0.7035961,0.24214937,1,-3.6440353,False,-4.37442,False,-7.266301,False,-5.1455975,False,False,True
/Users/yuhaowang/Documents/UCL/Term3_Proj/Dataset/Paul_Mooney/OCT2017/test/CNV/CNV-2725524-1.jpeg,,,Kermany,test,0,CNV,True,Kermany-test,0,CNV,1.0,1.5273912e-08,0.9055578,-0.19251849,1,-11.056709,False,-4.379179,False,-7.266301,False,-8.328024,False,False,True
/Users/yuhaowang/Documents/UCL/Term3_Proj/Dataset/Paul_Mooney/OCT2017/test/CNV/CNV-2725524-2.jpeg,,,Kermany,test,0,CNV,True,Kermany-test,0,CNV,0.9999995,0.00014174503,0.46912268,0.3768979,1,4.4084153,True,-4.3456817,False,-7.266301,False,-2.0807707,False,False,True
/Users/yuhaowang/Documents/UCL/Term3_Proj/Dataset/Paul_Mooney/OCT2017/test/CNV/CNV-2760476-1.jpeg,,,Kermany,test,0,CNV,True,Kermany-test,0,CNV,0.9999784,0.0010439341,0.3489282,0.038339246,1,7.926228,True,-4.132452,False,-7.266301,False,-1.1060042,False,False,True
/Users/yuhaowang/Documents/UCL/Term3_Proj/Dataset/Paul_Mooney/OCT2017/test/CNV/CNV-2959614-1.jpeg,,,Kermany,test,0,CNV,True,Kermany-test,0,CNV,1.0,7.082426e-07,0.88829064,0.4364834,1,-9.537307,False,-4.3790154,False,-7.266301,False,-7.02718,False,False,True
/Users/yuhaowang/Documents/UCL/Term3_Proj/Dataset/Paul_Mooney/OCT2017/test/CNV/CNV-2959614-2.jpeg,,,Kermany,test,0,CNV,True,Kermany-test,0,CNV,1.0,2.283045e-06,0.8746195,-0.16955252,1,-9.986443,False,-4.378643,False,-7.266301,False,-7.9164534,False,False,True
/Users/yuhaowang/Documents/UCL/Term3_Proj/Dataset/Paul_Mooney/OCT2017/test/CNV/CNV-2959614-3.jpeg,,,Kermany,test,0,CNV,True,Kermany-test,0,CNV,1.0,9.409739e-09,0.83837336,0.43662032,1,-7.865735,False,-4.3791804,False,-7.266301,False,-6.4278955,False,False,True
/Users/yuhaowang/Documents/UCL/Term3_Proj/Dataset/Paul_Mooney/OCT2017/test/CNV/CNV-2959614-4.jpeg,,,Kermany,test,0,CNV,True,Kermany-test,0,CNV,1.0,4.5219986e-07,0.7180588,0.3997247,1,-3.8924873,False,-4.379076,False,-7.266301,False,-5.047884,False,False,True
/Users/yuhaowang/Documents/UCL/Term3_Proj/Dataset/Paul_Mooney/OCT2017/test/CNV/CNV-3030629-1.jpeg,,,Kermany,test,0,CNV,True,Kermany-test,0,CNV,1.0,6.2498174e-08,0.76576847,0.5037677,1,-5.3342443,False,-4.379168,False,-7.266301,False,-5.439703,False,False,True
/Users/yuhaowang/Documents/UCL/Term3_Proj/Dataset/Paul_Mooney/OCT2017/test/CNV/CNV-3080163-1.jpeg,,,Kermany,test,0,CNV,True,Kermany-test,0,CNV,1.0,5.101506e-07,0.8255823,0.47145826,1,-7.3853235,False,-4.379062,False,-7.266301,False,-6.2137375,False,False,True
/Users/yuhaowang/Documents/UCL/Term3_Proj/Dataset/Paul_Mooney/OCT2017/test/CNV/CNV-3080163-2.jpeg,,,Kermany,test,0,CNV,True,Kermany-test,0,CNV,1.0,2.3848565e-07,0.8616266,0.44114378,1,-8.637548,False,-4.3791265,False,-7.266301,False,-6.699102,False,False,True
/Users/yuhaowang/Documents/UCL/Term3_Proj/Dataset/Paul_Mooney/OCT2017/test/CNV/CNV-3119854-1.jpeg,,,Kermany,test,0,CNV,True,Kermany-test,0,CNV,1.0,2.3225644e-11,0.87722456,-0.7052799,1,-10.875341,False,-4.379183,False,-7.266301,False,-8.879372,False,False,True
/Users/yuhaowang/Documents/UCL/Term3_Proj/Dataset/Paul_Mooney/OCT2017/test/CNV/CNV-3163547-1.jpeg,,,Kermany,test,0,CNV,True,Kermany-test,0,CNV,1.0,1.7213286e-11,0.8857298,-0.04704144,1,-10.175118,False,-4.379183,False,-7.266301,False,-7.8371305,False,False,True
/Users/yuhaowang/Documents/UCL/Term3_Proj/Dataset/Paul_Mooney/OCT2017/test/CNV/CNV-3200277-1.jpeg,,,Kermany,test,0,CNV,True,Kermany-test,0,CNV,1.0,1.0366271e-08,0.86791825,-0.42075405,1,-10.13797,False,-4.3791804,False,-7.266301,False,-8.27303,False,False,True
/Users/yuhaowang/Documents/UCL/Term3_Proj/Dataset/Paul_Mooney/OCT2017/test/CNV/CNV-3200277-2.jpeg,,,Kermany,test,0,CNV,True,Kermany-test,0,CNV,1.0,3.993671e-09,0.9015317,-0.7586133,1,-11.76902,False,-4.379182,False,-7.266301,False,-9.26384,False,False,True
/Users/yuhaowang/Documents/UCL/Term3_Proj/Dataset/Paul_Mooney/OCT2017/test/CNV/CNV-3213586-1.jpeg,,,Kermany,test,0,CNV,True,Kermany-test,0,CNV,1.0,2.2188374e-07,0.8360403,0.437155,1,-7.786818,False,-4.3791304,False,-7.266301,False,-6.398935,False,False,True
/Users/yuhaowang/Documents/UCL/Term3_Proj/Dataset/Paul_Mooney/OCT2017/test/CNV/CNV-3241692-1.jpeg,,,Kermany,test,0,CNV,True,Kermany-test,0,CNV,0.9999999,6.1304854e-07,0.7986824,-0.63853204,1,-8.145653,False,-4.379038,False,-7.266301,False,-7.8205357,False,False,True
/Users/yuhaowang/Documents/UCL/Term3_Proj/Dataset/Paul_Mooney/OCT2017/test/CNV/CNV-3241692-2.jpeg,,,Kermany,test,0,CNV,True,Kermany-test,0,CNV,1.0,2.094545e-09,0.8522036,-1.4802885,1,-11.1973095,False,-4.3791823,False,-7.266301,False,-9.92638,False,False,True
/Users/yuhaowang/Documents/UCL/Term3_Proj/Dataset/Paul_Mooney/OCT2017/test/CNV/CNV-328435-1.jpeg,,,Kermany,test,0,CNV,True,Kermany-test,0,CNV,0.9999999,1.72297e-05,0.69200814,0.30945122,1,-3.1553264,False,-4.3751106,False,-7.266301,False,-4.8898997,False,False,True
/Users/yuhaowang/Documents/UCL/Term3_Proj/Dataset/Paul_Mooney/OCT2017/test/CNV/CNV-3300060-1.jpeg,,,Kermany,test,0,CNV,True,Kermany-test,0,CNV,1.0,1.8786413e-06,0.67052156,-0.7273161,1,-3.9873366,False,-4.378739,False,-7.266301,False,-6.4364433,False,False,True
/Users/yuhaowang/Documents/UCL/Term3_Proj/Dataset/Paul_Mooney/OCT2017/test/CNV/CNV-338282-1.jpeg,,,Kermany,test,0,CNV,True,Kermany-test,0,CNV,1.0,2.9639623e-06,0.80069417,-0.1248014,1,-7.4442554,False,-4.3784823,False,-7.266301,False,-6.9512634,False,False,True
/Users/yuhaowang/Documents/UCL/Term3_Proj/Dataset/Paul_Mooney/OCT2017/test/CNV/CNV-3424668-1.jpeg,,,Kermany,test,0,CNV,True,Kermany-test,0,CNV,1.0,6.504763e-08,0.8255575,0.1499025,1,-7.865674,False,-4.3791676,False,-7.266301,False,-6.7725134,False,False,True
/Users/yuhaowang/Documents/UCL/Term3_Proj/Dataset/Paul_Mooney/OCT2017/test/CNV/CNV-3432812-1.jpeg,,,Kermany,test,0,CNV,True,Kermany-test,0,CNV,1.0,6.034628e-08,0.9125393,0.5418498,1,-10.1915455,False,-4.3791685,False,-7.266301,False,-7.1351395,False,False,True
/Users/yuhaowang/Documents/UCL/Term3_Proj/Dataset/Paul_Mooney/OCT2017/test/CNV/CNV-3459091-1.jpeg,,,Kermany,test,0,CNV,True,Kermany-test,0,CNV,1.0,5.955404e-06,0.70632327,-0.056667086,1,-4.1825027,False,-4.377775,False,-7.266301,False,-5.6997123,False,False,True
/Users/yuhaowang/Documents/UCL/Term3_Proj/Dataset/Paul_Mooney/OCT2017/test/CNV/CNV-3541867-1.jpeg,,,Kermany,test,0,CNV,True,Kermany-test,0,CNV,1.0,5.88347e-08,0.84651315,0.3492822,1,-8.268972,False,-4.379169,False,-7.266301,False,-6.6774225,False,False,True
/Users/yuhaowang/Documents/UCL/Term3_Proj/Dataset/Paul_Mooney/OCT2017/test/CNV/CNV-3616460-1.jpeg,,,Kermany,test,0,CNV,True,Kermany-test,0,CNV,1.0,1.6010537e-10,0.9131546,-0.14859018,1,-11.245336,False,-4.379183,False,-7.266301,False,-8.34284,False,False,True
/Users/yuhaowang/Documents/UCL/Term3_Proj/Dataset/Paul_Mooney/OCT2017/test/CNV/CNV-3618489-1.jpeg,,,Kermany,test,0,CNV,True,Kermany-test,0,CNV,1.0,7.15816e-06,0.7681133,0.54859793,1,-5.345671,False,-4.377491,False,-7.266301,False,-5.3889623,False,False,True
/Users/yuhaowang/Documents/UCL/Term3_Proj/Dataset/Paul_Mooney/OCT2017/test/CNV/CNV-3618489-2.jpeg,,,Kermany,test,0,CNV,True,Kermany-test,0,CNV,1.0,9.4508096e-08,0.89362293,-0.3039814,1,-10.823893,False,-4.3791604,False,-7.266301,False,-8.378538,False,False,True
/Users/yuhaowang/Documents/UCL/Term3_Proj/Dataset/Paul_Mooney/OCT2017/test/CNV/CNV-364469-1.jpeg,,,Kermany,test,0,CNV,True,Kermany-test,0,CNV,1.0,1.0796479e-09,0.87296957,0.16744247,1,-9.426913,False,-4.379183,False,-7.266301,False,-7.3111,False,False,True
/Users/yuhaowang/Documents/UCL/Term3_Proj/Dataset/Paul_Mooney/OCT2017/test/CNV/CNV-364469-2.jpeg,,,Kermany,test,0,CNV,True,Kermany-test,0,CNV,1.0,1.4025453e-08,0.8588275,-0.42287064,1,-9.836754,False,-4.3791795,False,-7.266301,False,-8.167597,False,False,True
/Users/yuhaowang/Documents/UCL/Term3_Proj/Dataset/Paul_Mooney/OCT2017/test/CNV/CNV-364469-3.jpeg,,,Kermany,test,0,CNV,True,Kermany-test,0,CNV,1.0,1.1308196e-06,0.90174973,-0.0942448,1,-10.782146,False,-4.378916,False,-7.266301,False,-8.111322,False,False,True
/Users/yuhaowang/Documents/UCL/Term3_Proj/Dataset/Paul_Mooney/OCT2017/test/CNV/CNV-3734032-1.jpeg,,,Kermany,test,0,CNV,True,Kermany-test,0,CNV,1.0,6.723817e-10,0.8738251,-0.2242375,1,-10.041676,False,-4.379183,False,-7.266301,False,-8.002292,False,False,True
/Users/yuhaowang/Documents/UCL/Term3_Proj/Dataset/Paul_Mooney/OCT2017/test/CNV/CNV-375851-1.jpeg,,,Kermany,test,0,CNV,True,Kermany-test,0,CNV,1.0,2.3732637e-06,0.86434245,0.014020752,1,-9.367638,False,-4.378622,False,-7.266301,False,-7.4739532,False,False,True
/Users/yuhaowang/Documents/UCL/Term3_Proj/Dataset/Paul_Mooney/OCT2017/test/CNV/CNV-3847391-1.jpeg,,,Kermany,test,0,CNV,True,Kermany-test,0,CNV,1.0,7.3329065e-11,0.8713982,-1.5414888,1,-11.93158,False,-4.379183,False,-7.266301,False,-10.263163,False,False,True
/Users/yuhaowang/Documents/UCL/Term3_Proj/Dataset/Paul_Mooney/OCT2017/test/CNV/CNV-412653-1.jpeg,,,Kermany,test,0,CNV,True,Kermany-test,0,CNV,1.0,1.704997e-08,0.8655057,0.27925152,1,-9.009689,False,-4.379179,False,-7.266301,False,-7.0271354,False,False,True
/Users/yuhaowang/Documents/UCL/Term3_Proj/Dataset/Paul_Mooney/OCT2017/test/CNV/CNV-417468-1.jpeg,,,Kermany,test,0,CNV,True,Kermany-test,0,CNV,0.99999726,0.011773993,0.34545994,0.36426824,1,8.530083,True,-1.5964303,False,-7.266301,False,0.93761253,True,False,True
/Users/yuhaowang/Documents/UCL/Term3_Proj/Dataset/Paul_Mooney/OCT2017/test/CNV/CNV-4244160-1.jpeg,,,Kermany,test,0,CNV,True,Kermany-test,0,CNV,1.0,7.010017e-07,0.7692478,0.17737879,1,-5.9391556,False,-4.379017,False,-7.266301,False,-6.048795,False,False,True
/Users/yuhaowang/Documents/UCL/Term3_Proj/Dataset/Paul_Mooney/OCT2017/test/CNV/CNV-4244160-2.jpeg,,,Kermany,test,0,CNV,True,Kermany-test,0,CNV,1.0,2.9681269e-06,0.7584448,0.24245587,1,-5.4800596,False,-4.3784814,False,-7.266301,False,-5.805693,False,False,True
/Users/yuhaowang/Documents/UCL/Term3_Proj/Dataset/Paul_Mooney/OCT2017/test/CNV/CNV-4244160-3.jpeg,,,Kermany,test,0,CNV,True,Kermany-test,0,CNV,1.0,3.1144154e-09,0.9006934,-0.05497729,1,-10.688017,False,-4.379182,False,-7.266301,False,-8.030529,False,False,True
/Users/yuhaowang/Documents/UCL/Term3_Proj/Dataset/Paul_Mooney/OCT2017/test/CNV/CNV-4274486-1.jpeg,,,Kermany,test,0,CNV,True,Kermany-test,0,CNV,0.99999976,5.9619088e-06,0.5636039,0.15640777,1,0.9149809,True,-4.377774,False,-7.266301,False,-3.6162753,False,False,True
/Users/yuhaowang/Documents/UCL/Term3_Proj/Dataset/Paul_Mooney/OCT2017/test/CNV/CNV-4283050-1.jpeg,,,Kermany,test,0,CNV,True,Kermany-test,0,CNV,0.999676,0.05520566,0.35579494,-0.07408599,1,7.5280757,True,8.668531,True,-7.266301,False,5.8613973,True,True,True
/Users/yuhaowang/Documents/UCL/Term3_Proj/Dataset/Paul_Mooney/OCT2017/test/CNV/CNV-4283050-2.jpeg,,,Kermany,test,0,CNV,True,Kermany-test,0,CNV,1.0,4.261101e-06,0.8213925,0.13806488,1,-7.7439327,False,-4.3781757,False,-7.266301,False,-6.7425404,False,False,True
/Users/yuhaowang/Documents/UCL/Term3_Proj/Dataset/Paul_Mooney/OCT2017/test/CNV/CNV-4464785-1.jpeg,,,Kermany,test,0,CNV,True,Kermany-test,0,CNV,1.0,2.2026858e-10,0.89034474,-0.60615873,1,-11.166314,False,-4.379183,False,-7.266301,False,-8.86453,False,False,True
/Users/yuhaowang/Documents/UCL/Term3_Proj/Dataset/Paul_Mooney/OCT2017/test/CNV/CNV-451136-1.jpeg,,,Kermany,test,0,CNV,True,Kermany-test,0,CNV,1.0,1.23149135e-08,0.83842915,-0.97599864,1,-9.981474,False,-4.37918,False,-7.266301,False,-8.884357,False,False,True
/Users/yuhaowang/Documents/UCL/Term3_Proj/Dataset/Paul_Mooney/OCT2017/test/CNV/CNV-451136-2.jpeg,,,Kermany,test,0,CNV,True,Kermany-test,0,CNV,1.0,5.5887426e-08,0.7426903,-1.4271379,1,-7.450971,False,-4.3791695,False,-7.266301,False,-8.519523,False,False,True
/Users/yuhaowang/Documents/UCL/Term3_Proj/Dataset/Paul_Mooney/OCT2017/test/CNV/CNV-451136-3.jpeg,,,Kermany,test,0,CNV,True,Kermany-test,0,CNV,1.0,1.2184569e-07,0.84231687,0.22688028,1,-8.311633,False,-4.379154,False,-7.266301,False,-6.8398395,False,False,True
/Users/yuhaowang/Documents/UCL/Term3_Proj/Dataset/Paul_Mooney/OCT2017/test/CNV/CNV-451136-4.jpeg,,,Kermany,test,0,CNV,True,Kermany-test,0,CNV,1.0,7.293138e-12,0.88648355,-1.6413783,1,-12.586155,False,-4.379183,False,-7.266301,False,-10.617882,False,False,True
/Users/yuhaowang/Documents/UCL/Term3_Proj/Dataset/Paul_Mooney/OCT2017/test/CNV/CNV-451136-5.jpeg,,,Kermany,test,0,CNV,True,Kermany-test,0,CNV,1.0,2.638989e-06,0.76700765,0.04754782,1,-6.058432,False,-4.378559,False,-7.266301,False,-6.2473555,False,False,True
/Users/yuhaowang/Documents/UCL/Term3_Proj/Dataset/Paul_Mooney/OCT2017/test/CNV/CNV-451136-6.jpeg,,,Kermany,test,0,CNV,True,Kermany-test,0,CNV,1.0,2.4248347e-06,0.75138134,-0.23298478,1,-5.955015,False,-4.3786097,False,-7.266301,False,-6.547524,False,False,True
/Users/yuhaowang/Documents/UCL/Term3_Proj/Dataset/Paul_Mooney/OCT2017/test/CNV/CNV-451136-7.jpeg,,,Kermany,test,0,CNV,True,Kermany-test,0,CNV,1.0,2.9789025e-09,0.75703114,-0.43722013,1,-6.449808,False,-4.3791823,False,-7.266301,False,-6.9707174,False,False,True
/Users/yuhaowang/Documents/UCL/Term3_Proj/Dataset/Paul_Mooney/OCT2017/test/CNV/CNV-457527-1.jpeg,,,Kermany,test,0,CNV,True,Kermany-test,0,CNV,1.0,2.5485619e-08,0.816612,0.22106978,1,-7.4596596,False,-4.3791766,False,-7.266301,False,-6.5414267,False,False,True
/Users/yuhaowang/Documents/UCL/Term3_Proj/Dataset/Paul_Mooney/OCT2017/test/CNV/CNV-457907-1.jpeg,,,Kermany,test,0,CNV,True,Kermany-test,0,CNV,1.0,4.1304804e-10,0.8967308,-2.0544863,1,-13.547443,False,-4.379183,False,-7.266301,False,-11.459049,False,False,True
/Users/yuhaowang/Documents/UCL/Term3_Proj/Dataset/Paul_Mooney/OCT2017/test/CNV/CNV-460403-1.jpeg,,,Kermany,test,0,CNV,True,Kermany-test,0,CNV,1.0,5.8992737e-05,0.69442356,0.29029933,1,-3.2648604,False,-4.36524,False,-7.266301,False,-4.946599,False,False,True
/Users/yuhaowang/Documents/UCL/Term3_Proj/Dataset/Paul_Mooney/OCT2017/test/CNV/CNV-4643364-1.jpeg,,,Kermany,test,0,CNV,True,Kermany-test,0,CNV,1.0,2.0929258e-09,0.9177368,0.08532987,1,-11.0487175,False,-4.3791823,False,-7.266301,False,-7.9911766,False,False,True
/Users/yuhaowang/Documents/UCL/Term3_Proj/Dataset/Paul_Mooney/OCT2017/test/CNV/CNV-4674526-1.jpeg,,,Kermany,test,0,CNV,True,Kermany-test,0,CNV,1.0,2.5553595e-07,0.7708521,-0.66206217,1,-7.249029,False,-4.3791223,False,-7.266301,False,-7.527452,False,False,True
/Users/yuhaowang/Documents/UCL/Term3_Proj/Dataset/Paul_Mooney/OCT2017/test/CNV/CNV-4740418-1.jpeg,,,Kermany,test,0,CNV,True,Kermany-test,0,CNV,1.0,1.4982788e-08,0.7669299,0.10533368,1,-5.9693575,False,-4.379179,False,-7.266301,False,-6.1463146,False,False,True
/Users/yuhaowang/Documents/UCL/Term3_Proj/Dataset/Paul_Mooney/OCT2017/test/CNV/CNV-4775389-1.jpeg,,,Kermany,test,0,CNV,True,Kermany-test,0,CNV,1.0,7.645883e-08,0.8688971,0.05305026,1,-9.461734,False,-4.3791647,False,-7.266301,False,-7.4610767,False,False,True
/Users/yuhaowang/Documents/UCL/Term3_Proj/Dataset/Paul_Mooney/OCT2017/test/CNV/CNV-4884091-1.jpeg,,,Kermany,test,0,CNV,True,Kermany-test,0,CNV,1.0,2.1730676e-07,0.8767727,0.44116485,1,-9.144649,False,-4.3791313,False,-7.266301,False,-6.8808613,False,False,True
/Users/yuhaowang/Documents/UCL/Term3_Proj/Dataset/Paul_Mooney/OCT2017/test/CNV/CNV-4907724-1.jpeg,,,Kermany,test,0,CNV,True,Kermany-test,0,CNV,1.0,5.0453366e-08,0.7793592,0.47824368,1,-5.8274946,False,-4.379171,False,-7.266301,False,-5.6472025,False,False,True
/Users/yuhaowang/Documents/UCL/Term3_Proj/Dataset/Paul_Mooney/OCT2017/test/CNV/CNV-4974377-1.jpeg,,,Kermany,test,0,CNV,True,Kermany-test,0,CNV,1.0,9.683056e-09,0.85924184,-0.6163849,1,-10.140207,False,-4.3791804,False,-7.266301,False,-8.508989,False,False,True
/Users/yuhaowang/Documents/UCL/Term3_Proj/Dataset/Paul_Mooney/OCT2017/test/CNV/CNV-5054419-1.jpeg,,,Kermany,test,0,CNV,True,Kermany-test,0,CNV,1.0,1.2947751e-08,0.8542706,-1.4878435,1,-11.277823,False,-4.37918,False,-7.266301,False,-9.964323,False,False,True
/Users/yuhaowang/Documents/UCL/Term3_Proj/Dataset/Paul_Mooney/OCT2017/test/CNV/CNV-5054419-2.jpeg,,,Kermany,test,0,CNV,True,Kermany-test,0,CNV,1.0,8.8946095e-10,0.89408726,-1.6209302,1,-12.810148,False,-4.379183,False,-7.266301,False,-10.673597,False,False,True
/Users/yuhaowang/Documents/UCL/Term3_Proj/Dataset/Paul_Mooney/OCT2017/test/CNV/CNV-53018-1.jpeg,,,Kermany,test,0,CNV,True,Kermany-test,0,CNV,1.0,9.948726e-06,0.55733746,0.87207717,1,2.1957402,True,-4.3768315,False,-7.266301,False,-2.29636,False,False,True
/Users/yuhaowang/Documents/UCL/Term3_Proj/Dataset/Paul_Mooney/OCT2017/test/CNV/CNV-53018-2.jpeg,,,Kermany,test,0,CNV,True,Kermany-test,0,CNV,0.99999845,2.0467181e-05,0.4024155,0.5509717,1,6.9024405,True,-4.3743453,False,-7.266301,False,-0.99370956,False,False,True
/Users/yuhaowang/Documents/UCL/Term3_Proj/Dataset/Paul_Mooney/OCT2017/test/CNV/CNV-538779-1.jpeg,,,Kermany,test,0,CNV,True,Kermany-test,0,CNV,1.0,1.2487277e-08,0.84250253,0.10287006,1,-8.503422,False,-4.37918,False,-7.266301,False,-7.0576706,False,False,True
/Users/yuhaowang/Documents/UCL/Term3_Proj/Dataset/Paul_Mooney/OCT2017/test/CNV/CNV-538779-2.jpeg,,,Kermany,test,0,CNV,True,Kermany-test,0,CNV,1.0,2.4467582e-08,0.8931421,-0.48108932,1,-11.072821,False,-4.379177,False,-7.266301,False,-8.680673,False,False,True
/Users/yuhaowang/Documents/UCL/Term3_Proj/Dataset/Paul_Mooney/OCT2017/test/CNV/CNV-5409617-1.jpeg,,,Kermany,test,0,CNV,True,Kermany-test,0,CNV,1.0,3.260302e-10,0.8401208,-0.64274865,1,-9.539433,False,-4.379183,False,-7.266301,False,-8.325319,False,False,True
/Users/yuhaowang/Documents/UCL/Term3_Proj/Dataset/Paul_Mooney/OCT2017/test/CNV/CNV-5429703-1.jpeg,,,Kermany,test,0,CNV,True,Kermany-test,0,CNV,1.0,3.6445118e-12,0.90359527,-0.13276951,1,-10.901588,False,-4.379183,False,-7.266301,False,-8.2006,False,False,True
/Users/yuhaowang/Documents/UCL/Term3_Proj/Dataset/Paul_Mooney/OCT2017/test/CNV/CNV-5429703-2.jpeg,,,Kermany,test,0,CNV,True,Kermany-test,0,CNV,1.0,3.0105584e-14,0.92402816,-0.67620385,1,-12.398943,False,-4.379183,False,-7.266301,False,-9.390591,False,False,True
/Users/yuhaowang/Documents/UCL/Term3_Proj/Dataset/Paul_Mooney/OCT2017/test/CNV/CNV-5431636-1.jpeg,,,Kermany,test,0,CNV,True,Kermany-test,0,CNV,1.0,2.697725e-07,0.7726727,0.050930638,1,-6.2430515,False,-4.379119,False,-7.266301,False,-6.3097873,False,False,True
/Users/yuhaowang/Documents/UCL/Term3_Proj/Dataset/Paul_Mooney/OCT2017/test/CNV/CNV-5431636-2.jpeg,,,Kermany,test,0,CNV,True,Kermany-test,0,CNV,1.0,1.1363584e-11,0.91555196,-0.48309729,1,-11.826168,False,-4.379183,False,-7.266301,False,-8.953145,False,False,True
/Users/yuhaowang/Documents/UCL/Term3_Proj/Dataset/Paul_Mooney/OCT2017/test/CNV/CNV-5457415-1.jpeg,,,Kermany,test,0,CNV,True,Kermany-test,0,CNV,1.0,6.768154e-13,0.9168529,-0.07809941,1,-11.263681,False,-4.379183,False,-7.266301,False,-8.264684,False,False,True
/Users/yuhaowang/Documents/UCL/Term3_Proj/Dataset/Paul_Mooney/OCT2017/test/CNV/CNV-5536678-1.jpeg,,,Kermany,test,0,CNV,True,Kermany-test,0,CNV,1.0,5.941658e-09,0.9096908,-0.73938787,1,-12.013439,False,-4.3791814,False,-7.266301,False,-9.328347,False,False,True
/Users/yuhaowang/Documents/UCL/Term3_Proj/Dataset/Paul_Mooney/OCT2017/test/CNV/CNV-5536678-2.jpeg,,,Kermany,test,0,CNV,True,Kermany-test,0,CNV,1.0,3.5787018e-10,0.7985191,0.08645898,1,-7.055293,False,-4.379183,False,-7.266301,False,-6.558284,False,False,True
/Users/yuhaowang/Documents/UCL/Term3_Proj/Dataset/Paul_Mooney/OCT2017/test/CNV/CNV-5557306-1.jpeg,,,Kermany,test,0,CNV,True,Kermany-test,0,CNV,1.0,2.334842e-08,0.88529843,0.4206738,1,-9.460777,False,-4.379177,False,-7.266301,False,-7.0188417,False,False,True
/Users/yuhaowang/Documents/UCL/Term3_Proj/Dataset/Paul_Mooney/OCT2017/test/CNV/CNV-5594757-1.jpeg,,,Kermany,test,0,CNV,True,Kermany-test,0,CNV,0.99999964,0.0006287602,0.6209807,-0.39030203,1,-1.8242583,False,-4.230577,False,-7.266301,False,-5.172075,False,False,True
/Users/yuhaowang/Documents/UCL/Term3_Proj/Dataset/Paul_Mooney/OCT2017/test/CNV/CNV-5594757-2.jpeg,,,Kermany,test,0,CNV,True,Kermany-test,0,CNV,1.0,1.0445902e-08,0.7823851,-0.26576373,1,-7.042157,False,-4.3791804,False,-7.266301,False,-6.9769597,False,False,True
/Users/yuhaowang/Documents/UCL/Term3_Proj/Dataset/Paul_Mooney/OCT2017/test/CNV/CNV-5603164-1.jpeg,,,Kermany,test,0,CNV,True,Kermany-test,0,CNV,1.0,6.7369754e-09,0.88801116,-1.4118415,1,-12.293819,False,-4.3791814,False,-7.266301,False,-10.237173,False,False,True
/Users/yuhaowang/Documents/UCL/Term3_Proj/Dataset/Paul_Mooney/OCT2017/test/CNV/CNV-564246-1.jpeg,,,Kermany,test,0,CNV,True,Kermany-test,0,CNV,1.0,4.4385815e-06,0.4884946,-0.646844,1,2.2278423,True,-4.378134,False,-7.266301,False,-4.111396,False,False,True
/Users/yuhaowang/Documents/UCL/Term3_Proj/Dataset/Paul_Mooney/OCT2017/test/CNV/CNV-5674369-1.jpeg,,,Kermany,test,0,CNV,True,Kermany-test,0,CNV,1.0,2.1625112e-07,0.80731183,-0.7785788,1,-8.644158,False,-4.379132,False,-7.266301,False,-8.167631,False,False,True
/Users/yuhaowang/Documents/UCL/Term3_Proj/Dataset/Paul_Mooney/OCT2017/test/CNV/CNV-5674369-2.jpeg,,,Kermany,test,0,CNV,True,Kermany-test,0,CNV,1.0,0.00024050969,0.5648375,-0.46141616,1,-0.050848484,False,-4.322339,False,-7.266301,False,-4.673774,False,False,True
/Users/yuhaowang/Documents/UCL/Term3_Proj/Dataset/Paul_Mooney/OCT2017/test/CNV/CNV-5674369-3.jpeg,,,Kermany,test,0,CNV,True,Kermany-test,0,CNV,1.0,2.8528646e-10,0.90803605,-0.35225275,1,-11.378717,False,-4.379183,False,-7.266301,False,-8.635465,False,False,True
/Users/yuhaowang/Documents/UCL/Term3_Proj/Dataset/Paul_Mooney/OCT2017/test/CNV/CNV-5674369-4.jpeg,,,Kermany,test,0,CNV,True,Kermany-test,0,CNV,1.0,4.917162e-09,0.8643174,-0.7999197,1,-10.584796,False,-4.379182,False,-7.266301,False,-8.888979,False,False,True
/Users/yuhaowang/Documents/UCL/Term3_Proj/Dataset/Paul_Mooney/OCT2017/test/CNV/CNV-5674369-5.jpeg,,,Kermany,test,0,CNV,True,Kermany-test,0,CNV,1.0,8.043899e-10,0.90411586,0.42519212,1,-10.084074,False,-4.379183,False,-7.266301,False,-7.236849,False,False,True
/Users/yuhaowang/Documents/UCL/Term3_Proj/Dataset/Paul_Mooney/OCT2017/test/CNV/CNV-5760454-1.jpeg,,,Kermany,test,0,CNV,True,Kermany-test,0,CNV,1.0,2.781976e-07,0.6831834,0.12625605,1,-3.133986,False,-4.379117,False,-7.266301,False,-5.1047254,False,False,True
/Users/yuhaowang/Documents/UCL/Term3_Proj/Dataset/Paul_Mooney/OCT2017/test/CNV/CNV-5813701-1.jpeg,,,Kermany,test,0,CNV,True,Kermany-test,0,CNV,1.0,1.6618475e-09,0.8559612,-0.19790614,1,-9.404142,False,-4.3791823,False,-7.266301,False,-7.742101,False,False,True
/Users/yuhaowang/Documents/UCL/Term3_Proj/Dataset/Paul_Mooney/OCT2017/test/CNV/CNV-5813701-2.jpeg,,,Kermany,test,0,CNV,True,Kermany-test,0,CNV,1.0,1.0329404e-05,0.78590184,-0.22877681,1,-7.104559,False,-4.3767414,False,-7.266301,False,-6.953489,False,False,True
/Users/yuhaowang/Documents/UCL/Term3_Proj/Dataset/Paul_Mooney/OCT2017/test/CNV/CNV-5813701-3.jpeg,,,Kermany,test,0,CNV,True,Kermany-test,0,CNV,0.9999999,0.00012593009,0.67352116,-0.2665419,1,-3.3982596,False,-4.3494196,False,-7.266301,False,-5.6548114,False,False,True
/Users/yuhaowang/Documents/UCL/Term3_Proj/Dataset/Paul_Mooney/OCT2017/test/CNV/CNV-5824631-1.jpeg,,,Kermany,test,0,CNV,True,Kermany-test,0,CNV,1.0,7.7118375e-07,0.6607141,-0.0017848592,1,-2.5732563,False,-4.3790007,False,-7.266301,False,-5.0575633,False,False,True
/Users/yuhaowang/Documents/UCL/Term3_Proj/Dataset/Paul_Mooney/OCT2017/test/CNV/CNV-5861916-1.jpeg,,,Kermany,test,0,CNV,True,Kermany-test,0,CNV,1.0,4.987476e-06,0.5825029,0.38635662,1,0.6262903,True,-4.378004,False,-7.266301,False,-3.4434855,False,False,True
/Users/yuhaowang/Documents/UCL/Term3_Proj/Dataset/Paul_Mooney/OCT2017/test/CNV/CNV-5861916-2.jpeg,,,Kermany,test,0,CNV,True,Kermany-test,0,CNV,1.0,1.1905477e-06,0.6965267,0.09888999,1,-3.6217084,False,-4.3789015,False,-7.266301,False,-5.312334,False,False,True
/Users/yuhaowang/Documents/UCL/Term3_Proj/Dataset/Paul_Mooney/OCT2017/test/CNV/CNV-5861916-3.jpeg,,,Kermany,test,0,CNV,True,Kermany-test,0,CNV,1.0,1.0725253e-06,0.6845541,0.18090782,1,-3.0980997,False,-4.378929,False,-7.266301,False,-5.026061,False,False,True
/Users/yuhaowang/Documents/UCL/Term3_Proj/Dataset/Paul_Mooney/OCT2017/test/CNV/CNV-5861916-4.jpeg,,,Kermany,test,0,CNV,True,Kermany-test,0,CNV,1.0,4.515453e-06,0.7521858,0.067158505,1,-5.532811,False,-4.3781157,False,-7.266301,False,-6.0351105,False,False,True
/Users/yuhaowang/Documents/UCL/Term3_Proj/Dataset/Paul_Mooney/OCT2017/test/CNV/CNV-5861916-5.jpeg,,,Kermany,test,0,CNV,True,Kermany-test,0,CNV,1.0,4.361802e-06,0.69678706,0.70214367,1,-2.7277048,False,-4.378152,False,-7.266301,False,-4.2662973,False,False,True
/Users/yuhaowang/Documents/UCL/Term3_Proj/Dataset/Paul_Mooney/OCT2017/test/CNV/CNV-5904584-1.jpeg,,,Kermany,test,0,CNV,True,Kermany-test,0,CNV,0.999974,0.009450274,0.525029,-0.3323122,1,1.4752431,True,-2.1456354,False,-7.266301,False,-2.7395232,False,False,True
/Users/yuhaowang/Documents/UCL/Term3_Proj/Dataset/Paul_Mooney/OCT2017/test/CNV/CNV-5904584-2.jpeg,,,Kermany,test,0,CNV,True,Kermany-test,0,CNV,1.0,1.4419058e-08,0.87364435,0.10807988,1,-9.538338,False,-4.3791795,False,-7.266301,False,-7.4223976,False,False,True
/Users/yuhaowang/Documents/UCL/Term3_Proj/Dataset/Paul_Mooney/OCT2017/test/CNV/CNV-5904584-3.jpeg,,,Kermany,test,0,CNV,True,Kermany-test,0,CNV,1.0,8.848558e-05,0.6147074,0.46330854,1,-0.33685207,False,-4.3582697,False,-7.266301,False,-3.6850772,False,False,True
/Users/yuhaowang/Documents/UCL/Term3_Proj/Dataset/Paul_Mooney/OCT2017/test/CNV/CNV-5969175-1.jpeg,,,Kermany,test,0,CNV,True,Kermany-test,0,CNV,1.0,2.0416792e-08,0.8181659,0.06845686,1,-7.740061,False,-4.379178,False,-7.266301,False,-6.8253913,False,False,True
/Users/yuhaowang/Documents/UCL/Term3_Proj/Dataset/Paul_Mooney/OCT2017/test/CNV/CNV-5969175-2.jpeg,,,Kermany,test,0,CNV,True,Kermany-test,0,CNV,1.0,6.6328644e-12,0.9019607,0.14165534,1,-10.436203,False,-4.379183,False,-7.266301,False,-7.703901,False,False,True
/Users/yuhaowang/Documents/UCL/Term3_Proj/Dataset/Paul_Mooney/OCT2017/test/CNV/CNV-6053140-1.jpeg,,,Kermany,test,0,CNV,True,Kermany-test,0,CNV,0.99999726,9.908242e-05,0.75825995,0.4718986,1,-5.1305285,False,-4.355765,False,-7.266301,False,-5.3917384,False,False,True
/Users/yuhaowang/Documents/UCL/Term3_Proj/Dataset/Paul_Mooney/OCT2017/test/CNV/CNV-6190971-1.jpeg,,,Kermany,test,0,CNV,True,Kermany-test,0,CNV,0.99999905,8.649117e-05,0.3687777,-0.036048938,1,7.1502976,True,-4.358741,False,-7.266301,False,-1.6016505,False,False,True
/Users/yuhaowang/Documents/UCL/Term3_Proj/Dataset/Paul_Mooney/OCT2017/test/CNV/CNV-6215140-1.jpeg,,,Kermany,test,0,CNV,True,Kermany-test,0,CNV,1.0,1.4405792e-08,0.88870656,-0.7011619,1,-11.253628,False,-4.3791795,False,-7.266301,False,-9.010025,False,False,True
/Users/yuhaowang/Documents/UCL/Term3_Proj/Dataset/Paul_Mooney/OCT2017/test/CNV/CNV-6215140-2.jpeg,,,Kermany,test,0,CNV,True,Kermany-test,0,CNV,1.0,4.1576172e-08,0.8341884,-0.82608175,1,-9.615144,False,-4.379173,False,-7.266301,False,-8.572828,False,False,True
/Users/yuhaowang/Documents/UCL/Term3_Proj/Dataset/Paul_Mooney/OCT2017/test/CNV/CNV-624911-1.jpeg,,,Kermany,test,0,CNV,True,Kermany-test,0,CNV,1.0,5.0686776e-07,0.7780539,-0.72300833,1,-7.5813656,False,-4.379063,False,-7.266301,False,-7.719812,False,False,True
/Users/yuhaowang/Documents/UCL/Term3_Proj/Dataset/Paul_Mooney/OCT2017/test/CNV/CNV-624911-2.jpeg,,,Kermany,test,0,CNV,True,Kermany-test,0,CNV,1.0,1.7632175e-08,0.81698036,-0.6130644,1,-8.720208,False,-4.3791785,False,-7.266301,False,-7.995965,False,False,True
/Users/yuhaowang/Documents/UCL/Term3_Proj/Dataset/Paul_Mooney/OCT2017/test/CNV/CNV-624911-3.jpeg,,,Kermany,test,0,CNV,True,Kermany-test,0,CNV,1.0,2.5338687e-07,0.8059321,-0.38022128,1,-8.001851,False,-4.3791227,False,-7.266301,False,-7.4585347,False,False,True
/Users/yuhaowang/Documents/UCL/Term3_Proj/Dataset/Paul_Mooney/OCT2017/test/CNV/CNV-6256161-1.jpeg,,,Kermany,test,0,CNV,True,Kermany-test,0,CNV,0.99999976,0.0002170729,0.66094023,0.5344085,1,-1.7784572,False,-4.327878,False,-7.266301,False,-4.099188,False,False,True
/Users/yuhaowang/Documents/UCL/Term3_Proj/Dataset/Paul_Mooney/OCT2017/test/CNV/CNV-732516-1.jpeg,,,Kermany,test,0,CNV,True,Kermany-test,0,CNV,1.0,8.351208e-09,0.8346008,0.28074527,1,-7.9726744,False,-4.379181,False,-7.266301,False,-6.653599,False,False,True
/Users/yuhaowang/Documents/UCL/Term3_Proj/Dataset/Paul_Mooney/OCT2017/test/CNV/CNV-732516-2.jpeg,,,Kermany,test,0,CNV,True,Kermany-test,0,CNV,1.0,1.5769473e-07,0.8752527,0.39675066,1,-9.160218,False,-4.3791456,False,-7.266301,False,-6.9398384,False,False,True
/Users/yuhaowang/Documents/UCL/Term3_Proj/Dataset/Paul_Mooney/OCT2017/test/CNV/CNV-732516-3.jpeg,,,Kermany,test,0,CNV,True,Kermany-test,0,CNV,1.0,3.6061683e-05,0.84225845,0.160088,1,-8.409627,False,-4.37066,False,-7.266301,False,-6.9504466,False,False,True
/Users/yuhaowang/Documents/UCL/Term3_Proj/Dataset/Paul_Mooney/OCT2017/test/CNV/CNV-732516-4.jpeg,,,Kermany,test,0,CNV,True,Kermany-test,0,CNV,1.0,1.4009487e-08,0.86635387,0.30984387,1,-8.99231,False,-4.3791795,False,-7.266301,False,-6.9841323,False,False,True
/Users/yuhaowang/Documents/UCL/Term3_Proj/Dataset/Paul_Mooney/OCT2017/test/CNV/CNV-743852-1.jpeg,,,Kermany,test,0,CNV,True,Kermany-test,0,CNV,0.99999714,0.0010929955,0.29578826,0.08930479,1,9.781765,True,-4.1208563,False,-7.266301,False,-0.37301874,False,False,True
/Users/yuhaowang/Documents/UCL/Term3_Proj/Dataset/Paul_Mooney/OCT2017/test/CNV/CNV-776149-1.jpeg,,,Kermany,test,0,CNV,True,Kermany-test,0,CNV,1.0,6.752879e-08,0.7926267,-0.58047456,1,-7.8560123,False,-4.3791666,False,-7.266301,False,-7.6469927,False,False,True
/Users/yuhaowang/Documents/UCL/Term3_Proj/Dataset/Paul_Mooney/OCT2017/test/CNV/CNV-779442-1.jpeg,,,Kermany,test,0,CNV,True,Kermany-test,0,CNV,1.0,1.1649448e-08,0.8142641,-0.4330673,1,-8.35991,False,-4.37918,False,-7.266301,False,-7.650444,False,False,True
/Users/yuhaowang/Documents/UCL/Term3_Proj/Dataset/Paul_Mooney/OCT2017/test/CNV/CNV-779442-2.jpeg,,,Kermany,test,0,CNV,True,Kermany-test,0,CNV,1.0,2.9449225e-08,0.82824284,0.2010456,1,-7.879056,False,-4.379176,False,-7.266301,False,-6.715839,False,False,True
/Users/yuhaowang/Documents/UCL/Term3_Proj/Dataset/Paul_Mooney/OCT2017/test/CNV/CNV-779442-3.jpeg,,,Kermany,test,0,CNV,True,Kermany-test,0,CNV,1.0,6.3250695e-08,0.86507744,0.10093308,1,-9.262189,False,-4.3791676,False,-7.266301,False,-7.33199,False,False,True
/Users/yuhaowang/Documents/UCL/Term3_Proj/Dataset/Paul_Mooney/OCT2017/test/CNV/CNV-781814-1.jpeg,,,Kermany,test,0,CNV,True,Kermany-test,0,CNV,1.0,2.0053903e-08,0.76538163,-0.1591704,1,-6.313326,False,-4.379178,False,-7.266301,False,-6.5875626,False,False,True
/Users/yuhaowang/Documents/UCL/Term3_Proj/Dataset/Paul_Mooney/OCT2017/test/CNV/CNV-794538-1.jpeg,,,Kermany,test,0,CNV,True,Kermany-test,0,CNV,1.0,9.770716e-06,0.8241759,0.49291474,1,-7.3061247,False,-4.3768735,False,-7.266301,False,-6.1583166,False,False,True
/Users/yuhaowang/Documents/UCL/Term3_Proj/Dataset/Paul_Mooney/OCT2017/test/CNV/CNV-794538-2.jpeg,,,Kermany,test,0,CNV,True,Kermany-test,0,CNV,1.0,1.81128e-08,0.7126229,-0.11005373,1,-4.47332,False,-4.3791785,False,-7.266301,False,-5.86893,False,False,True
/Users/yuhaowang/Documents/UCL/Term3_Proj/Dataset/Paul_Mooney/OCT2017/test/CNV/CNV-81630-1.jpeg,,,Kermany,test,0,CNV,True,Kermany-test,0,CNV,1.0,1.808807e-07,0.8648334,-0.12864384,1,-9.597563,False,-4.37914,False,-7.266301,False,-7.728157,False,False,True
/Users/yuhaowang/Documents/UCL/Term3_Proj/Dataset/Paul_Mooney/OCT2017/test/CNV/CNV-81630-2.jpeg,,,Kermany,test,0,CNV,True,Kermany-test,0,CNV,1.0,8.284278e-09,0.79874974,-1.3912357,1,-9.274269,False,-4.379181,False,-7.266301,False,-9.129976,False,False,True
/Users/yuhaowang/Documents/UCL/Term3_Proj/Dataset/Paul_Mooney/OCT2017/test/CNV/CNV-81630-3.jpeg,,,Kermany,test,0,CNV,True,Kermany-test,0,CNV,1.0,2.3961055e-10,0.86602247,-0.47720364,1,-10.158967,False,-4.379183,False,-7.266301,False,-8.348413,False,False,True
/Users/yuhaowang/Documents/UCL/Term3_Proj/Dataset/Paul_Mooney/OCT2017/test/CNV/CNV-81630-4.jpeg,,,Kermany,test,0,CNV,True,Kermany-test,0,CNV,0.9999995,9.707903e-06,0.6499835,0.46066412,1,-1.5219498,False,-4.3768883,False,-7.266301,False,-4.12362,False,False,True
/Users/yuhaowang/Documents/UCL/Term3_Proj/Dataset/Paul_Mooney/OCT2017/test/CNV/CNV-827677-1.jpeg,,,Kermany,test,0,CNV,True,Kermany-test,0,CNV,1.0,0.0013613189,0.7034645,-2.335135,1,-7.496329,False,-4.057439,False,-7.266301,False,-9.445134,False,False,True
/Users/yuhaowang/Documents/UCL/Term3_Proj/Dataset/Paul_Mooney/OCT2017/test/CNV/CNV-830921-1.jpeg,,,Kermany,test,0,CNV,True,Kermany-test,0,CNV,1.0,1.954884e-10,0.84530437,-0.19756988,1,-9.046819,False,-4.379183,False,-7.266301,False,-7.613607,False,False,True
/Users/yuhaowang/Documents/UCL/Term3_Proj/Dataset/Paul_Mooney/OCT2017/test/CNV/CNV-865813-1.jpeg,,,Kermany,test,0,CNV,True,Kermany-test,0,CNV,1.0,8.826717e-10,0.9027354,-0.02568649,1,-10.712557,False,-4.379183,False,-7.266301,False,-8.004118,False,False,True
/Users/yuhaowang/Documents/UCL/Term3_Proj/Dataset/Paul_Mooney/OCT2017/test/CNV/CNV-904464-1.jpeg,,,Kermany,test,0,CNV,True,Kermany-test,0,CNV,1.0,4.567685e-09,0.8413328,-1.1602969,1,-10.354484,False,-4.379182,False,-7.266301,False,-9.239607,False,False,True
/Users/yuhaowang/Documents/UCL/Term3_Proj/Dataset/Paul_Mooney/OCT2017/test/CNV/CNV-904464-2.jpeg,,,Kermany,test,0,CNV,True,Kermany-test,0,CNV,1.0,4.113616e-09,0.88471544,-0.7110935,1,-11.134856,False,-4.379182,False,-7.266301,False,-8.979388,False,False,True
/Users/yuhaowang/Documents/UCL/Term3_Proj/Dataset/Paul_Mooney/OCT2017/test/CNV/CNV-904464-3.jpeg,,,Kermany,test,0,CNV,True,Kermany-test,0,CNV,1.0,2.4275515e-09,0.8871146,0.11832914,1,-9.974022,False,-4.3791823,False,-7.266301,False,-7.56626,False,False,True
/Users/yuhaowang/Documents/UCL/Term3_Proj/Dataset/Paul_Mooney/OCT2017/test/CNV/CNV-904464-4.jpeg,,,Kermany,test,0,CNV,True,Kermany-test,0,CNV,0.99999964,2.5329326e-05,0.7076625,0.18738338,1,-3.8621426,False,-4.373196,False,-7.266301,False,-5.2889214,False,False,True
/Users/yuhaowang/Documents/UCL/Term3_Proj/Dataset/Paul_Mooney/OCT2017/test/CNV/CNV-909994-1.jpeg,,,Kermany,test,0,CNV,True,Kermany-test,0,CNV,1.0,3.0442237e-08,0.87966675,0.10179619,1,-9.749388,False,-4.3791757,False,-7.266301,False,-7.5056043,False,False,True
/Users/yuhaowang/Documents/UCL/Term3_Proj/Dataset/Paul_Mooney/OCT2017/test/CNV/CNV-933576-1.jpeg,,,Kermany,test,0,CNV,True,Kermany-test,0,CNV,1.0,4.341078e-08,0.8667534,-0.096511655,1,-9.613766,False,-4.3791723,False,-7.266301,False,-7.6953597,False,False,True
/Users/yuhaowang/Documents/UCL/Term3_Proj/Dataset/Paul_Mooney/OCT2017/test/CNV/CNV-933576-2.jpeg,,,Kermany,test,0,CNV,True,Kermany-test,0,CNV,1.0,6.012659e-09,0.914609,0.2803125,1,-10.652214,False,-4.3791814,False,-7.266301,False,-7.614663,False,False,True
/Users/yuhaowang/Documents/UCL/Term3_Proj/Dataset/Paul_Mooney/OCT2017/test/CNV/CNV-933576-3.jpeg,,,Kermany,test,0,CNV,True,Kermany-test,0,CNV,1.0,2.23516e-08,0.865837,0.62715733,1,-8.500168,False,-4.3791776,False,-7.266301,False,-6.4262877,False,False,True
/Users/yuhaowang/Documents/UCL/Term3_Proj/Dataset/Paul_Mooney/OCT2017/test/CNV/CNV-933576-4.jpeg,,,Kermany,test,0,CNV,True,Kermany-test,0,CNV,1.0,4.3821256e-06,0.76880556,0.4358124,1,-5.5376244,False,-4.378147,False,-7.266301,False,-5.5937166,False,False,True
/Users/yuhaowang/Documents/UCL/Term3_Proj/Dataset/Paul_Mooney/OCT2017/test/CNV/CNV-954024-1.jpeg,,,Kermany,test,0,CNV,True,Kermany-test,0,CNV,1.0,7.242214e-09,0.7097835,-0.3714785,1,-4.7694507,False,-4.379181,False,-7.266301,False,-6.2893295,False,False,True
/Users/yuhaowang/Documents/UCL/Term3_Proj/Dataset/Paul_Mooney/OCT2017/test/CNV/CNV-987193-1.jpeg,,,Kermany,test,0,CNV,True,Kermany-test,0,CNV,1.0,1.3801318e-06,0.83187324,-1.1522573,1,-10.025722,False,-4.3788567,False,-7.266301,False,-9.111907,False,False,True
/Users/yuhaowang/Documents/UCL/Term3_Proj/Dataset/Paul_Mooney/OCT2017/test/CNV/CNV-987193-2.jpeg,,,Kermany,test,0,CNV,True,Kermany-test,0,CNV,1.0,1.0973355e-07,0.87572163,-0.41825905,1,-10.395515,False,-4.379157,False,-7.266301,False,-8.362341,False,False,True
/Users/yuhaowang/Documents/UCL/Term3_Proj/Dataset/Paul_Mooney/OCT2017/test/CNV/CNV-995513-1.jpeg,,,Kermany,test,0,CNV,True,Kermany-test,0,CNV,1.0,2.2568187e-08,0.8668659,0.51429224,1,-8.703512,False,-4.3791776,False,-7.266301,False,-6.6348495,False,False,True
/Users/yuhaowang/Documents/UCL/Term3_Proj/Dataset/Paul_Mooney/OCT2017/test/DME/DME-1081406-1.jpeg,,,Kermany,test,1,DME,True,Kermany-test,1,DME,0.99988186,0.00018219324,0.6889373,0.39492035,1,-2.9246087,False,-4.336122,False,-7.266301,False,-4.682389,False,False,True
/Users/yuhaowang/Documents/UCL/Term3_Proj/Dataset/Paul_Mooney/OCT2017/test/DME/DME-1102486-1.jpeg,,,Kermany,test,1,DME,True,Kermany-test,1,DME,0.9999989,2.1585547e-06,0.7422086,0.6177191,1,-4.3748765,False,-4.3786726,False,-7.266301,False,-4.958541,False,False,True
/Users/yuhaowang/Documents/UCL/Term3_Proj/Dataset/Paul_Mooney/OCT2017/test/DME/DME-1102486-2.jpeg,,,Kermany,test,1,DME,True,Kermany-test,1,DME,0.9999981,1.599484e-05,0.72742534,0.7326164,1,-3.7079577,False,-4.3754025,False,-7.266301,False,-4.579506,False,False,True
/Users/yuhaowang/Documents/UCL/Term3_Proj/Dataset/Paul_Mooney/OCT2017/test/DME/DME-1102486-3.jpeg,,,Kermany,test,1,DME,True,Kermany-test,1,DME,0.9999987,8.3833365e-06,0.6893518,0.4834421,1,-2.8060212,False,-4.3772016,False,-7.266301,False,-4.556722,False,False,True
/Users/yuhaowang/Documents/UCL/Term3_Proj/Dataset/Paul_Mooney/OCT2017/test/DME/DME-1102486-4.jpeg,,,Kermany,test,1,DME,True,Kermany-test,1,DME,0.9999993,6.7902525e-05,0.6983521,0.32216892,1,-3.3487084,False,-4.3631344,False,-7.266301,False,-4.937156,False,False,True
/Users/yuhaowang/Documents/UCL/Term3_Proj/Dataset/Paul_Mooney/OCT2017/test/DME/DME-11053-1.jpeg,,,Kermany,test,1,DME,True,Kermany-test,1,DME,0.9999993,4.502712e-06,0.6816186,0.47711146,1,-2.5565653,False,-4.3781185,False,-7.266301,False,-4.4754276,False,False,True
/Users/yuhaowang/Documents/UCL/Term3_Proj/Dataset/Paul_Mooney/OCT2017/test/DME/DME-119840-1.jpeg,,,Kermany,test,1,DME,True,Kermany-test,1,DME,0.9999943,8.523319e-06,0.7154317,0.9950866,1,-2.9136121,False,-4.377168,False,-7.266301,False,-3.980254,False,False,True
/Users/yuhaowang/Documents/UCL/Term3_Proj/Dataset/Paul_Mooney/OCT2017/test/DME/DME-1274315-1.jpeg,,,Kermany,test,1,DME,True,Kermany-test,1,DME,0.9999995,4.987596e-07,0.7545925,0.49459812,1,-4.973763,False,-4.379065,False,-7.266301,False,-5.321444,False,False,True
/Users/yuhaowang/Documents/UCL/Term3_Proj/Dataset/Paul_Mooney/OCT2017/test/DME/DME-1274315-2.jpeg,,,Kermany,test,1,DME,True,Kermany-test,1,DME,0.99999917,2.5190711e-06,0.7104577,0.39349103,1,-3.6473086,False,-4.3785872,False,-7.266301,False,-4.9672103,False,False,True
/Users/yuhaowang/Documents/UCL/Term3_Proj/Dataset/Paul_Mooney/OCT2017/test/DME/DME-138971-1.jpeg,,,Kermany,test,1,DME,True,Kermany-test,1,DME,0.999982,2.4039124e-05,0.67024356,0.22826642,1,-2.5480754,False,-4.3735013,False,-7.266301,False,-4.7688932,False,False,True
/Users/yuhaowang/Documents/UCL/Term3_Proj/Dataset/Paul_Mooney/OCT2017/test/DME/DME-138971-2.jpeg,,,Kermany,test,1,DME,True,Kermany-test,1,DME,0.99999607,3.8915023e-06,0.69643945,-0.032152884,1,-3.8148818,False,-4.378263,False,-7.266301,False,-5.538739,False,False,True
/Users/yuhaowang/Documents/UCL/Term3_Proj/Dataset/Paul_Mooney/OCT2017/test/DME/DME-1430899-1.jpeg,,,Kermany,test,1,DME,True,Kermany-test,1,DME,0.99831235,0.0008055754,0.60544604,-0.22815862,1,-1.0614815,False,-4.1887875,False,-7.266301,False,-4.6800838,False,True,True
/Users/yuhaowang/Documents/UCL/Term3_Proj/Dataset/Paul_Mooney/OCT2017/test/DME/DME-1479682-1.jpeg,,,Kermany,test,1,DME,True,Kermany-test,1,DME,0.99999905,1.9718136e-06,0.7475814,-0.043493677,1,-5.544225,False,-4.378717,False,-7.266301,False,-6.172551,False,False,True
/Users/yuhaowang/Documents/UCL/Term3_Proj/Dataset/Paul_Mooney/OCT2017/test/DME/DME-15208-1.jpeg,,,Kermany,test,1,DME,True,Kermany-test,1,DME,0.99999785,3.3076256e-05,0.746459,0.017103627,1,-5.4159646,False,-4.3713655,False,-7.266301,False,-6.049572,False,False,True
/Users/yuhaowang/Documents/UCL/Term3_Proj/Dataset/Paul_Mooney/OCT2017/test/DME/DME-15208-2.jpeg,,,Kermany,test,1,DME,True,Kermany-test,1,DME,0.99952364,0.0035909098,0.605547,0.7385731,1,0.38177443,True,-3.5304806,False,-7.266301,False,-2.6280665,False,True,True
/Users/yuhaowang/Documents/UCL/Term3_Proj/Dataset/Paul_Mooney/OCT2017/test/DME/DME-2091157-1.jpeg,,,Kermany,test,1,DME,True,Kermany-test,1,DME,0.999729,0.00060561765,0.6388676,-0.16477343,1,-2.0856762,False,-4.236047,False,-7.266301,False,-4.997787,False,True,True
/Users/yuhaowang/Documents/UCL/Term3_Proj/Dataset/Paul_Mooney/OCT2017/test/DME/DME-2105194-1.jpeg,,,Kermany,test,1,DME,True,Kermany-test,1,DME,0.9999291,6.17475e-05,0.73351204,0.7668011,1,-3.8606026,False,-4.3645887,False,-7.266301,False,-4.5870132,False,False,True
/Users/yuhaowang/Documents/UCL/Term3_Proj/Dataset/Paul_Mooney/OCT2017/test/DME/DME-2126962-1.jpeg,,,Kermany,test,1,DME,True,Kermany-test,1,DME,0.9999999,3.330433e-08,0.75351435,0.038418908,1,-5.6203003,False,-4.3791747,False,-7.266301,False,-6.101619,False,False,True
/Users/yuhaowang/Documents/UCL/Term3_Proj/Dataset/Paul_Mooney/OCT2017/test/DME/DME-2261889-1.jpeg,,,Kermany,test,1,DME,True,Kermany-test,1,DME,0.9999832,1.8183899e-05,0.75783366,1.0741544,1,-4.2150273,False,-4.374885,False,-7.266301,False,-4.3504415,False,False,True
/Users/yuhaowang/Documents/UCL/Term3_Proj/Dataset/Paul_Mooney/OCT2017/test/DME/DME-2556938-1.jpeg,,,Kermany,test,1,DME,True,Kermany-test,1,DME,0.9999703,5.1910174e-05,0.6842319,0.6990316,1,-2.31198,False,-4.366914,False,-7.266301,False,-4.1146517,False,False,True
/Users/yuhaowang/Documents/UCL/Term3_Proj/Dataset/Paul_Mooney/OCT2017/test/DME/DME-2630113-1.jpeg,,,Kermany,test,1,DME,True,Kermany-test,1,DME,0.9999993,1.6757593e-05,0.7434499,0.42209065,1,-4.709182,False,-4.375222,False,-7.266301,False,-5.3115807,False,False,True
/Users/yuhaowang/Documents/UCL/Term3_Proj/Dataset/Paul_Mooney/OCT2017/test/DME/DME-2630665-1.jpeg,,,Kermany,test,1,DME,True,Kermany-test,1,DME,0.9999918,5.387829e-05,0.70090765,0.59315586,1,-3.0287647,False,-4.366449,False,-7.266301,False,-4.4986033,False,False,True
/Users/yuhaowang/Documents/UCL/Term3_Proj/Dataset/Paul_Mooney/OCT2017/test/DME/DME-269181-1.jpeg,,,Kermany,test,1,DME,True,Kermany-test,1,DME,0.99999905,1.8514547e-06,0.7745979,0.4089828,1,-5.771715,False,-4.378745,False,-7.266301,False,-5.710221,False,False,True
/Users/yuhaowang/Documents/UCL/Term3_Proj/Dataset/Paul_Mooney/OCT2017/test/DME/DME-269181-2.jpeg,,,Kermany,test,1,DME,True,Kermany-test,1,DME,0.99999166,1.6872335e-05,0.66855955,0.3294605,1,-2.3402615,False,-4.375195,False,-7.266301,False,-4.5737166,False,False,True
/Users/yuhaowang/Documents/UCL/Term3_Proj/Dataset/Paul_Mooney/OCT2017/test/DME/DME-269181-3.jpeg,,,Kermany,test,1,DME,True,Kermany-test,1,DME,0.9999521,0.00014467444,0.6125607,0.44059247,1,-0.29896688,False,-4.3449893,False,-7.266301,False,-3.6912856,False,False,True
/Users/yuhaowang/Documents/UCL/Term3_Proj/Dataset/Paul_Mooney/OCT2017/test/DME/DME-2716523-1.jpeg,,,Kermany,test,1,DME,True,Kermany-test,1,DME,1.0,9.2823757e-07,0.7777908,0.43057987,1,-5.846304,False,-4.3789635,False,-7.266301,False,-5.711122,False,False,True
/Users/yuhaowang/Documents/UCL/Term3_Proj/Dataset/Paul_Mooney/OCT2017/test/DME/DME-2763635-1.jpeg,,,Kermany,test,1,DME,True,Kermany-test,1,DME,0.9999999,4.7117373e-07,0.7837618,0.30318722,1,-6.2368627,False,-4.379071,False,-7.266301,False,-6.004319,False,False,True
/Users/yuhaowang/Documents/UCL/Term3_Proj/Dataset/Paul_Mooney/OCT2017/test/DME/DME-30521-1.jpeg,,,Kermany,test,1,DME,True,Kermany-test,1,DME,0.9999951,1.0340067e-05,0.7080616,-0.008754759,1,-4.169009,False,-4.376739,False,-7.266301,False,-5.636696,False,False,True
/Users/yuhaowang/Documents/UCL/Term3_Proj/Dataset/Paul_Mooney/OCT2017/test/DME/DME-30521-10.jpeg,,,Kermany,test,1,DME,True,Kermany-test,1,DME,0.9999995,2.6780886e-05,0.716028,-0.3187918,1,-4.8996916,False,-4.3728533,False,-7.266301,False,-6.269104,False,False,True
/Users/yuhaowang/Documents/UCL/Term3_Proj/Dataset/Paul_Mooney/OCT2017/test/DME/DME-30521-11.jpeg,,,Kermany,test,1,DME,True,Kermany-test,1,DME,0.99999976,1.357439e-06,0.7404999,0.62199,1,-4.3112736,False,-4.378862,False,-7.266301,False,-4.930714,False,False,True
/Users/yuhaowang/Documents/UCL/Term3_Proj/Dataset/Paul_Mooney/OCT2017/test/DME/DME-30521-12.jpeg,,,Kermany,test,1,DME,True,Kermany-test,1,DME,0.9999231,0.00025973143,0.675728,0.058573168,1,-2.9856427,False,-4.3177958,False,-7.266301,False,-5.0981984,False,False,True
/Users/yuhaowang/Documents/UCL/Term3_Proj/Dataset/Paul_Mooney/OCT2017/test/DME/DME-30521-13.jpeg,,,Kermany,test,1,DME,True,Kermany-test,1,DME,0.9999976,4.906906e-06,0.72582704,0.577164,1,-3.8870645,False,-4.378023,False,-7.266301,False,-4.8320546,False,False,True
/Users/yuhaowang/Documents/UCL/Term3_Proj/Dataset/Paul_Mooney/OCT2017/test/DME/DME-30521-2.jpeg,,,Kermany,test,1,DME,True,Kermany-test,1,DME,0.99999976,1.4065645e-06,0.78221744,0.63020164,1,-5.6958027,False,-4.3788505,False,-7.266301,False,-5.4171534,False,False,True
/Users/yuhaowang/Documents/UCL/Term3_Proj/Dataset/Paul_Mooney/OCT2017/test/DME/DME-30521-3.jpeg,,,Kermany,test,1,DME,True,Kermany-test,1,DME,0.9999974,8.691131e-06,0.71269304,0.70239174,1,-3.2599092,False,-4.3771286,False,-7.266301,False,-4.456201,False,False,True
/Users/yuhaowang/Documents/UCL/Term3_Proj/Dataset/Paul_Mooney/OCT2017/test/DME/DME-30521-4.jpeg,,,Kermany,test,1,DME,True,Kermany-test,1,DME,0.9999975,1.8011197e-05,0.7276721,0.7559741,1,-3.6812673,False,-4.374926,False,-7.266301,False,-4.5415916,False,False,True
/Users/yuhaowang/Documents/UCL/Term3_Proj/Dataset/Paul_Mooney/OCT2017/test/DME/DME-30521-5.jpeg,,,Kermany,test,1,DME,True,Kermany-test,1,DME,0.9999999,4.0841333e-06,0.7378962,-0.47014847,1,-5.8583927,False,-4.3782177,False,-7.266301,False,-6.7977457,False,False,True
/Users/yuhaowang/Documents/UCL/Term3_Proj/Dataset/Paul_Mooney/OCT2017/test/DME/DME-30521-6.jpeg,,,Kermany,test,1,DME,True,Kermany-test,1,DME,1.0,3.4621144e-07,0.7672636,0.53067017,1,-5.3440475,False,-4.379101,False,-7.266301,False,-5.4108415,False,False,True
/Users/yuhaowang/Documents/UCL/Term3_Proj/Dataset/Paul_Mooney/OCT2017/test/DME/DME-30521-7.jpeg,,,Kermany,test,1,DME,True,Kermany-test,1,DME,0.9999397,3.8185506e-05,0.67040265,0.009795816,1,-2.8803258,False,-4.3701577,False,-7.266301,False,-5.148714,False,False,True
/Users/yuhaowang/Documents/UCL/Term3_Proj/Dataset/Paul_Mooney/OCT2017/test/DME/DME-30521-8.jpeg,,,Kermany,test,1,DME,True,Kermany-test,1,DME,0.9999993,8.9383684e-07,0.75704265,0.7090823,1,-4.7348433,False,-4.3789716,False,-7.266301,False,-4.9779263,False,False,True
/Users/yuhaowang/Documents/UCL/Term3_Proj/Dataset/Paul_Mooney/OCT2017/test/DME/DME-30521-9.jpeg,,,Kermany,test,1,DME,True,Kermany-test,1,DME,0.99999964,9.981304e-07,0.73867863,0.1607443,1,-4.94051,False,-4.378947,False,-7.266301,False,-5.710763,False,False,True
/Users/yuhaowang/Documents/UCL/Term3_Proj/Dataset/Paul_Mooney/OCT2017/test/DME/DME-306172-1.jpeg,,,Kermany,test,1,DME,True,Kermany-test,1,DME,0.9999894,9.026495e-06,0.68292826,-1.3794531,1,-5.3786182,False,-4.3770494,False,-7.266301,False,-7.7181206,False,False,True
/Users/yuhaowang/Documents/UCL/Term3_Proj/Dataset/Paul_Mooney/OCT2017/test/DME/DME-3064922-1.jpeg,,,Kermany,test,1,DME,True,Kermany-test,1,DME,0.99999964,3.0428208e-05,0.6721588,-1.3427607,1,-4.9631186,False,-4.371991,False,-7.266301,False,-7.5222063,False,False,True
/Users/yuhaowang/Documents/UCL/Term3_Proj/Dataset/Paul_Mooney/OCT2017/test/DME/DME-3157783-1.jpeg,,,Kermany,test,1,DME,True,Kermany-test,1,DME,1.0,2.6342377e-07,0.7758374,0.5031953,1,-5.672237,False,-4.3791203,False,-7.266301,False,-5.5615253,False,False,True
/Users/yuhaowang/Documents/UCL/Term3_Proj/Dataset/Paul_Mooney/OCT2017/test/DME/DME-323904-1.jpeg,,,Kermany,test,1,DME,True,Kermany-test,1,DME,0.99999976,7.0597343e-07,0.7830348,0.6805294,1,-5.6478586,False,-4.379016,False,-7.266301,False,-5.3395643,False,False,True
/Users/yuhaowang/Documents/UCL/Term3_Proj/Dataset/Paul_Mooney/OCT2017/test/DME/DME-323904-2.jpeg,,,Kermany,test,1,DME,True,Kermany-test,1,DME,0.99999154,1.6043661e-05,0.7264867,0.8995422,1,-3.426738,False,-4.375391,False,-7.266301,False,-4.278038,False,False,True
/Users/yuhaowang/Documents/UCL/Term3_Proj/Dataset/Paul_Mooney/OCT2017/test/DME/DME-3288089-1.jpeg,,,Kermany,test,1,DME,True,Kermany-test,1,DME,0.7350772,0.12779206,0.48396534,0.035717722,1,3.4008937,True,25.824137,True,-7.266301,False,14.223858,True,True,True
/Users/yuhaowang/Documents/UCL/Term3_Proj/Dataset/Paul_Mooney/OCT2017/test/DME/DME-3475211-1.jpeg,,,Kermany,test,1,DME,True,Kermany-test,1,DME,0.99999976,7.771829e-06,0.73776513,0.2011621,1,-4.8494415,False,-4.377346,False,-7.266301,False,-5.6286273,False,False,True
/Users/yuhaowang/Documents/UCL/Term3_Proj/Dataset/Paul_Mooney/OCT2017/test/DME/DME-3722280-1.jpeg,,,Kermany,test,1,DME,True,Kermany-test,1,DME,0.999984,0.00016397412,0.6673227,0.38667288,1,-2.2132342,False,-4.340428,False,-7.266301,False,-4.439731,False,False,True
/Users/yuhaowang/Documents/UCL/Term3_Proj/Dataset/Paul_Mooney/OCT2017/test/DME/DME-3731953-1.jpeg,,,Kermany,test,1,DME,True,Kermany-test,1,DME,0.99999917,1.8175269e-06,0.74439275,0.492446,1,-4.635469,False,-4.378753,False,-7.266301,False,-5.202585,False,False,True
/Users/yuhaowang/Documents/UCL/Term3_Proj/Dataset/Paul_Mooney/OCT2017/test/DME/DME-37503-1.jpeg,,,Kermany,test,1,DME,True,Kermany-test,1,DME,0.9999994,8.868192e-07,0.75560874,0.6750498,1,-4.7377586,False,-4.378973,False,-7.266301,False,-5.019881,False,False,True
/Users/yuhaowang/Documents/UCL/Term3_Proj/Dataset/Paul_Mooney/OCT2017/test/DME/DME-3791742-1.jpeg,,,Kermany,test,1,DME,True,Kermany-test,1,DME,1.0,2.3337088e-07,0.77762365,0.5784666,1,-5.619407,False,-4.3791275,False,-7.266301,False,-5.452112,False,False,True
/Users/yuhaowang/Documents/UCL/Term3_Proj/Dataset/Paul_Mooney/OCT2017/test/DME/DME-3810791-1.jpeg,,,Kermany,test,1,DME,True,Kermany-test,1,DME,0.99999976,3.865305e-06,0.7720295,0.6387589,1,-5.341878,False,-4.378269,False,-7.266301,False,-5.279666,False,False,True
/Users/yuhaowang/Documents/UCL/Term3_Proj/Dataset/Paul_Mooney/OCT2017/test/DME/DME-3921035-1.jpeg,,,Kermany,test,1,DME,True,Kermany-test,1,DME,1.0,2.0313719e-06,0.7948794,0.745107,1,-5.947812,False,-4.3787026,False,-7.266301,False,-5.3692875,False,False,True
/Users/yuhaowang/Documents/UCL/Term3_Proj/Dataset/Paul_Mooney/OCT2017/test/DME/DME-4079773-1.jpeg,,,Kermany,test,1,DME,True,Kermany-test,1,DME,1.0,9.447467e-07,0.6640677,-0.21703346,1,-3.007646,False,-4.3789597,False,-7.266301,False,-5.471995,False,False,True
/Users/yuhaowang/Documents/UCL/Term3_Proj/Dataset/Paul_Mooney/OCT2017/test/DME/DME-4117019-1.jpeg,,,Kermany,test,1,DME,True,Kermany-test,1,DME,0.99999976,2.5017926e-07,0.7467183,0.52660716,1,-4.6622148,False,-4.3791237,False,-7.266301,False,-5.1713195,False,False,True
/Users/yuhaowang/Documents/UCL/Term3_Proj/Dataset/Paul_Mooney/OCT2017/test/DME/DME-4146088-1.jpeg,,,Kermany,test,1,DME,True,Kermany-test,1,DME,1.0,1.9900977e-05,0.69795984,0.17894948,1,-3.549891,False,-4.3744793,False,-7.266301,False,-5.1878514,False,False,True
/Users/yuhaowang/Documents/UCL/Term3_Proj/Dataset/Paul_Mooney/OCT2017/test/DME/DME-4240465-1.jpeg,,,Kermany,test,1,DME,True,Kermany-test,1,DME,0.99999964,8.533694e-06,0.7476429,0.8296788,1,-4.2396502,False,-4.377166,False,-7.266301,False,-4.6544285,False,False,True
/Users/yuhaowang/Documents/UCL/Term3_Proj/Dataset/Paul_Mooney/OCT2017/test/DME/DME-4240465-2.jpeg,,,Kermany,test,1,DME,True,Kermany-test,1,DME,0.9999999,5.2814758e-06,0.7220406,0.24069674,1,-4.2637806,False,-4.3779345,False,-7.266301,False,-5.371495,False,False,True
/Users/yuhaowang/Documents/UCL/Term3_Proj/Dataset/Paul_Mooney/OCT2017/test/DME/DME-4244491-1.jpeg,,,Kermany,test,1,DME,True,Kermany-test,1,DME,0.99999964,8.257466e-07,0.78780913,0.26518235,1,-6.42925,False,-4.378988,False,-7.266301,False,-6.118921,False,False,True
/Users/yuhaowang/Documents/UCL/Term3_Proj/Dataset/Paul_Mooney/OCT2017/test/DME/DME-4298019-1.jpeg,,,Kermany,test,1,DME,True,Kermany-test,1,DME,0.99998164,0.00026607688,0.6883092,0.77922666,1,-2.3284938,False,-4.316296,False,-7.266301,False,-3.995524,False,False,True
/Users/yuhaowang/Documents/UCL/Term3_Proj/Dataset/Paul_Mooney/OCT2017/test/DME/DME-4336607-1.jpeg,,,Kermany,test,1,DME,True,Kermany-test,1,DME,0.9999894,0.0001889012,0.6978241,0.66943693,1,-2.8113713,False,-4.3345366,False,-7.266301,False,-4.3109183,False,False,True
/Users/yuhaowang/Documents/UCL/Term3_Proj/Dataset/Paul_Mooney/OCT2017/test/DME/DME-4478609-1.jpeg,,,Kermany,test,1,DME,True,Kermany-test,1,DME,0.9999975,5.6206627e-06,0.7034661,0.7171135,1,-2.9289365,False,-4.3778543,False,-7.266301,False,-4.320271,False,False,True
/Users/yuhaowang/Documents/UCL/Term3_Proj/Dataset/Paul_Mooney/OCT2017/test/DME/DME-4616882-1.jpeg,,,Kermany,test,1,DME,True,Kermany-test,1,DME,0.9999999,2.7295282e-06,0.75062734,0.7833336,1,-4.40893,False,-4.3785377,False,-7.266301,False,-4.771596,False,False,True
/Users/yuhaowang/Documents/UCL/Term3_Proj/Dataset/Paul_Mooney/OCT2017/test/DME/DME-462675-1.jpeg,,,Kermany,test,1,DME,True,Kermany-test,1,DME,0.9998041,0.00029544905,0.6300356,-0.058470406,1,-1.6308815,False,-4.3093543,False,-7.266301,False,-4.7484665,False,True,True
/Users/yuhaowang/Documents/UCL/Term3_Proj/Dataset/Paul_Mooney/OCT2017/test/DME/DME-4634094-1.jpeg,,,Kermany,test,1,DME,True,Kermany-test,1,DME,1.0,7.0609303e-07,0.74731326,0.17578822,1,-5.2071085,False,-4.379016,False,-7.266301,False,-5.788287,False,False,True
/Users/yuhaowang/Documents/UCL/Term3_Proj/Dataset/Paul_Mooney/OCT2017/test/DME/DME-4634094-2.jpeg,,,Kermany,test,1,DME,True,Kermany-test,1,DME,0.999998,2.327263e-05,0.69545156,-0.99907494,1,-5.2287264,False,-4.3736825,False,-7.266301,False,-7.205252,False,False,True
/Users/yuhaowang/Documents/UCL/Term3_Proj/Dataset/Paul_Mooney/OCT2017/test/DME/DME-4658666-1.jpeg,,,Kermany,test,1,DME,True,Kermany-test,1,DME,0.9999987,3.354605e-05,0.6495154,0.2096271,1,-1.8819323,False,-4.371254,False,-7.266301,False,-4.551232,False,False,True
/Users/yuhaowang/Documents/UCL/Term3_Proj/Dataset/Paul_Mooney/OCT2017/test/DME/DME-4732091-1.jpeg,,,Kermany,test,1,DME,True,Kermany-test,1,DME,0.9999598,5.1137526e-05,0.7093528,0.46750936,1,-3.4995513,False,-4.3670964,False,-7.266301,False,-4.8187666,False,False,True
/Users/yuhaowang/Documents/UCL/Term3_Proj/Dataset/Paul_Mooney/OCT2017/test/DME/DME-4732091-2.jpeg,,,Kermany,test,1,DME,True,Kermany-test,1,DME,0.9862558,0.0222999,0.52982795,0.5520768,1,2.637978,True,0.8913405,True,-7.266301,False,0.4592662,True,True,True
/Users/yuhaowang/Documents/UCL/Term3_Proj/Dataset/Paul_Mooney/OCT2017/test/DME/DME-4804900-1.jpeg,,,Kermany,test,1,DME,True,Kermany-test,1,DME,0.9999995,9.51055e-06,0.6921438,-0.15003936,1,-3.8474596,False,-4.376935,False,-7.266301,False,-5.69137,False,False,True
/Users/yuhaowang/Documents/UCL/Term3_Proj/Dataset/Paul_Mooney/OCT2017/test/DME/DME-4897748-1.jpeg,,,Kermany,test,1,DME,True,Kermany-test,1,DME,0.99999833,0.027065529,0.62546015,0.042281676,1,-1.3269162,False,2.017684,True,-7.266301,False,-0.93733406,False,False,True
/Users/yuhaowang/Documents/UCL/Term3_Proj/Dataset/Paul_Mooney/OCT2017/test/DME/DME-4940184-1.jpeg,,,Kermany,test,1,DME,True,Kermany-test,1,DME,1.0,1.0454746e-06,0.72847736,0.026111316,1,-4.8004107,False,-4.378936,False,-7.266301,False,-5.8223696,False,False,True
/Users/yuhaowang/Documents/UCL/Term3_Proj/Dataset/Paul_Mooney/OCT2017/test/DME/DME-4989358-1.jpeg,,,Kermany,test,1,DME,True,Kermany-test,1,DME,0.99999523,6.3700136e-06,0.71229726,0.28616884,1,-3.8695016,False,-4.3776774,False,-7.266301,False,-5.175351,False,False,True
/Users/yuhaowang/Documents/UCL/Term3_Proj/Dataset/Paul_Mooney/OCT2017/test/DME/DME-5014129-1.jpeg,,,Kermany,test,1,DME,True,Kermany-test,1,DME,0.9999995,2.2777767e-06,0.7799361,0.3961456,1,-5.969662,False,-4.3786445,False,-7.266301,False,-5.7965536,False,False,True
/Users/yuhaowang/Documents/UCL/Term3_Proj/Dataset/Paul_Mooney/OCT2017/test/DME/DME-5014129-2.jpeg,,,Kermany,test,1,DME,True,Kermany-test,1,DME,1.0,1.8047431e-06,0.76840425,0.4809296,1,-5.4566727,False,-4.378756,False,-7.266301,False,-5.51081,False,False,True
/Users/yuhaowang/Documents/UCL/Term3_Proj/Dataset/Paul_Mooney/OCT2017/test/DME/DME-5071032-1.jpeg,,,Kermany,test,1,DME,True,Kermany-test,1,DME,0.9999747,0.00010338274,0.7349322,0.8975777,1,-3.7124562,False,-4.3547487,False,-7.266301,False,-4.3711386,False,False,True
/Users/yuhaowang/Documents/UCL/Term3_Proj/Dataset/Paul_Mooney/OCT2017/test/DME/DME-5072525-1.jpeg,,,Kermany,test,1,DME,True,Kermany-test,1,DME,0.9999832,0.00010229787,0.64118373,-0.95372134,1,-3.3438234,False,-4.355005,False,-7.266301,False,-6.4644766,False,False,True
/Users/yuhaowang/Documents/UCL/Term3_Proj/Dataset/Paul_Mooney/OCT2017/test/DME/DME-5434248-1.jpeg,,,Kermany,test,1,DME,True,Kermany-test,1,DME,0.9999777,1.8372608e-05,0.7004761,0.6489571,1,-2.9308138,False,-4.3748407,False,-7.266301,False,-4.4011645,False,False,True
/Users/yuhaowang/Documents/UCL/Term3_Proj/Dataset/Paul_Mooney/OCT2017/test/DME/DME-5465575-1.jpeg,,,Kermany,test,1,DME,True,Kermany-test,1,DME,1.0,2.7722308e-07,0.7783863,0.619287,1,-5.583858,False,-4.379117,False,-7.266301,False,-5.390295,False,False,True
/Users/yuhaowang/Documents/UCL/Term3_Proj/Dataset/Paul_Mooney/OCT2017/test/DME/DME-5497895-1.jpeg,,,Kermany,test,1,DME,True,Kermany-test,1,DME,0.9999918,4.589156e-05,0.69684684,0.059070386,1,-3.6920142,False,-4.3683367,False,-7.266301,False,-5.3794217,False,False,True
/Users/yuhaowang/Documents/UCL/Term3_Proj/Dataset/Paul_Mooney/OCT2017/test/DME/DME-563695-1.jpeg,,,Kermany,test,1,DME,True,Kermany-test,1,DME,1.0,2.0071184e-08,0.773991,0.57671624,1,-5.500395,False,-4.379178,False,-7.266301,False,-5.411582,False,False,True
/Users/yuhaowang/Documents/UCL/Term3_Proj/Dataset/Paul_Mooney/OCT2017/test/DME/DME-563695-2.jpeg,,,Kermany,test,1,DME,True,Kermany-test,1,DME,1.0,2.0375037e-06,0.76256186,0.4751233,1,-5.2697425,False,-4.378701,False,-7.266301,False,-5.4507484,False,False,True
/Users/yuhaowang/Documents/UCL/Term3_Proj/Dataset/Paul_Mooney/OCT2017/test/DME/DME-5656004-1.jpeg,,,Kermany,test,1,DME,True,Kermany-test,1,DME,0.9893769,0.025880992,0.5346693,-0.98020405,1,0.18294191,True,1.7377219,True,-7.266301,False,-1.783617,False,True,True
/Users/yuhaowang/Documents/UCL/Term3_Proj/Dataset/Paul_Mooney/OCT2017/test/DME/DME-5713682-1.jpeg,,,Kermany,test,1,DME,True,Kermany-test,1,DME,0.9996778,0.00064077275,0.66469294,0.8294672,1,-1.4625764,False,-4.227738,False,-7.266301,False,-3.5746014,False,True,True
/Users/yuhaowang/Documents/UCL/Term3_Proj/Dataset/Paul_Mooney/OCT2017/test/DME/DME-57603-1.jpeg,,,Kermany,test,1,DME,True,Kermany-test,1,DME,0.9999796,3.76252e-05,0.6799017,0.19950102,1,-2.914502,False,-4.3702903,False,-7.266301,False,-4.933007,False,False,True
/Users/yuhaowang/Documents/UCL/Term3_Proj/Dataset/Paul_Mooney/OCT2017/test/DME/DME-5760454-1.jpeg,,,Kermany,test,1,DME,True,Kermany-test,1,DME,0.9994716,0.00041352026,0.6091924,0.39280665,1,-0.25769377,False,-4.2814484,False,-7.266301,False,-3.697967,False,True,True
/Users/yuhaowang/Documents/UCL/Term3_Proj/Dataset/Paul_Mooney/OCT2017/test/DME/DME-5768195-1.jpeg,,,Kermany,test,1,DME,True,Kermany-test,1,DME,0.99999964,1.1999964e-07,0.7343864,0.30517882,1,-4.580659,False,-4.379154,False,-7.266301,False,-5.4082675,False,False,True
/Users/yuhaowang/Documents/UCL/Term3_Proj/Dataset/Paul_Mooney/OCT2017/test/DME/DME-5796574-1.jpeg,,,Kermany,test,1,DME,True,Kermany-test,1,DME,0.9999969,9.2390284e-05,0.7493344,0.52732,1,-4.7487426,False,-4.3573465,False,-7.266301,False,-5.1891546,False,False,True
/Users/yuhaowang/Documents/UCL/Term3_Proj/Dataset/Paul_Mooney/OCT2017/test/DME/DME-5796574-2.jpeg,,,Kermany,test,1,DME,True,Kermany-test,1,DME,0.9999622,0.00013516913,0.7075489,-0.5636306,1,-4.982171,False,-4.3472357,False,-7.266301,False,-6.578478,False,False,True
/Users/yuhaowang/Documents/UCL/Term3_Proj/Dataset/Paul_Mooney/OCT2017/test/DME/DME-5802218-1.jpeg,,,Kermany,test,1,DME,True,Kermany-test,1,DME,0.5111925,0.12974268,0.43288845,0.44716024,1,5.7267785,True,26.28516,True,-7.266301,False,15.813133,True,True,True
/Users/yuhaowang/Documents/UCL/Term3_Proj/Dataset/Paul_Mooney/OCT2017/test/DME/DME-5834001-1.jpeg,,,Kermany,test,1,DME,True,Kermany-test,1,DME,1.0,4.6310106e-08,0.7818394,0.79855055,1,-5.431223,False,-4.379172,False,-7.266301,False,-5.1201286,False,False,True
/Users/yuhaowang/Documents/UCL/Term3_Proj/Dataset/Paul_Mooney/OCT2017/test/DME/DME-5843591-1.jpeg,,,Kermany,test,1,DME,True,Kermany-test,1,DME,1.0,1.8983178e-07,0.66638285,0.10243414,1,-2.6071062,False,-4.379138,False,-7.266301,False,-4.9445,False,False,True
/Users/yuhaowang/Documents/UCL/Term3_Proj/Dataset/Paul_Mooney/OCT2017/test/DME/DME-5864085-1.jpeg,,,Kermany,test,1,DME,True,Kermany-test,1,DME,0.9999912,4.302847e-05,0.69710755,0.209095,1,-3.4762437,False,-4.3690133,False,-7.266301,False,-5.122121,False,False,True
/Users/yuhaowang/Documents/UCL/Term3_Proj/Dataset/Paul_Mooney/OCT2017/test/DME/DME-5912153-1.jpeg,,,Kermany,test,1,DME,True,Kermany-test,1,DME,0.9998628,0.00074749347,0.64727414,0.19675063,1,-1.8261573,False,-4.2025146,False,-7.266301,False,-4.451211,False,False,True
/Users/yuhaowang/Documents/UCL/Term3_Proj/Dataset/Paul_Mooney/OCT2017/test/DME/DME-5975636-1.jpeg,,,Kermany,test,1,DME,True,Kermany-test,1,DME,0.99999344,1.0338408e-05,0.74277765,0.84900695,1,-4.047826,False,-4.3767395,False,-7.266301,False,-4.56219,False,False,True
/Users/yuhaowang/Documents/UCL/Term3_Proj/Dataset/Paul_Mooney/OCT2017/test/DME/DME-5981434-1.jpeg,,,Kermany,test,1,DME,True,Kermany-test,1,DME,0.99998105,2.9107672e-05,0.65117496,0.033808094,1,-2.2005982,False,-4.372303,False,-7.266301,False,-4.877401,False,False,True
/Users/yuhaowang/Documents/UCL/Term3_Proj/Dataset/Paul_Mooney/OCT2017/test/DME/DME-6090983-1.jpeg,,,Kermany,test,1,DME,True,Kermany-test,1,DME,0.9999968,9.080701e-06,0.63424855,0.0072169993,1,-1.6736474,False,-4.3770366,False,-7.266301,False,-4.7231455,False,False,True
/Users/yuhaowang/Documents/UCL/Term3_Proj/Dataset/Paul_Mooney/OCT2017/test/DME/DME-6151003-1.jpeg,,,Kermany,test,1,DME,True,Kermany-test,1,DME,0.9999987,0.00010525843,0.6518048,0.7354254,1,-1.171773,False,-4.3543053,False,-7.266301,False,-3.6550345,False,False,True
/Users/yuhaowang/Documents/UCL/Term3_Proj/Dataset/Paul_Mooney/OCT2017/test/DME/DME-6296605-1.jpeg,,,Kermany,test,1,DME,True,Kermany-test,1,DME,0.999998,1.4390607e-06,0.82103276,0.4796621,1,-7.2207155,False,-4.378843,False,-7.266301,False,-6.1447444,False,False,True
/Users/yuhaowang/Documents/UCL/Term3_Proj/Dataset/Paul_Mooney/OCT2017/test/DME/DME-6314020-1.jpeg,,,Kermany,test,1,DME,True,Kermany-test,1,DME,0.99995565,3.212149e-05,0.70265114,0.14609458,1,-3.7561333,False,-4.371591,False,-7.266301,False,-5.299642,False,False,True
/Users/yuhaowang/Documents/UCL/Term3_Proj/Dataset/Paul_Mooney/OCT2017/test/DME/DME-633268-1.jpeg,,,Kermany,test,1,DME,True,Kermany-test,1,DME,0.99997663,3.1464675e-05,0.69061714,0.037296917,1,-3.5160093,False,-4.371746,False,-7.266301,False,-5.3444314,False,False,True
/Users/yuhaowang/Documents/UCL/Term3_Proj/Dataset/Paul_Mooney/OCT2017/test/DME/DME-6383847-1.jpeg,,,Kermany,test,1,DME,True,Kermany-test,1,DME,1.0,2.0227108e-06,0.72941065,-0.04620018,1,-4.9398685,False,-4.378705,False,-7.266301,False,-5.9591517,False,False,True
/Users/yuhaowang/Documents/UCL/Term3_Proj/Dataset/Paul_Mooney/OCT2017/test/DME/DME-6434323-1.jpeg,,,Kermany,test,1,DME,True,Kermany-test,1,DME,0.9999995,1.9758416e-05,0.7324452,-0.23538412,1,-5.3245716,False,-4.3745127,False,-7.266301,False,-6.322092,False,False,True
/Users/yuhaowang/Documents/UCL/Term3_Proj/Dataset/Paul_Mooney/OCT2017/test/DME/DME-671384-1.jpeg,,,Kermany,test,1,DME,True,Kermany-test,1,DME,0.999997,1.3631841e-05,0.7076071,0.67785716,1,-3.1263318,False,-4.375961,False,-7.266301,False,-4.437148,False,False,True
/Users/yuhaowang/Documents/UCL/Term3_Proj/Dataset/Paul_Mooney/OCT2017/test/DME/DME-6716735-1.jpeg,,,Kermany,test,1,DME,True,Kermany-test,1,DME,0.9999999,1.55419e-06,0.80871284,0.66213214,1,-6.535159,False,-4.3788157,False,-7.266301,False,-5.679639,False,False,True
/Users/yuhaowang/Documents/UCL/Term3_Proj/Dataset/Paul_Mooney/OCT2017/test/DME/DME-6716735-2.jpeg,,,Kermany,test,1,DME,True,Kermany-test,1,DME,1.0,4.8219545e-07,0.7572278,0.56687725,1,-4.9538403,False,-4.379069,False,-7.266301,False,-5.227422,False,False,True
/Users/yuhaowang/Documents/UCL/Term3_Proj/Dataset/Paul_Mooney/OCT2017/test/DME/DME-70266-1.jpeg,,,Kermany,test,1,DME,True,Kermany-test,1,DME,0.9999558,7.9078134e-05,0.6847506,0.33958384,1,-2.8672338,False,-4.3604927,False,-7.266301,False,-4.7421317,False,False,True
/Users/yuhaowang/Documents/UCL/Term3_Proj/Dataset/Paul_Mooney/OCT2017/test/DME/DME-70266-2.jpeg,,,Kermany,test,1,DME,True,Kermany-test,1,DME,0.9999856,0.00015952159,0.7102509,0.45238376,1,-3.552257,False,-4.3414803,False,-7.266301,False,-4.841343,False,False,True
/Users/yuhaowang/Documents/UCL/Term3_Proj/Dataset/Paul_Mooney/OCT2017/test/DME/DME-70266-3.jpeg,,,Kermany,test,1,DME,True,Kermany-test,1,DME,0.9999993,1.6939011e-05,0.7624191,0.3945971,1,-5.3854637,False,-4.3751793,False,-7.266301,False,-5.5870337,False,False,True
/Users/yuhaowang/Documents/UCL/Term3_Proj/Dataset/Paul_Mooney/OCT2017/test/DME/DME-7027665-1.jpeg,,,Kermany,test,1,DME,True,Kermany-test,1,DME,0.99999976,1.4810921e-06,0.7550536,0.30213425,1,-5.277209,False,-4.378833,False,-7.266301,False,-5.6614394,False,False,True
/Users/yuhaowang/Documents/UCL/Term3_Proj/Dataset/Paul_Mooney/OCT2017/test/DME/DME-7194085-1.jpeg,,,Kermany,test,1,DME,True,Kermany-test,1,DME,0.99993753,0.0007923108,0.68925726,0.73737675,1,-2.4228632,False,-4.191922,False,-7.266301,False,-4.0092635,False,False,True
/Users/yuhaowang/Documents/UCL/Term3_Proj/Dataset/Paul_Mooney/OCT2017/test/DME/DME-7239304-1.jpeg,,,Kermany,test,1,DME,True,Kermany-test,1,DME,1.0,8.352788e-08,0.80905414,0.4060101,1,-6.929853,False,-4.3791633,False,-7.266301,False,-6.129192,False,False,True
/Users/yuhaowang/Documents/UCL/Term3_Proj/Dataset/Paul_Mooney/OCT2017/test/DME/DME-7248535-1.jpeg,,,Kermany,test,1,DME,True,Kermany-test,1,DME,0.9999906,2.4994923e-05,0.6569083,-0.01013778,1,-2.4583266,False,-4.3732753,False,-7.266301,False,-5.0231643,False,False,True
/Users/yuhaowang/Documents/UCL/Term3_Proj/Dataset/Paul_Mooney/OCT2017/test/DME/DME-7432714-1.jpeg,,,Kermany,test,1,DME,True,Kermany-test,1,DME,1.0,1.2337714e-06,0.6573666,-0.12174579,1,-2.6406841,False,-4.378891,False,-7.266301,False,-5.2258706,False,False,True
/Users/yuhaowang/Documents/UCL/Term3_Proj/Dataset/Paul_Mooney/OCT2017/test/DME/DME-7434518-1.jpeg,,,Kermany,test,1,DME,True,Kermany-test,1,DME,0.99999845,5.184709e-06,0.7440788,0.7206172,1,-4.283518,False,-4.3779573,False,-7.266301,False,-4.8016987,False,False,True
/Users/yuhaowang/Documents/UCL/Term3_Proj/Dataset/Paul_Mooney/OCT2017/test/DME/DME-7469235-1.jpeg,,,Kermany,test,1,DME,True,Kermany-test,1,DME,0.9994161,0.0025914945,0.6614443,0.8000403,1,-1.3978386,False,-3.7666898,False,-7.266301,False,-3.3258166,False,True,True
/Users/yuhaowang/Documents/UCL/Term3_Proj/Dataset/Paul_Mooney/OCT2017/test/DME/DME-7503514-1.jpeg,,,Kermany,test,1,DME,True,Kermany-test,1,DME,0.99999976,3.0389492e-05,0.7699766,0.2649997,1,-5.832442,False,-4.372,False,-7.266301,False,-5.901246,False,False,True
/Users/yuhaowang/Documents/UCL/Term3_Proj/Dataset/Paul_Mooney/OCT2017/test/DME/DME-7558688-1.jpeg,,,Kermany,test,1,DME,True,Kermany-test,1,DME,0.99999964,3.8633843e-06,0.7507344,0.36568955,1,-5.037485,False,-4.3782697,False,-7.266301,False,-5.4987903,False,False,True
/Users/yuhaowang/Documents/UCL/Term3_Proj/Dataset/Paul_Mooney/OCT2017/test/DME/DME-7573590-1.jpeg,,,Kermany,test,1,DME,True,Kermany-test,1,DME,1.0,3.0326646e-07,0.78935874,0.40536824,1,-6.2713575,False,-4.3791113,False,-7.266301,False,-5.8938813,False,False,True
/Users/yuhaowang/Documents/UCL/Term3_Proj/Dataset/Paul_Mooney/OCT2017/test/DME/DME-7578162-1.jpeg,,,Kermany,test,1,DME,True,Kermany-test,1,DME,0.99991214,0.00023100036,0.6981433,0.58932555,1,-2.9419389,False,-4.3245864,False,-7.266301,False,-4.448389,False,False,True
/Users/yuhaowang/Documents/UCL/Term3_Proj/Dataset/Paul_Mooney/OCT2017/test/DME/DME-7585263-1.jpeg,,,Kermany,test,1,DME,True,Kermany-test,1,DME,0.9999999,1.1289994e-06,0.7182288,0.37436962,1,-3.936121,False,-4.378916,False,-7.266301,False,-5.0939126,False,False,True
/Users/yuhaowang/Documents/UCL/Term3_Proj/Dataset/Paul_Mooney/OCT2017/test/DME/DME-7585263-2.jpeg,,,Kermany,test,1,DME,True,Kermany-test,1,DME,0.9993543,0.00058634114,0.6179139,0.8785977,1,0.17723322,True,-4.2406025,False,-7.266301,False,-2.934998,False,True,True
/Users/yuhaowang/Documents/UCL/Term3_Proj/Dataset/Paul_Mooney/OCT2017/test/DME/DME-7585263-3.jpeg,,,Kermany,test,1,DME,True,Kermany-test,1,DME,0.7531603,0.08806831,0.4769571,0.67643553,2,4.5943313,True,16.43553,True,5.519489,True,15.94713,True,True,True
/Users/yuhaowang/Documents/UCL/Term3_Proj/Dataset/Paul_Mooney/OCT2017/test/DME/DME-7591008-1.jpeg,,,Kermany,test,1,DME,True,Kermany-test,1,DME,0.9999931,7.728726e-06,0.71223354,0.66446656,1,-3.301276,False,-4.377356,False,-7.266301,False,-4.5167465,False,False,True
/Users/yuhaowang/Documents/UCL/Term3_Proj/Dataset/Paul_Mooney/OCT2017/test/DME/DME-7614088-1.jpeg,,,Kermany,test,1,DME,True,Kermany-test,1,DME,0.99948776,0.0017158333,0.6476679,0.31366357,1,-1.6643903,False,-3.97365,False,-7.266301,False,-4.123152,False,True,True
/Users/yuhaowang/Documents/UCL/Term3_Proj/Dataset/Paul_Mooney/OCT2017/test/DME/DME-7650134-1.jpeg,,,Kermany,test,1,DME,True,Kermany-test,1,DME,0.9999944,3.267327e-05,0.7198082,0.5271465,1,-3.7603853,False,-4.3714604,False,-7.266301,False,-4.8430524,False,False,True
/Users/yuhaowang/Documents/UCL/Term3_Proj/Dataset/Paul_Mooney/OCT2017/test/DME/DME-7650134-2.jpeg,,,Kermany,test,1,DME,True,Kermany-test,1,DME,0.99999416,1.8462597e-05,0.7529947,0.36635453,1,-5.112172,False,-4.3748193,False,-7.266301,False,-5.522811,False,False,True
/Users/yuhaowang/Documents/UCL/Term3_Proj/Dataset/Paul_Mooney/OCT2017/test/DME/DME-7706610-1.jpeg,,,Kermany,test,1,DME,True,Kermany-test,1,DME,0.9999999,3.7731297e-07,0.7557978,-0.1941755,1,-6.0448155,False,-4.3790936,False,-7.266301,False,-6.5333385,False,False,True
/Users/yuhaowang/Documents/UCL/Term3_Proj/Dataset/Paul_Mooney/OCT2017/test/DME/DME-7706610-2.jpeg,,,Kermany,test,1,DME,True,Kermany-test,1,DME,0.9999939,1.2047065e-05,0.7104294,-0.24556538,1,-4.6026573,False,-4.3763356,False,-7.266301,False,-6.0765753,False,False,True
/Users/yuhaowang/Documents/UCL/Term3_Proj/Dataset/Paul_Mooney/OCT2017/test/DME/DME-7706610-3.jpeg,,,Kermany,test,1,DME,True,Kermany-test,1,DME,0.99997854,6.0740567e-05,0.7038945,0.18856151,1,-3.7342157,False,-4.364827,False,-7.266301,False,-5.23691,False,False,True
/Users/yuhaowang/Documents/UCL/Term3_Proj/Dataset/Paul_Mooney/OCT2017/test/DME/DME-7756213-1.jpeg,,,Kermany,test,1,DME,True,Kermany-test,1,DME,0.99999547,2.3984117e-05,0.7204594,0.49640173,1,-3.8281958,False,-4.373514,False,-7.266301,False,-4.9054794,False,False,True
/Users/yuhaowang/Documents/UCL/Term3_Proj/Dataset/Paul_Mooney/OCT2017/test/DME/DME-7757895-1.jpeg,,,Kermany,test,1,DME,True,Kermany-test,1,DME,0.9999883,1.3757352e-05,0.7347562,0.68152785,1,-4.0298643,False,-4.3759313,False,-7.266301,False,-4.756611,False,False,True
/Users/yuhaowang/Documents/UCL/Term3_Proj/Dataset/Paul_Mooney/OCT2017/test/DME/DME-7763916-1.jpeg,,,Kermany,test,1,DME,True,Kermany-test,1,DME,0.99997926,3.834511e-05,0.6140625,-0.35591385,1,-1.5411592,False,-4.37012,False,-7.266301,False,-5.108236,False,False,True
/Users/yuhaowang/Documents/UCL/Term3_Proj/Dataset/Paul_Mooney/OCT2017/test/DME/DME-7780589-1.jpeg,,,Kermany,test,1,DME,True,Kermany-test,1,DME,0.99987054,0.0001221411,0.69642955,0.3549588,1,-3.2352688,False,-4.350315,False,-7.266301,False,-4.8498206,False,False,True
/Users/yuhaowang/Documents/UCL/Term3_Proj/Dataset/Paul_Mooney/OCT2017/test/DME/DME-778975-1.jpeg,,,Kermany,test,1,DME,True,Kermany-test,1,DME,1.0,9.4139614e-07,0.63389695,-0.6106001,1,-2.5863883,False,-4.37896,False,-7.266301,False,-5.7940693,False,False,True
/Users/yuhaowang/Documents/UCL/Term3_Proj/Dataset/Paul_Mooney/OCT2017/test/DME/DME-778975-2.jpeg,,,Kermany,test,1,DME,True,Kermany-test,1,DME,1.0,3.6114898e-07,0.7617413,0.29934025,1,-5.5053124,False,-4.3790975,False,-7.266301,False,-5.7467165,False,False,True
/Users/yuhaowang/Documents/UCL/Term3_Proj/Dataset/Paul_Mooney/OCT2017/test/DME/DME-7793366-1.jpeg,,,Kermany,test,1,DME,True,Kermany-test,1,DME,0.9999709,0.0032178108,0.6852552,0.51268864,1,-2.625092,False,-3.6186616,False,-7.266301,False,-4.02738,False,False,True
/Users/yuhaowang/Documents/UCL/Term3_Proj/Dataset/Paul_Mooney/OCT2017/test/DME/DME-7837305-1.jpeg,,,Kermany,test,1,DME,True,Kermany-test,1,DME,0.9999604,0.00050526345,0.6882418,0.6322349,1,-2.5461986,False,-4.259765,False,-7.266301,False,-4.2182593,False,False,True
/Users/yuhaowang/Documents/UCL/Term3_Proj/Dataset/Paul_Mooney/OCT2017/test/DME/DME-7837305-2.jpeg,,,Kermany,test,1,DME,True,Kermany-test,1,DME,0.99552554,0.016266234,0.5410389,0.4962786,1,2.1791086,True,-0.5347011,False,-7.266301,False,-0.57942724,False,True,True
/Users/yuhaowang/Documents/UCL/Term3_Proj/Dataset/Paul_Mooney/OCT2017/test/DME/DME-7837305-3.jpeg,,,Kermany,test,1,DME,True,Kermany-test,1,DME,0.99994504,0.0002453751,0.6607569,0.8722257,1,-1.2668018,False,-4.321189,False,-7.266301,False,-3.5059166,False,False,True
/Users/yuhaowang/Documents/UCL/Term3_Proj/Dataset/Paul_Mooney/OCT2017/test/DME/DME-7837305-4.jpeg,,,Kermany,test,1,DME,True,Kermany-test,1,DME,0.9999988,1.9095474e-05,0.67562157,0.603665,1,-2.1663918,False,-4.3746696,False,-7.266301,False,-4.181486,False,False,True
/Users/yuhaowang/Documents/UCL/Term3_Proj/Dataset/Paul_Mooney/OCT2017/test/DME/DME-7837305-5.jpeg,,,Kermany,test,1,DME,True,Kermany-test,1,DME,0.9999527,2.9940507e-05,0.6390303,0.16362719,1,-1.5996971,False,-4.3721066,False,-7.266301,False,-4.5058346,False,False,True
/Users/yuhaowang/Documents/UCL/Term3_Proj/Dataset/Paul_Mooney/OCT2017/test/DME/DME-7843891-1.jpeg,,,Kermany,test,1,DME,True,Kermany-test,1,DME,0.5257489,0.16583854,0.29088542,-0.7866056,1,8.635195,True,34.816322,True,-7.266301,False,20.201263,True,True,True
/Users/yuhaowang/Documents/UCL/Term3_Proj/Dataset/Paul_Mooney/OCT2017/test/DME/DME-7846574-1.jpeg,,,Kermany,test,1,DME,True,Kermany-test,1,DME,0.99999976,3.2463195e-06,0.77525365,0.26371482,1,-6.011054,False,-4.3784156,False,-7.266301,False,-5.970449,False,False,True
/Users/yuhaowang/Documents/UCL/Term3_Proj/Dataset/Paul_Mooney/OCT2017/test/DME/DME-7870558-1.jpeg,,,Kermany,test,1,DME,True,Kermany-test,1,DME,0.99999976,1.0742988e-06,0.7688244,-0.77617955,1,-7.351904,False,-4.378929,False,-7.266301,False,-7.701394,False,False,True
/Users/yuhaowang/Documents/UCL/Term3_Proj/Dataset/Paul_Mooney/OCT2017/test/DME/DME-7870558-2.jpeg,,,Kermany,test,1,DME,True,Kermany-test,1,DME,0.99999905,2.8281866e-06,0.7750909,0.16388744,1,-6.1549873,False,-4.3785143,False,-7.266301,False,-6.142098,False,False,True
/Users/yuhaowang/Documents/UCL/Term3_Proj/Dataset/Paul_Mooney/OCT2017/test/DME/DME-7870558-3.jpeg,,,Kermany,test,1,DME,True,Kermany-test,1,DME,0.9999939,8.423085e-06,0.769491,0.56985855,1,-5.359986,False,-4.377192,False,-7.266301,False,-5.368368,False,False,True
/Users/yuhaowang/Documents/UCL/Term3_Proj/Dataset/Paul_Mooney/OCT2017/test/DME/DME-7870558-4.jpeg,,,Kermany,test,1,DME,True,Kermany-test,1,DME,0.9999335,0.00016958825,0.73531514,0.9807492,1,-3.600819,False,-4.339101,False,-7.266301,False,-4.2222877,False,False,True
/Users/yuhaowang/Documents/UCL/Term3_Proj/Dataset/Paul_Mooney/OCT2017/test/DME/DME-7907461-1.jpeg,,,Kermany,test,1,DME,True,Kermany-test,1,DME,0.9997063,0.0024399552,0.5628441,0.3498707,1,1.2299228,True,-3.8025057,False,-7.266301,False,-2.945229,False,True,True
/Users/yuhaowang/Documents/UCL/Term3_Proj/Dataset/Paul_Mooney/OCT2017/test/DME/DME-7918201-1.jpeg,,,Kermany,test,1,DME,True,Kermany-test,1,DME,0.9999999,2.074632e-06,0.71301794,0.5808924,1,-3.4526017,False,-4.3786926,False,-7.266301,False,-4.6722083,False,False,True
/Users/yuhaowang/Documents/UCL/Term3_Proj/Dataset/Paul_Mooney/OCT2017/test/DME/DME-7918201-2.jpeg,,,Kermany,test,1,DME,True,Kermany-test,1,DME,0.9999994,1.7092461e-06,0.74565834,-0.27799135,1,-5.8307424,False,-4.378779,False,-7.266301,False,-6.557171,False,False,True
/Users/yuhaowang/Documents/UCL/Term3_Proj/Dataset/Paul_Mooney/OCT2017/test/DME/DME-7928636-1.jpeg,,,Kermany,test,1,DME,True,Kermany-test,1,DME,0.9999951,0.00052573415,0.68827766,-0.3962889,1,-4.0865035,False,-4.2549267,False,-7.266301,False,-6.0040073,False,False,True
/Users/yuhaowang/Documents/UCL/Term3_Proj/Dataset/Paul_Mooney/OCT2017/test/DME/DME-7928636-2.jpeg,,,Kermany,test,1,DME,True,Kermany-test,1,DME,0.99991524,0.000112920534,0.67043704,-0.21329825,1,-3.21532,False,-4.3524942,False,-7.266301,False,-5.526972,False,False,True
/Users/yuhaowang/Documents/UCL/Term3_Proj/Dataset/Paul_Mooney/OCT2017/test/DME/DME-7934335-1.jpeg,,,Kermany,test,1,DME,True,Kermany-test,1,DME,0.99987686,0.00068873516,0.7106073,0.28300482,1,-3.8176515,False,-4.216402,False,-7.266301,False,-5.0692873,False,False,True
/Users/yuhaowang/Documents/UCL/Term3_Proj/Dataset/Paul_Mooney/OCT2017/test/DME/DME-7939555-1.jpeg,,,Kermany,test,1,DME,True,Kermany-test,1,DME,0.9999727,5.922187e-05,0.72372884,0.8900213,1,-3.348645,False,-4.3651857,False,-7.266301,False,-4.2557125,False,False,True
/Users/yuhaowang/Documents/UCL/Term3_Proj/Dataset/Paul_Mooney/OCT2017/test/DME/DME-7939555-2.jpeg,,,Kermany,test,1,DME,True,Kermany-test,1,DME,0.9999999,4.217918e-08,0.7876064,-0.52892685,1,-7.6107836,False,-4.379173,False,-7.266301,False,-7.4971256,False,False,True
/Users/yuhaowang/Documents/UCL/Term3_Proj/Dataset/Paul_Mooney/OCT2017/test/DME/DME-7939555-3.jpeg,,,Kermany,test,1,DME,True,Kermany-test,1,DME,0.99986327,0.00017727399,0.7221193,0.7515168,1,-3.5020132,False,-4.3372846,False,-7.266301,False,-4.4613867,False,False,True
/Users/yuhaowang/Documents/UCL/Term3_Proj/Dataset/Paul_Mooney/OCT2017/test/DME/DME-7939555-4.jpeg,,,Kermany,test,1,DME,True,Kermany-test,1,DME,0.9999808,2.5740155e-05,0.7525426,0.17274441,1,-5.3867564,False,-4.3730993,False,-7.266301,False,-5.8529963,False,False,True
/Users/yuhaowang/Documents/UCL/Term3_Proj/Dataset/Paul_Mooney/OCT2017/test/DME/DME-7939555-5.jpeg,,,Kermany,test,1,DME,True,Kermany-test,1,DME,0.9999995,1.4970501e-06,0.71730113,0.33866844,1,-3.9584835,False,-4.378829,False,-7.266301,False,-5.144794,False,False,True
/Users/yuhaowang/Documents/UCL/Term3_Proj/Dataset/Paul_Mooney/OCT2017/test/DME/DME-7972888-1.jpeg,,,Kermany,test,1,DME,True,Kermany-test,1,DME,1.0,9.92967e-08,0.7863183,-0.92173964,1,-8.155466,False,-4.3791595,False,-7.266301,False,-8.16455,False,False,True
/Users/yuhaowang/Documents/UCL/Term3_Proj/Dataset/Paul_Mooney/OCT2017/test/DME/DME-7983936-1.jpeg,,,Kermany,test,1,DME,True,Kermany-test,1,DME,0.9999995,5.7668585e-06,0.7784221,0.41077298,1,-5.8970823,False,-4.37782,False,-7.266301,False,-5.7524858,False,False,True
/Users/yuhaowang/Documents/UCL/Term3_Proj/Dataset/Paul_Mooney/OCT2017/test/DME/DME-7990001-1.jpeg,,,Kermany,test,1,DME,True,Kermany-test,1,DME,0.99999535,0.00054242346,0.68333393,0.6427326,1,-2.366161,False,-4.2509823,False,-7.266301,False,-4.1361313,False,False,True
/Users/yuhaowang/Documents/UCL/Term3_Proj/Dataset/Paul_Mooney/OCT2017/test/DME/DME-8000885-1.jpeg,,,Kermany,test,1,DME,True,Kermany-test,1,DME,0.9971226,0.0043963864,0.602108,0.28359836,1,-0.18391132,False,-3.3401084,False,-7.266301,False,-3.269999,False,True,True
/Users/yuhaowang/Documents/UCL/Term3_Proj/Dataset/Paul_Mooney/OCT2017/test/DME/DME-8019418-1.jpeg,,,Kermany,test,1,DME,True,Kermany-test,1,DME,0.999998,5.562426e-05,0.7113913,-0.05815938,1,-4.3544283,False,-4.3660364,False,-7.266301,False,-5.7564926,False,False,True
/Users/yuhaowang/Documents/UCL/Term3_Proj/Dataset/Paul_Mooney/OCT2017/test/DME/DME-8019418-2.jpeg,,,Kermany,test,1,DME,True,Kermany-test,1,DME,0.99999833,6.411527e-05,0.7592295,0.4286455,1,-5.2277155,False,-4.3640294,False,-7.266301,False,-5.483247,False,False,True
/Users/yuhaowang/Documents/UCL/Term3_Proj/Dataset/Paul_Mooney/OCT2017/test/DME/DME-8019418-3.jpeg,,,Kermany,test,1,DME,True,Kermany-test,1,DME,0.99999166,9.800668e-05,0.70730793,0.2670602,1,-3.73104,False,-4.356019,False,-7.266301,False,-5.1364274,False,False,True
/Users/yuhaowang/Documents/UCL/Term3_Proj/Dataset/Paul_Mooney/OCT2017/test/DME/DME-8019418-4.jpeg,,,Kermany,test,1,DME,True,Kermany-test,1,DME,0.99999976,3.5410703e-06,0.66086566,0.04280735,1,-2.5116026,False,-4.378346,False,-7.266301,False,-4.98149,False,False,True
/Users/yuhaowang/Documents/UCL/Term3_Proj/Dataset/Paul_Mooney/OCT2017/test/DME/DME-8021831-1.jpeg,,,Kermany,test,1,DME,True,Kermany-test,1,DME,1.0,8.905408e-08,0.77190244,0.40127742,1,-5.692995,False,-4.379162,False,-7.266301,False,-5.6914997,False,False,True
/Users/yuhaowang/Documents/UCL/Term3_Proj/Dataset/Paul_Mooney/OCT2017/test/DME/DME-8056259-1.jpeg,,,Kermany,test,1,DME,True,Kermany-test,1,DME,1.0,6.9069356e-06,0.68097836,-1.0433223,1,-4.810337,False,-4.37755,False,-7.266301,False,-7.110647,False,False,True
/Users/yuhaowang/Documents/UCL/Term3_Proj/Dataset/Paul_Mooney/OCT2017/test/DME/DME-8080050-1.jpeg,,,Kermany,test,1,DME,True,Kermany-test,1,DME,0.9998871,0.00025990256,0.5592947,-0.16626921,1,0.5764041,True,-4.3177557,False,-7.266301,False,-4.0915475,False,False,True
/Users/yuhaowang/Documents/UCL/Term3_Proj/Dataset/Paul_Mooney/OCT2017/test/DME/DME-8130267-1.jpeg,,,Kermany,test,1,DME,True,Kermany-test,1,DME,0.99999976,3.3891374e-06,0.73878396,0.21497725,1,-4.862881,False,-4.3783817,False,-7.266301,False,-5.617425,False,False,True
/Users/yuhaowang/Documents/UCL/Term3_Proj/Dataset/Paul_Mooney/OCT2017/test/DME/DME-8136649-1.jpeg,,,Kermany,test,1,DME,True,Kermany-test,1,DME,1.0,1.5680098e-07,0.7439209,0.7522117,1,-4.2309523,False,-4.3791456,False,-7.266301,False,-4.7455497,False,False,True
/Users/yuhaowang/Documents/UCL/Term3_Proj/Dataset/Paul_Mooney/OCT2017/test/DME/DME-8167779-1.jpeg,,,Kermany,test,1,DME,True,Kermany-test,1,DME,0.9999993,2.2505628e-06,0.785818,0.8125584,1,-5.543476,False,-4.3786507,False,-7.266301,False,-5.143235,False,False,True
/Users/yuhaowang/Documents/UCL/Term3_Proj/Dataset/Paul_Mooney/OCT2017/test/DME/DME-8177380-1.jpeg,,,Kermany,test,1,DME,True,Kermany-test,1,DME,0.9999684,9.132037e-05,0.64699596,0.4320711,1,-1.464705,False,-4.3575993,False,-7.266301,False,-4.1265516,False,False,True
/Users/yuhaowang/Documents/UCL/Term3_Proj/Dataset/Paul_Mooney/OCT2017/test/DME/DME-8177380-2.jpeg,,,Kermany,test,1,DME,True,Kermany-test,1,DME,0.99997747,5.58779e-05,0.7324887,0.55215263,1,-4.147542,False,-4.3659763,False,-7.266301,False,-4.948675,False,False,True
/Users/yuhaowang/Documents/UCL/Term3_Proj/Dataset/Paul_Mooney/OCT2017/test/DME/DME-8177380-3.jpeg,,,Kermany,test,1,DME,True,Kermany-test,1,DME,0.9999999,8.1860617e-07,0.7364152,0.46129385,1,-4.4149756,False,-4.378989,False,-7.266301,False,-5.161124,False,False,True
/Users/yuhaowang/Documents/UCL/Term3_Proj/Dataset/Paul_Mooney/OCT2017/test/DME/DME-8200056-1.jpeg,,,Kermany,test,1,DME,True,Kermany-test,1,DME,0.9999398,0.0022256281,0.65427375,0.51786655,1,-1.5799992,False,-3.8531613,False,-7.266301,False,-3.7792435,False,False,True
/Users/yuhaowang/Documents/UCL/Term3_Proj/Dataset/Paul_Mooney/OCT2017/test/DME/DME-8200056-2.jpeg,,,Kermany,test,1,DME,True,Kermany-test,1,DME,0.9973303,0.00048115663,0.59654325,0.6272023,1,0.51658773,True,-4.265463,False,-7.266301,False,-3.1296072,False,True,True
/Users/yuhaowang/Documents/UCL/Term3_Proj/Dataset/Paul_Mooney/OCT2017/test/DME/DME-8200056-3.jpeg,,,Kermany,test,1,DME,True,Kermany-test,1,DME,0.9999207,0.00033843028,0.63174826,0.48688844,1,-0.8721409,False,-4.299196,False,-7.266301,False,-3.8151846,False,False,True
/Users/yuhaowang/Documents/UCL/Term3_Proj/Dataset/Paul_Mooney/OCT2017/test/DME/DME-8218042-1.jpeg,,,Kermany,test,1,DME,True,Kermany-test,1,DME,1.0,3.224568e-07,0.7437144,0.22546677,1,-5.012269,False,-4.3791065,False,-7.266301,False,-5.658778,False,False,True
/Users/yuhaowang/Documents/UCL/Term3_Proj/Dataset/Paul_Mooney/OCT2017/test/DME/DME-8231523-1.jpeg,,,Kermany,test,1,DME,True,Kermany-test,1,DME,1.0,1.0548088e-06,0.7411736,0.1345623,1,-5.063228,False,-4.3789334,False,-7.266301,False,-5.7862186,False,False,True
/Users/yuhaowang/Documents/UCL/Term3_Proj/Dataset/Paul_Mooney/OCT2017/test/DME/DME-82328-1.jpeg,,,Kermany,test,1,DME,True,Kermany-test,1,DME,0.99995387,6.047066e-05,0.73551345,0.46928987,1,-4.372817,False,-4.3648906,False,-7.266301,False,-5.1284204,False,False,True
/Users/yuhaowang/Documents/UCL/Term3_Proj/Dataset/Paul_Mooney/OCT2017/test/DME/DME-8366524-1.jpeg,,,Kermany,test,1,DME,True,Kermany-test,1,DME,0.9997365,0.0013726149,0.5811656,0.45523912,1,0.7741437,True,-4.054769,False,-7.266301,False,-3.1247358,False,True,True
/Users/yuhaowang/Documents/UCL/Term3_Proj/Dataset/Paul_Mooney/OCT2017/test/DME/DME-8366524-2.jpeg,,,Kermany,test,1,DME,True,Kermany-test,1,DME,0.9999821,3.0728697e-05,0.58801734,0.10038029,1,0.0137114525,True,-4.37192,False,-7.266301,False,-4.003391,False,False,True
/Users/yuhaowang/Documents/UCL/Term3_Proj/Dataset/Paul_Mooney/OCT2017/test/DME/DME-8426419-1.jpeg,,,Kermany,test,1,DME,True,Kermany-test,1,DME,0.98983043,0.008618362,0.56523377,0.7236312,1,1.7092128,True,-2.3422554,False,-7.266301,False,-1.4976487,False,True,True
/Users/yuhaowang/Documents/UCL/Term3_Proj/Dataset/Paul_Mooney/OCT2017/test/DME/DME-8426419-2.jpeg,,,Kermany,test,1,DME,True,Kermany-test,1,DME,0.99999857,5.630056e-06,0.7461124,-0.6806649,1,-6.4485145,False,-4.3778524,False,-7.266301,False,-7.2621317,False,False,True
/Users/yuhaowang/Documents/UCL/Term3_Proj/Dataset/Paul_Mooney/OCT2017/test/DME/DME-8457431-1.jpeg,,,Kermany,test,1,DME,True,Kermany-test,1,DME,0.9976871,0.0020371508,0.58101785,0.2578612,1,0.48373032,True,-3.8977075,False,-7.266301,False,-3.3772016,False,True,True
/Users/yuhaowang/Documents/UCL/Term3_Proj/Dataset/Paul_Mooney/OCT2017/test/DME/DME-8469406-1.jpeg,,,Kermany,test,1,DME,True,Kermany-test,1,DME,0.9999043,0.00023162435,0.68464965,0.7534486,1,-2.2445374,False,-4.324439,False,-7.266301,False,-4.0010233,False,False,True
/Users/yuhaowang/Documents/UCL/Term3_Proj/Dataset/Paul_Mooney/OCT2017/test/DME/DME-8472707-1.jpeg,,,Kermany,test,1,DME,True,Kermany-test,1,DME,1.0,7.385941e-06,0.71754915,0.39835688,1,-3.8774686,False,-4.377437,False,-7.266301,False,-5.0432167,False,False,True
/Users/yuhaowang/Documents/UCL/Term3_Proj/Dataset/Paul_Mooney/OCT2017/test/DME/DME-8477096-1.jpeg,,,Kermany,test,1,DME,True,Kermany-test,1,DME,0.9999957,1.9595318e-05,0.7298912,0.5103524,1,-4.1231213,False,-4.3745513,False,-7.266301,False,-4.99502,False,False,True
/Users/yuhaowang/Documents/UCL/Term3_Proj/Dataset/Paul_Mooney/OCT2017/test/DME/DME-8525575-1.jpeg,,,Kermany,test,1,DME,True,Kermany-test,1,DME,0.9999944,1.9367813e-05,0.6924155,0.53702253,1,-2.828423,False,-4.374605,False,-7.266301,False,-4.498877,False,False,True
/Users/yuhaowang/Documents/UCL/Term3_Proj/Dataset/Paul_Mooney/OCT2017/test/DME/DME-8525575-2.jpeg,,,Kermany,test,1,DME,True,Kermany-test,1,DME,0.9999999,2.2976492e-06,0.749988,0.6121354,1,-4.643708,False,-4.3786397,False,-7.266301,False,-5.061603,False,False,True
/Users/yuhaowang/Documents/UCL/Term3_Proj/Dataset/Paul_Mooney/OCT2017/test/DME/DME-8525575-3.jpeg,,,Kermany,test,1,DME,True,Kermany-test,1,DME,0.9999722,0.00017639447,0.6763825,0.38805047,1,-2.5145192,False,-4.3374925,False,-7.266301,False,-4.5444164,False,False,True
/Users/yuhaowang/Documents/UCL/Term3_Proj/Dataset/Paul_Mooney/OCT2017/test/DME/DME-8525575-4.jpeg,,,Kermany,test,1,DME,True,Kermany-test,1,DME,0.99999964,9.657597e-07,0.7394764,0.1022983,1,-5.0546803,False,-4.3789544,False,-7.266301,False,-5.821949,False,False,True
/Users/yuhaowang/Documents/UCL/Term3_Proj/Dataset/Paul_Mooney/OCT2017/test/DME/DME-8525575-5.jpeg,,,Kermany,test,1,DME,True,Kermany-test,1,DME,0.9998498,0.00021817186,0.64975727,0.68482566,1,-1.1789341,False,-4.3276186,False,-7.266301,False,-3.70332,False,False,True
/Users/yuhaowang/Documents/UCL/Term3_Proj/Dataset/Paul_Mooney/OCT2017/test/DME/DME-8525575-6.jpeg,,,Kermany,test,1,DME,True,Kermany-test,1,DME,0.9999987,2.0048472e-05,0.7670992,0.6659999,1,-5.1360335,False,-4.3744445,False,-7.266301,False,-5.170966,False,False,True
/Users/yuhaowang/Documents/UCL/Term3_Proj/Dataset/Paul_Mooney/OCT2017/test/DME/DME-8525575-7.jpeg,,,Kermany,test,1,DME,True,Kermany-test,1,DME,0.9966258,0.005705867,0.56798166,0.09924827,1,0.6828666,True,-3.030616,False,-7.266301,False,-3.0057085,False,True,True
/Users/yuhaowang/Documents/UCL/Term3_Proj/Dataset/Paul_Mooney/OCT2017/test/DME/DME-8525575-8.jpeg,,,Kermany,test,1,DME,True,Kermany-test,1,DME,0.99999964,5.672882e-07,0.7341995,0.7552897,1,-3.9008474,False,-4.379049,False,-7.266301,False,-4.6234617,False,False,True
/Users/yuhaowang/Documents/UCL/Term3_Proj/Dataset/Paul_Mooney/OCT2017/test/DME/DME-8589279-1.jpeg,,,Kermany,test,1,DME,True,Kermany-test,1,DME,0.999703,0.0004901439,0.6777643,0.05407911,1,-3.0605476,False,-4.2633386,False,-7.266301,False,-5.0996294,False,True,True
/Users/yuhaowang/Documents/UCL/Term3_Proj/Dataset/Paul_Mooney/OCT2017/test/DME/DME-8602716-1.jpeg,,,Kermany,test,1,DME,True,Kermany-test,1,DME,0.9999982,9.904796e-05,0.7225484,0.07837628,1,-4.5236835,False,-4.355773,False,-7.266301,False,-5.647236,False,False,True
/Users/yuhaowang/Documents/UCL/Term3_Proj/Dataset/Paul_Mooney/OCT2017/test/DME/DME-8602716-2.jpeg,,,Kermany,test,1,DME,True,Kermany-test,1,DME,0.9995875,0.0039036851,0.6155341,0.014758334,1,-1.0357523,False,-3.456557,False,-7.266301,False,-3.9644272,False,True,True
/Users/yuhaowang/Documents/UCL/Term3_Proj/Dataset/Paul_Mooney/OCT2017/test/DME/DME-8602716-3.jpeg,,,Kermany,test,1,DME,True,Kermany-test,1,DME,0.9999815,2.9352843e-05,0.7415616,0.7870913,1,-4.099761,False,-4.3722453,False,-7.266301,False,-4.652689,False,False,True
/Users/yuhaowang/Documents/UCL/Term3_Proj/Dataset/Paul_Mooney/OCT2017/test/DME/DME-8602716-4.jpeg,,,Kermany,test,1,DME,True,Kermany-test,1,DME,0.99983025,0.00018515112,0.7348617,-0.2608924,1,-5.443653,False,-4.3354225,False,-7.266301,False,-6.373317,False,False,True
/Users/yuhaowang/Documents/UCL/Term3_Proj/Dataset/Paul_Mooney/OCT2017/test/DME/DME-8615417-1.jpeg,,,Kermany,test,1,DME,True,Kermany-test,1,DME,0.99999976,3.5671474e-06,0.78969574,-0.9705049,1,-8.341526,False,-4.37834,False,-7.266301,False,-8.289401,False,False,True
/Users/yuhaowang/Documents/UCL/Term3_Proj/Dataset/Paul_Mooney/OCT2017/test/DME/DME-8615417-2.jpeg,,,Kermany,test,1,DME,True,Kermany-test,1,DME,0.9999256,6.26673e-05,0.7051196,-0.13993259,1,-4.266801,False,-4.3643713,False,-7.266301,False,-5.822433,False,False,True
/Users/yuhaowang/Documents/UCL/Term3_Proj/Dataset/Paul_Mooney/OCT2017/test/DME/DME-8635355-1.jpeg,,,Kermany,test,1,DME,True,Kermany-test,1,DME,0.99996305,0.00029535638,0.69500524,0.63244885,1,-2.7723372,False,-4.3093762,False,-7.266301,False,-4.3271465,False,False,True
/Users/yuhaowang/Documents/UCL/Term3_Proj/Dataset/Paul_Mooney/OCT2017/test/DME/DME-8635355-2.jpeg,,,Kermany,test,1,DME,True,Kermany-test,1,DME,0.99997544,0.00055549666,0.6691924,0.643506,1,-1.8915057,False,-4.2478924,False,-7.266301,False,-3.9633017,False,False,True
/Users/yuhaowang/Documents/UCL/Term3_Proj/Dataset/Paul_Mooney/OCT2017/test/DME/DME-8729675-1.jpeg,,,Kermany,test,1,DME,True,Kermany-test,1,DME,0.9999999,2.7406168e-07,0.75105286,0.8370676,1,-4.3427687,False,-4.379118,False,-7.266301,False,-4.683617,False,False,True
/Users/yuhaowang/Documents/UCL/Term3_Proj/Dataset/Paul_Mooney/OCT2017/test/DME/DME-8729675-2.jpeg,,,Kermany,test,1,DME,True,Kermany-test,1,DME,0.99835265,0.0014233626,0.5994207,-0.8193327,1,-1.7443824,False,-4.0427747,False,-7.266301,False,-5.5528593,False,True,True
/Users/yuhaowang/Documents/UCL/Term3_Proj/Dataset/Paul_Mooney/OCT2017/test/DME/DME-8732456-1.jpeg,,,Kermany,test,1,DME,True,Kermany-test,1,DME,0.97957385,0.0071419924,0.5409753,0.9922995,2,2.9234939,True,-2.6911917,False,5.519489,True,4.902267,True,True,True
/Users/yuhaowang/Documents/UCL/Term3_Proj/Dataset/Paul_Mooney/OCT2017/test/DME/DME-8766603-1.jpeg,,,Kermany,test,1,DME,True,Kermany-test,1,DME,1.0,1.5643946e-06,0.74089783,0.5113038,1,-4.4902306,False,-4.378813,False,-7.266301,False,-5.1278872,False,False,True
/Users/yuhaowang/Documents/UCL/Term3_Proj/Dataset/Paul_Mooney/OCT2017/test/DME/DME-8807486-1.jpeg,,,Kermany,test,1,DME,True,Kermany-test,1,DME,1.0,8.708116e-08,0.76695824,0.36507806,1,-5.581619,False,-4.3791623,False,-7.266301,False,-5.695088,False,False,True
/Users/yuhaowang/Documents/UCL/Term3_Proj/Dataset/Paul_Mooney/OCT2017/test/DME/DME-8847144-1.jpeg,,,Kermany,test,1,DME,True,Kermany-test,1,DME,0.9999925,0.05442902,0.62235343,0.30522484,1,-0.8294215,False,8.484974,True,-7.266301,False,3.2175155,True,False,True
/Users/yuhaowang/Documents/UCL/Term3_Proj/Dataset/Paul_Mooney/OCT2017/test/DME/DME-8851193-1.jpeg,,,Kermany,test,1,DME,True,Kermany-test,1,DME,0.99999833,2.4901674e-06,0.7376617,0.7574331,1,-4.0135636,False,-4.3785944,False,-7.266301,False,-4.661033,False,False,True
/Users/yuhaowang/Documents/UCL/Term3_Proj/Dataset/Paul_Mooney/OCT2017/test/DME/DME-8861620-1.jpeg,,,Kermany,test,1,DME,True,Kermany-test,1,DME,0.99999976,1.9900835e-07,0.73974556,0.54225904,1,-4.405327,False,-4.379136,False,-7.266301,False,-5.060425,False,False,True
/Users/yuhaowang/Documents/UCL/Term3_Proj/Dataset/Paul_Mooney/OCT2017/test/DME/DME-8861620-2.jpeg,,,Kermany,test,1,DME,True,Kermany-test,1,DME,0.9999356,4.3345848e-05,0.68024933,0.65252745,1,-2.2482233,False,-4.368938,False,-7.266301,False,-4.148842,False,False,True
/Users/yuhaowang/Documents/UCL/Term3_Proj/Dataset/Paul_Mooney/OCT2017/test/DME/DME-8861620-3.jpeg,,,Kermany,test,1,DME,True,Kermany-test,1,DME,0.99999976,7.274739e-07,0.75463396,0.36451802,1,-5.1698065,False,-4.3790107,False,-7.266301,False,-5.548052,False,False,True
/Users/yuhaowang/Documents/UCL/Term3_Proj/Dataset/Paul_Mooney/OCT2017/test/DME/DME-8889771-1.jpeg,,,Kermany,test,1,DME,True,Kermany-test,1,DME,0.99999905,2.8799113e-06,0.7940796,1.0412129,1,-5.4779344,False,-4.378502,False,-7.266301,False,-4.844804,False,False,True
/Users/yuhaowang/Documents/UCL/Term3_Proj/Dataset/Paul_Mooney/OCT2017/test/DME/DME-8889771-2.jpeg,,,Kermany,test,1,DME,True,Kermany-test,1,DME,1.0,3.8564508e-08,0.76894116,0.41897786,1,-5.567356,False,-4.3791738,False,-7.266301,False,-5.6251917,False,False,True
/Users/yuhaowang/Documents/UCL/Term3_Proj/Dataset/Paul_Mooney/OCT2017/test/DME/DME-8889771-3.jpeg,,,Kermany,test,1,DME,True,Kermany-test,1,DME,0.99997103,2.3024913e-05,0.6700729,0.13104305,1,-2.6878488,False,-4.373741,False,-7.266301,False,-4.936,False,False,True
/Users/yuhaowang/Documents/UCL/Term3_Proj/Dataset/Paul_Mooney/OCT2017/test/DME/DME-8889771-4.jpeg,,,Kermany,test,1,DME,True,Kermany-test,1,DME,0.9999802,5.612016e-05,0.67019176,-0.04542762,1,-2.9559026,False,-4.365919,False,-7.266301,False,-5.239788,False,False,True
/Users/yuhaowang/Documents/UCL/Term3_Proj/Dataset/Paul_Mooney/OCT2017/test/DME/DME-8908847-1.jpeg,,,Kermany,test,1,DME,True,Kermany-test,1,DME,0.99999976,4.121166e-07,0.7962104,0.61494386,1,-6.187157,False,-4.3790855,False,-7.266301,False,-5.6117644,False,False,True
/Users/yuhaowang/Documents/UCL/Term3_Proj/Dataset/Paul_Mooney/OCT2017/test/DME/DME-8989419-1.jpeg,,,Kermany,test,1,DME,True,Kermany-test,1,DME,0.9992669,0.00025965506,0.6311986,0.4876239,1,-0.85263586,False,-4.317814,False,-7.266301,False,-3.8178463,False,True,True
/Users/yuhaowang/Documents/UCL/Term3_Proj/Dataset/Paul_Mooney/OCT2017/test/DME/DME-9066695-1.jpeg,,,Kermany,test,1,DME,True,Kermany-test,1,DME,0.99940336,0.00041093957,0.6561129,0.51848483,1,-1.6406541,False,-4.2820582,False,-7.266301,False,-4.042996,False,True,True
/Users/yuhaowang/Documents/UCL/Term3_Proj/Dataset/Paul_Mooney/OCT2017/test/DME/DME-9109143-1.jpeg,,,Kermany,test,1,DME,True,Kermany-test,1,DME,0.99905807,0.001848042,0.6967848,0.29429436,1,-3.3379428,False,-3.9424028,False,-7.266301,False,-4.728672,False,True,True
/Users/yuhaowang/Documents/UCL/Term3_Proj/Dataset/Paul_Mooney/OCT2017/test/DME/DME-910956-1.jpeg,,,Kermany,test,1,DME,True,Kermany-test,1,DME,0.9999881,5.5484998e-06,0.75589746,0.8532487,1,-4.4807653,False,-4.3778715,False,-7.266301,False,-4.7129292,False,False,True
/Users/yuhaowang/Documents/UCL/Term3_Proj/Dataset/Paul_Mooney/OCT2017/test/DME/DME-9211360-1.jpeg,,,Kermany,test,1,DME,True,Kermany-test,1,DME,0.9994349,0.0011329353,0.6082146,0.09596828,1,-0.6691508,False,-4.111417,False,-7.266301,False,-4.1060386,False,True,True
/Users/yuhaowang/Documents/UCL/Term3_Proj/Dataset/Paul_Mooney/OCT2017/test/DME/DME-9211360-2.jpeg,,,Kermany,test,1,DME,True,Kermany-test,1,DME,0.99736613,0.005758807,0.45745176,-0.04472722,1,4.168261,True,-3.0181038,False,-7.266301,False,-1.9222705,False,True,True
/Users/yuhaowang/Documents/UCL/Term3_Proj/Dataset/Paul_Mooney/OCT2017/test/DME/DME-9241179-1.jpeg,,,Kermany,test,1,DME,True,Kermany-test,1,DME,0.9999993,1.2665736e-05,0.7601235,0.19241811,1,-5.611145,False,-4.376189,False,-7.266301,False,-5.911534,False,False,True
/Users/yuhaowang/Documents/UCL/Term3_Proj/Dataset/Paul_Mooney/OCT2017/test/DME/DME-9333524-1.jpeg,,,Kermany,test,1,DME,True,Kermany-test,1,DME,0.96989965,0.02995202,0.58419204,0.8387206,2,1.2466598,True,2.6998982,True,5.519489,True,7.1678796,True,True,True
/Users/yuhaowang/Documents/UCL/Term3_Proj/Dataset/Paul_Mooney/OCT2017/test/DME/DME-9361825-1.jpeg,,,Kermany,test,1,DME,True,Kermany-test,1,DME,0.99999833,6.586284e-06,0.6992546,0.15223984,1,-3.6332111,False,-4.3776264,False,-7.266301,False,-5.251607,False,False,True
/Users/yuhaowang/Documents/UCL/Term3_Proj/Dataset/Paul_Mooney/OCT2017/test/DME/DME-9378346-1.jpeg,,,Kermany,test,1,DME,True,Kermany-test,1,DME,0.99999857,2.2376698e-05,0.6194359,-1.7372776,1,-3.7881765,False,-4.373894,False,-7.266301,False,-7.576324,False,False,True
/Users/yuhaowang/Documents/UCL/Term3_Proj/Dataset/Paul_Mooney/OCT2017/test/DME/DME-9378346-2.jpeg,,,Kermany,test,1,DME,True,Kermany-test,1,DME,0.9999479,7.717102e-05,0.58461064,-1.1597085,1,-1.7578454,False,-4.360944,False,-7.266301,False,-6.1469126,False,False,True
/Users/yuhaowang/Documents/UCL/Term3_Proj/Dataset/Paul_Mooney/OCT2017/test/DME/DME-9378346-3.jpeg,,,Kermany,test,1,DME,True,Kermany-test,1,DME,0.99999416,3.1662436e-05,0.70103776,-0.011854514,1,-3.9384713,False,-4.3716993,False,-7.266301,False,-5.5549283,False,False,True
/Users/yuhaowang/Documents/UCL/Term3_Proj/Dataset/Paul_Mooney/OCT2017/test/DME/DME-9428363-1.jpeg,,,Kermany,test,1,DME,True,Kermany-test,1,DME,0.99999535,0.00021635444,0.6130222,-0.010800954,1,-0.9898939,False,-4.3280478,False,-7.266301,False,-4.471969,False,False,True
/Users/yuhaowang/Documents/UCL/Term3_Proj/Dataset/Paul_Mooney/OCT2017/test/DME/DME-9488073-1.jpeg,,,Kermany,test,1,DME,True,Kermany-test,1,DME,1.0,2.529788e-08,0.7303276,-0.49272615,1,-5.638761,False,-4.379177,False,-7.266301,False,-6.7466965,False,False,True
/Users/yuhaowang/Documents/UCL/Term3_Proj/Dataset/Paul_Mooney/OCT2017/test/DME/DME-9488073-2.jpeg,,,Kermany,test,1,DME,True,Kermany-test,1,DME,1.0,1.6353238e-07,0.7767774,0.4017382,1,-5.8555317,False,-4.379144,False,-7.266301,False,-5.749201,False,False,True
/Users/yuhaowang/Documents/UCL/Term3_Proj/Dataset/Paul_Mooney/OCT2017/test/DME/DME-9504297-1.jpeg,,,Kermany,test,1,DME,True,Kermany-test,1,DME,0.99999404,4.2692613e-05,0.7059746,0.2810085,1,-3.665523,False,-4.3690925,False,-7.266301,False,-5.1035748,False,False,True
/Users/yuhaowang/Documents/UCL/Term3_Proj/Dataset/Paul_Mooney/OCT2017/test/DME/DME-9557298-1.jpeg,,,Kermany,test,1,DME,True,Kermany-test,1,DME,0.9999999,4.9131297e-05,0.7069514,-3.1049824,1,-8.765094,False,-4.367571,False,-7.266301,False,-11.000874,False,False,True
/Users/yuhaowang/Documents/UCL/Term3_Proj/Dataset/Paul_Mooney/OCT2017/test/DME/DME-9579219-1.jpeg,,,Kermany,test,1,DME,True,Kermany-test,1,DME,0.99988043,0.0015703798,0.6589648,0.20538568,1,-2.2046716,False,-4.0080276,False,-7.266301,False,-4.46644,False,False,True
/Users/yuhaowang/Documents/UCL/Term3_Proj/Dataset/Paul_Mooney/OCT2017/test/DME/DME-98994-1.jpeg,,,Kermany,test,1,DME,True,Kermany-test,1,DME,0.99999833,1.974895e-06,0.78883475,0.63511884,1,-5.91001,False,-4.378716,False,-7.266301,False,-5.487954,False,False,True
/Users/yuhaowang/Documents/UCL/Term3_Proj/Dataset/Paul_Mooney/OCT2017/test/DME/DME-98994-2.jpeg,,,Kermany,test,1,DME,True,Kermany-test,1,DME,0.99999654,5.3516997e-06,0.762949,0.29398954,1,-5.5537567,False,-4.377918,False,-7.266301,False,-5.769847,False,False,True
/Users/yuhaowang/Documents/UCL/Term3_Proj/Dataset/Paul_Mooney/OCT2017/test/DRUSEN/DRUSEN-1083159-1.jpeg,,,Kermany,test,2,DRUSEN,True,Kermany-test,2,DRUSEN,0.9999999,1.9966737e-06,0.90167737,0.5898163,1,-9.75608,False,-4.3787107,False,-7.266301,False,-6.9211197,False,False,True
/Users/yuhaowang/Documents/UCL/Term3_Proj/Dataset/Paul_Mooney/OCT2017/test/DRUSEN/DRUSEN-1112835-1.jpeg,,,Kermany,test,2,DRUSEN,True,Kermany-test,2,DRUSEN,0.99968064,0.005258318,0.7226314,-0.22009055,1,-4.9730935,False,-3.136393,False,-7.266301,False,-5.476946,False,True,True
/Users/yuhaowang/Documents/UCL/Term3_Proj/Dataset/Paul_Mooney/OCT2017/test/DRUSEN/DRUSEN-1173253-1.jpeg,,,Kermany,test,2,DRUSEN,True,Kermany-test,2,DRUSEN,0.9924791,0.009171873,0.6410805,0.8734854,1,-0.6060977,False,-2.2114346,False,-7.266301,False,-2.073451,False,True,True
/Users/yuhaowang/Documents/UCL/Term3_Proj/Dataset/Paul_Mooney/OCT2017/test/DRUSEN/DRUSEN-1193659-1.jpeg,,,Kermany,test,2,DRUSEN,True,Kermany-test,2,DRUSEN,0.99998605,6.2146224e-05,0.8157535,1.0509671,1,-6.18904,False,-4.364495,False,-7.266301,False,-5.080063,False,False,True
/Users/yuhaowang/Documents/UCL/Term3_Proj/Dataset/Paul_Mooney/OCT2017/test/DRUSEN/DRUSEN-1219727-1.jpeg,,,Kermany,test,2,DRUSEN,True,Kermany-test,2,DRUSEN,0.9998348,0.0009919619,0.7469105,0.7595238,1,-4.32011,False,-4.1447353,False,-7.266301,False,-4.6360464,False,False,True
/Users/yuhaowang/Documents/UCL/Term3_Proj/Dataset/Paul_Mooney/OCT2017/test/DRUSEN/DRUSEN-1225603-1.jpeg,,,Kermany,test,2,DRUSEN,True,Kermany-test,2,DRUSEN,1.0,2.2382746e-06,0.9010914,1.0751137,1,-9.010251,False,-4.3786535,False,-7.266301,False,-6.07038,False,False,True
/Users/yuhaowang/Documents/UCL/Term3_Proj/Dataset/Paul_Mooney/OCT2017/test/DRUSEN/DRUSEN-1225603-2.jpeg,,,Kermany,test,2,DRUSEN,True,Kermany-test,2,DRUSEN,0.9999994,2.2208842e-06,0.87313837,0.75527805,1,-8.552917,False,-4.378658,False,-7.266301,False,-6.290896,False,False,True
/Users/yuhaowang/Documents/UCL/Term3_Proj/Dataset/Paul_Mooney/OCT2017/test/DRUSEN/DRUSEN-1237848-1.jpeg,,,Kermany,test,2,DRUSEN,True,Kermany-test,2,DRUSEN,0.99999964,3.536757e-05,0.88853365,0.7305006,1,-9.10547,False,-4.370824,False,-7.266301,False,-6.5143213,False,False,True
/Users/yuhaowang/Documents/UCL/Term3_Proj/Dataset/Paul_Mooney/OCT2017/test/DRUSEN/DRUSEN-1237848-2.jpeg,,,Kermany,test,2,DRUSEN,True,Kermany-test,2,DRUSEN,1.0,6.8011514e-07,0.86977804,0.6241066,1,-8.636691,False,-4.379022,False,-7.266301,False,-6.4788065,False,False,True
/Users/yuhaowang/Documents/UCL/Term3_Proj/Dataset/Paul_Mooney/OCT2017/test/DRUSEN/DRUSEN-1237848-3.jpeg,,,Kermany,test,2,DRUSEN,True,Kermany-test,2,DRUSEN,0.99999964,2.443351e-05,0.9046988,0.810799,1,-9.526563,False,-4.373408,False,-7.266301,False,-6.5702124,False,False,True
/Users/yuhaowang/Documents/UCL/Term3_Proj/Dataset/Paul_Mooney/OCT2017/test/DRUSEN/DRUSEN-1246453-1.jpeg,,,Kermany,test,2,DRUSEN,True,Kermany-test,2,DRUSEN,0.9999125,0.008688609,0.78358394,0.58255637,1,-5.812854,False,-2.3256528,False,-7.266301,False,-4.354289,False,False,True
/Users/yuhaowang/Documents/UCL/Term3_Proj/Dataset/Paul_Mooney/OCT2017/test/DRUSEN/DRUSEN-1487749-1.jpeg,,,Kermany,test,2,DRUSEN,True,Kermany-test,2,DRUSEN,0.9999999,1.0188878e-06,0.86897004,0.76389474,1,-8.400455,False,-4.378942,False,-7.266301,False,-6.226046,False,False,True
/Users/yuhaowang/Documents/UCL/Term3_Proj/Dataset/Paul_Mooney/OCT2017/test/DRUSEN/DRUSEN-1487749-2.jpeg,,,Kermany,test,2,DRUSEN,True,Kermany-test,2,DRUSEN,0.9999999,1.0580225e-06,0.8867563,0.6312439,1,-9.194489,False,-4.378933,False,-7.266301,False,-6.6701326,False,False,True
/Users/yuhaowang/Documents/UCL/Term3_Proj/Dataset/Paul_Mooney/OCT2017/test/DRUSEN/DRUSEN-1487749-3.jpeg,,,Kermany,test,2,DRUSEN,True,Kermany-test,2,DRUSEN,1.0,8.037418e-09,0.91086006,-0.64088136,1,-11.905182,False,-4.379181,False,-7.266301,False,-9.171131,False,False,True
/Users/yuhaowang/Documents/UCL/Term3_Proj/Dataset/Paul_Mooney/OCT2017/test/DRUSEN/DRUSEN-1487749-4.jpeg,,,Kermany,test,2,DRUSEN,True,Kermany-test,2,DRUSEN,1.0,6.6798123e-09,0.88364416,-0.05426625,1,-10.1160965,False,-4.3791814,False,-7.266301,False,-7.8246565,False,False,True
/Users/yuhaowang/Documents/UCL/Term3_Proj/Dataset/Paul_Mooney/OCT2017/test/DRUSEN/DRUSEN-1530990-1.jpeg,,,Kermany,test,2,DRUSEN,True,Kermany-test,2,DRUSEN,0.99979943,0.0035270303,0.7343256,-0.5826169,1,-5.907139,False,-3.5455785,False,-7.266301,False,-6.4791436,False,True,True
/Users/yuhaowang/Documents/UCL/Term3_Proj/Dataset/Paul_Mooney/OCT2017/test/DRUSEN/DRUSEN-1730592-1.jpeg,,,Kermany,test,2,DRUSEN,True,Kermany-test,2,DRUSEN,0.999998,2.474946e-05,0.8726294,0.78740436,1,-8.487801,False,-4.3733335,False,-7.266301,False,-6.225923,False,False,True
/Users/yuhaowang/Documents/UCL/Term3_Proj/Dataset/Paul_Mooney/OCT2017/test/DRUSEN/DRUSEN-1786810-1.jpeg,,,Kermany,test,2,DRUSEN,True,Kermany-test,2,DRUSEN,0.99993753,0.0016243383,0.7742131,0.5931543,1,-5.483233,False,-3.9952748,False,-7.266301,False,-5.168384,False,False,True
/Users/yuhaowang/Documents/UCL/Term3_Proj/Dataset/Paul_Mooney/OCT2017/test/DRUSEN/DRUSEN-1786810-2.jpeg,,,Kermany,test,2,DRUSEN,True,Kermany-test,2,DRUSEN,0.9999994,0.00017687702,0.85115755,0.8882337,1,-7.617981,False,-4.3373785,False,-7.266301,False,-5.7725644,False,False,True
/Users/yuhaowang/Documents/UCL/Term3_Proj/Dataset/Paul_Mooney/OCT2017/test/DRUSEN/DRUSEN-1786810-3.jpeg,,,Kermany,test,2,DRUSEN,True,Kermany-test,2,DRUSEN,0.99999964,3.0195064e-05,0.81210047,0.56369776,1,-6.7958856,False,-4.3720465,False,-7.266301,False,-5.8875933,False,False,True
/Users/yuhaowang/Documents/UCL/Term3_Proj/Dataset/Paul_Mooney/OCT2017/test/DRUSEN/DRUSEN-1789270-1.jpeg,,,Kermany,test,2,DRUSEN,True,Kermany-test,2,DRUSEN,0.9999895,1.6085483e-05,0.8566833,0.29532838,1,-8.690234,False,-4.375381,False,-7.266301,False,-6.8911448,False,False,True
/Users/yuhaowang/Documents/UCL/Term3_Proj/Dataset/Paul_Mooney/OCT2017/test/DRUSEN/DRUSEN-1793499-1.jpeg,,,Kermany,test,2,DRUSEN,True,Kermany-test,2,DRUSEN,0.9999993,5.8411097e-06,0.89183503,0.87623286,1,-8.997932,False,-4.3778024,False,-7.266301,False,-6.3045454,False,False,True
/Users/yuhaowang/Documents/UCL/Term3_Proj/Dataset/Paul_Mooney/OCT2017/test/DRUSEN/DRUSEN-1912508-1.jpeg,,,Kermany,test,2,DRUSEN,True,Kermany-test,2,DRUSEN,0.99999475,5.1631505e-06,0.8355994,0.2811161,1,-8.005555,False,-4.3779626,False,-7.266301,False,-6.6642504,False,False,True
/Users/yuhaowang/Documents/UCL/Term3_Proj/Dataset/Paul_Mooney/OCT2017/test/DRUSEN/DRUSEN-1997439-1.jpeg,,,Kermany,test,2,DRUSEN,True,Kermany-test,2,DRUSEN,1.0,1.6798695e-06,0.8812666,0.8947157,1,-8.616414,False,-4.378786,False,-7.266301,False,-6.1461205,False,False,True
/Users/yuhaowang/Documents/UCL/Term3_Proj/Dataset/Paul_Mooney/OCT2017/test/DRUSEN/DRUSEN-1997439-2.jpeg,,,Kermany,test,2,DRUSEN,True,Kermany-test,2,DRUSEN,1.0,2.1063761e-07,0.89816856,0.8729074,1,-9.2149725,False,-4.379133,False,-7.266301,False,-6.3870993,False,False,True
/Users/yuhaowang/Documents/UCL/Term3_Proj/Dataset/Paul_Mooney/OCT2017/test/DRUSEN/DRUSEN-1997439-3.jpeg,,,Kermany,test,2,DRUSEN,True,Kermany-test,2,DRUSEN,1.0,7.1134025e-08,0.8316528,0.9979386,1,-6.8007445,False,-4.3791656,False,-7.266301,False,-5.371389,False,False,True
/Users/yuhaowang/Documents/UCL/Term3_Proj/Dataset/Paul_Mooney/OCT2017/test/DRUSEN/DRUSEN-1997439-4.jpeg,,,Kermany,test,2,DRUSEN,True,Kermany-test,2,DRUSEN,0.99999976,8.394123e-06,0.871744,0.9272128,1,-8.248941,False,-4.377199,False,-7.266301,False,-5.974431,False,False,True
/Users/yuhaowang/Documents/UCL/Term3_Proj/Dataset/Paul_Mooney/OCT2017/test/DRUSEN/DRUSEN-2108193-1.jpeg,,,Kermany,test,2,DRUSEN,True,Kermany-test,2,DRUSEN,0.99946743,0.004553864,0.67164516,0.6082679,1,-2.026363,False,-3.302889,False,-7.266301,False,-3.5191364,False,True,True
/Users/yuhaowang/Documents/UCL/Term3_Proj/Dataset/Paul_Mooney/OCT2017/test/DRUSEN/DRUSEN-2108193-2.jpeg,,,Kermany,test,2,DRUSEN,True,Kermany-test,2,DRUSEN,0.99998987,0.0001731742,0.7866208,0.67215466,1,-5.7804594,False,-4.3382535,False,-7.266301,False,-5.374094,False,False,True
/Users/yuhaowang/Documents/UCL/Term3_Proj/Dataset/Paul_Mooney/OCT2017/test/DRUSEN/DRUSEN-2128644-1.jpeg,,,Kermany,test,2,DRUSEN,True,Kermany-test,2,DRUSEN,1.0,1.5618089e-06,0.85900766,0.806035,1,-8.003828,False,-4.3788137,False,-7.266301,False,-6.0331388,False,False,True
/Users/yuhaowang/Documents/UCL/Term3_Proj/Dataset/Paul_Mooney/OCT2017/test/DRUSEN/DRUSEN-2128644-2.jpeg,,,Kermany,test,2,DRUSEN,True,Kermany-test,2,DRUSEN,0.9960824,0.0025779866,0.70154756,0.6981521,1,-2.8930724,False,-3.7698824,False,-7.266301,False,-3.9860988,False,True,True
/Users/yuhaowang/Documents/UCL/Term3_Proj/Dataset/Paul_Mooney/OCT2017/test/DRUSEN/DRUSEN-2128644-3.jpeg,,,Kermany,test,2,DRUSEN,True,Kermany-test,2,DRUSEN,0.9989825,0.015674558,0.743577,0.6448627,1,-4.380076,False,-0.6745422,False,-7.266301,False,-2.8312643,False,True,True
/Users/yuhaowang/Documents/UCL/Term3_Proj/Dataset/Paul_Mooney/OCT2017/test/DRUSEN/DRUSEN-2141150-1.jpeg,,,Kermany,test,2,DRUSEN,True,Kermany-test,2,DRUSEN,0.99999833,6.8779555e-06,0.88032216,1.1166072,1,-8.2527485,False,-4.3775573,False,-7.266301,False,-5.7483387,False,False,True
/Users/yuhaowang/Documents/UCL/Term3_Proj/Dataset/Paul_Mooney/OCT2017/test/DRUSEN/DRUSEN-2156263-1.jpeg,,,Kermany,test,2,DRUSEN,True,Kermany-test,2,DRUSEN,0.9999999,2.2762339e-05,0.776049,0.70721495,1,-5.3740225,False,-4.373803,False,-7.266301,False,-5.2063737,False,False,True
/Users/yuhaowang/Documents/UCL/Term3_Proj/Dataset/Paul_Mooney/OCT2017/test/DRUSEN/DRUSEN-2173657-1.jpeg,,,Kermany,test,2,DRUSEN,True,Kermany-test,2,DRUSEN,1.0,5.8626324e-07,0.8775579,0.6219276,1,-8.900442,False,-4.3790445,False,-7.266301,False,-6.575986,False,False,True
/Users/yuhaowang/Documents/UCL/Term3_Proj/Dataset/Paul_Mooney/OCT2017/test/DRUSEN/DRUSEN-2180220-1.jpeg,,,Kermany,test,2,DRUSEN,True,Kermany-test,2,DRUSEN,0.9999999,1.8546649e-05,0.8554602,0.2481586,1,-8.719868,False,-4.3747993,False,-7.266301,False,-6.958138,False,False,True
/Users/yuhaowang/Documents/UCL/Term3_Proj/Dataset/Paul_Mooney/OCT2017/test/DRUSEN/DRUSEN-2185112-1.jpeg,,,Kermany,test,2,DRUSEN,True,Kermany-test,2,DRUSEN,0.9998518,0.00012887362,0.7481361,0.25528204,1,-5.1157036,False,-4.348724,False,-7.266301,False,-5.6428213,False,False,True
/Users/yuhaowang/Documents/UCL/Term3_Proj/Dataset/Paul_Mooney/OCT2017/test/DRUSEN/DRUSEN-2185112-2.jpeg,,,Kermany,test,2,DRUSEN,True,Kermany-test,2,DRUSEN,0.9999989,7.350085e-05,0.6961238,-0.27484816,1,-4.1674867,False,-4.361811,False,-7.266301,False,-5.9475565,False,False,True
/Users/yuhaowang/Documents/UCL/Term3_Proj/Dataset/Paul_Mooney/OCT2017/test/DRUSEN/DRUSEN-2232211-1.jpeg,,,Kermany,test,2,DRUSEN,True,Kermany-test,2,DRUSEN,0.9999851,7.4864016e-05,0.81983197,0.8134641,1,-6.6810017,False,-4.361489,False,-7.266301,False,-5.540205,False,False,True
/Users/yuhaowang/Documents/UCL/Term3_Proj/Dataset/Paul_Mooney/OCT2017/test/DRUSEN/DRUSEN-2253582-1.jpeg,,,Kermany,test,2,DRUSEN,True,Kermany-test,2,DRUSEN,0.9999999,1.3708326e-05,0.897414,1.086597,1,-8.869939,False,-4.375943,False,-7.266301,False,-6.0047445,False,False,True
/Users/yuhaowang/Documents/UCL/Term3_Proj/Dataset/Paul_Mooney/OCT2017/test/DRUSEN/DRUSEN-2257047-1.jpeg,,,Kermany,test,2,DRUSEN,True,Kermany-test,2,DRUSEN,0.99997354,0.0007812104,0.8520896,0.91391826,1,-7.610753,False,-4.1945457,False,-7.266301,False,-5.6582575,False,False,True
/Users/yuhaowang/Documents/UCL/Term3_Proj/Dataset/Paul_Mooney/OCT2017/test/DRUSEN/DRUSEN-2257047-2.jpeg,,,Kermany,test,2,DRUSEN,True,Kermany-test,2,DRUSEN,0.9999989,4.3740933e-05,0.865397,0.71473,1,-8.35439,False,-4.368845,False,-7.266301,False,-6.262916,False,False,True
/Users/yuhaowang/Documents/UCL/Term3_Proj/Dataset/Paul_Mooney/OCT2017/test/DRUSEN/DRUSEN-2257047-3.jpeg,,,Kermany,test,2,DRUSEN,True,Kermany-test,2,DRUSEN,0.99992263,0.00019586424,0.86468375,0.59744066,1,-8.506023,False,-4.3328905,False,-7.266301,False,-6.4379096,False,False,True
/Users/yuhaowang/Documents/UCL/Term3_Proj/Dataset/Paul_Mooney/OCT2017/test/DRUSEN/DRUSEN-2257047-4.jpeg,,,Kermany,test,2,DRUSEN,True,Kermany-test,2,DRUSEN,0.99994254,0.00088388566,0.8487503,1.0095166,1,-7.3558893,False,-4.1702785,False,-7.266301,False,-5.4382477,False,False,True
/Users/yuhaowang/Documents/UCL/Term3_Proj/Dataset/Paul_Mooney/OCT2017/test/DRUSEN/DRUSEN-2257047-5.jpeg,,,Kermany,test,2,DRUSEN,True,Kermany-test,2,DRUSEN,0.99999607,2.0471722e-05,0.84613657,0.67813754,1,-7.764257,False,-4.3743443,False,-7.266301,False,-6.0984674,False,False,True
/Users/yuhaowang/Documents/UCL/Term3_Proj/Dataset/Paul_Mooney/OCT2017/test/DRUSEN/DRUSEN-2257047-6.jpeg,,,Kermany,test,2,DRUSEN,True,Kermany-test,2,DRUSEN,0.9997489,0.004290386,0.82354206,0.6695077,1,-7.020645,False,-3.3651612,False,-7.266301,False,-5.2710853,False,True,True
/Users/yuhaowang/Documents/UCL/Term3_Proj/Dataset/Paul_Mooney/OCT2017/test/DRUSEN/DRUSEN-2257047-7.jpeg,,,Kermany,test,2,DRUSEN,True,Kermany-test,2,DRUSEN,0.9999311,9.348453e-05,0.74183357,0.2925474,1,-4.8489127,False,-4.357088,False,-7.266301,False,-5.507123,False,False,True
/Users/yuhaowang/Documents/UCL/Term3_Proj/Dataset/Paul_Mooney/OCT2017/test/DRUSEN/DRUSEN-2257047-8.jpeg,,,Kermany,test,2,DRUSEN,True,Kermany-test,2,DRUSEN,0.99999726,0.0005518489,0.8305755,0.4456394,1,-7.5911455,False,-4.2487545,False,-7.266301,False,-6.2448015,False,False,True
/Users/yuhaowang/Documents/UCL/Term3_Proj/Dataset/Paul_Mooney/OCT2017/test/DRUSEN/DRUSEN-228939-1.jpeg,,,Kermany,test,2,DRUSEN,True,Kermany-test,2,DRUSEN,1.0,3.4744971e-09,0.9025061,0.7122762,1,-9.600576,False,-4.379182,False,-7.266301,False,-6.718441,False,False,True
/Users/yuhaowang/Documents/UCL/Term3_Proj/Dataset/Paul_Mooney/OCT2017/test/DRUSEN/DRUSEN-228939-2.jpeg,,,Kermany,test,2,DRUSEN,True,Kermany-test,2,DRUSEN,1.0,8.683401e-09,0.85878,0.593031,1,-8.314949,False,-4.379181,False,-7.266301,False,-6.400915,False,False,True
/Users/yuhaowang/Documents/UCL/Term3_Proj/Dataset/Paul_Mooney/OCT2017/test/DRUSEN/DRUSEN-2308158-1.jpeg,,,Kermany,test,2,DRUSEN,True,Kermany-test,2,DRUSEN,1.0,6.9962014e-05,0.8446653,0.50934124,1,-7.9675846,False,-4.3626475,False,-7.266301,False,-6.367635,False,False,True
/Users/yuhaowang/Documents/UCL/Term3_Proj/Dataset/Paul_Mooney/OCT2017/test/DRUSEN/DRUSEN-2403178-1.jpeg,,,Kermany,test,2,DRUSEN,True,Kermany-test,2,DRUSEN,0.9999999,0.00013045152,0.8378195,0.7538999,1,-7.372407,False,-4.348351,False,-7.266301,False,-5.852218,False,False,True
/Users/yuhaowang/Documents/UCL/Term3_Proj/Dataset/Paul_Mooney/OCT2017/test/DRUSEN/DRUSEN-2403178-2.jpeg,,,Kermany,test,2,DRUSEN,True,Kermany-test,2,DRUSEN,0.99948776,0.0011704853,0.7372662,0.83915377,1,-3.8780315,False,-4.102542,False,-7.266301,False,-4.3579736,False,True,True
/Users/yuhaowang/Documents/UCL/Term3_Proj/Dataset/Paul_Mooney/OCT2017/test/DRUSEN/DRUSEN-2403178-3.jpeg,,,Kermany,test,2,DRUSEN,True,Kermany-test,2,DRUSEN,0.96599257,0.15999083,0.6189832,0.024370702,1,-1.1368527,False,33.43423,True,-7.266301,False,16.89082,True,True,True
/Users/yuhaowang/Documents/UCL/Term3_Proj/Dataset/Paul_Mooney/OCT2017/test/DRUSEN/DRUSEN-2403178-4.jpeg,,,Kermany,test,2,DRUSEN,True,Kermany-test,2,DRUSEN,0.9999654,0.0024089608,0.84395766,0.7252261,1,-7.620837,False,-3.8098311,False,-7.266301,False,-5.6709423,False,False,True
/Users/yuhaowang/Documents/UCL/Term3_Proj/Dataset/Paul_Mooney/OCT2017/test/DRUSEN/DRUSEN-2403178-5.jpeg,,,Kermany,test,2,DRUSEN,True,Kermany-test,2,DRUSEN,0.9999976,1.39542535e-05,0.85763156,0.45588973,1,-8.481717,False,-4.375885,False,-7.266301,False,-6.62368,False,False,True
/Users/yuhaowang/Documents/UCL/Term3_Proj/Dataset/Paul_Mooney/OCT2017/test/DRUSEN/DRUSEN-2403178-6.jpeg,,,Kermany,test,2,DRUSEN,True,Kermany-test,2,DRUSEN,1.0,9.910535e-06,0.8346405,0.021571964,1,-8.3618355,False,-4.3768406,False,-7.266301,False,-7.1033154,False,False,True
/Users/yuhaowang/Documents/UCL/Term3_Proj/Dataset/Paul_Mooney/OCT2017/test/DRUSEN/DRUSEN-2443068-1.jpeg,,,Kermany,test,2,DRUSEN,True,Kermany-test,2,DRUSEN,0.99999857,0.0004463042,0.7877976,0.7066273,1,-5.7682753,False,-4.2736998,False,-7.266301,False,-5.291752,False,False,True
/Users/yuhaowang/Documents/UCL/Term3_Proj/Dataset/Paul_Mooney/OCT2017/test/DRUSEN/DRUSEN-2489093-1.jpeg,,,Kermany,test,2,DRUSEN,True,Kermany-test,2,DRUSEN,0.999998,0.0002454532,0.8642079,0.5289328,1,-8.592608,False,-4.321171,False,-7.266301,False,-6.5446634,False,False,True
/Users/yuhaowang/Documents/UCL/Term3_Proj/Dataset/Paul_Mooney/OCT2017/test/DRUSEN/DRUSEN-2489093-2.jpeg,,,Kermany,test,2,DRUSEN,True,Kermany-test,2,DRUSEN,0.99999034,9.6960575e-05,0.8895885,0.6276764,1,-9.294657,False,-4.3562665,False,-7.266301,False,-6.697499,False,False,True
/Users/yuhaowang/Documents/UCL/Term3_Proj/Dataset/Paul_Mooney/OCT2017/test/DRUSEN/DRUSEN-2510299-1.jpeg,,,Kermany,test,2,DRUSEN,True,Kermany-test,2,DRUSEN,0.9999386,0.0006214492,0.8032405,0.78953046,1,-6.1612883,False,-4.232305,False,-7.266301,False,-5.309554,False,False,True
/Users/yuhaowang/Documents/UCL/Term3_Proj/Dataset/Paul_Mooney/OCT2017/test/DRUSEN/DRUSEN-2510299-2.jpeg,,,Kermany,test,2,DRUSEN,True,Kermany-test,2,DRUSEN,0.9992619,0.0021209773,0.7568852,0.4274903,1,-5.1509504,False,-3.8778954,False,-7.266301,False,-5.1819687,False,True,True
/Users/yuhaowang/Documents/UCL/Term3_Proj/Dataset/Paul_Mooney/OCT2017/test/DRUSEN/DRUSEN-2541184-1.jpeg,,,Kermany,test,2,DRUSEN,True,Kermany-test,2,DRUSEN,0.9999989,2.6741545e-05,0.85444057,0.7426277,1,-7.945793,False,-4.372863,False,-7.266301,False,-6.0851846,False,False,True
/Users/yuhaowang/Documents/UCL/Term3_Proj/Dataset/Paul_Mooney/OCT2017/test/DRUSEN/DRUSEN-2785977-1.jpeg,,,Kermany,test,2,DRUSEN,True,Kermany-test,2,DRUSEN,0.99999833,8.90794e-06,0.8793534,0.6434512,1,-8.928352,False,-4.3770776,False,-7.266301,False,-6.5590057,False,False,True
/Users/yuhaowang/Documents/UCL/Term3_Proj/Dataset/Paul_Mooney/OCT2017/test/DRUSEN/DRUSEN-2951435-1.jpeg,,,Kermany,test,2,DRUSEN,True,Kermany-test,2,DRUSEN,0.99997294,0.00017041364,0.8189334,0.7161349,1,-6.7965612,False,-4.338906,False,-7.266301,False,-5.6858425,False,False,True
/Users/yuhaowang/Documents/UCL/Term3_Proj/Dataset/Paul_Mooney/OCT2017/test/DRUSEN/DRUSEN-3017923-1.jpeg,,,Kermany,test,2,DRUSEN,True,Kermany-test,2,DRUSEN,0.9989613,0.00037874468,0.7332146,0.19921985,1,-4.699984,False,-4.2896676,False,-7.266301,False,-5.5277605,False,True,True
/Users/yuhaowang/Documents/UCL/Term3_Proj/Dataset/Paul_Mooney/OCT2017/test/DRUSEN/DRUSEN-303435-1.jpeg,,,Kermany,test,2,DRUSEN,True,Kermany-test,2,DRUSEN,0.9999999,3.8377675e-07,0.8817861,0.7907393,1,-8.789401,False,-4.379092,False,-7.266301,False,-6.333289,False,False,True
/Users/yuhaowang/Documents/UCL/Term3_Proj/Dataset/Paul_Mooney/OCT2017/test/DRUSEN/DRUSEN-3214955-1.jpeg,,,Kermany,test,2,DRUSEN,True,Kermany-test,2,DRUSEN,0.9999987,0.00013742578,0.8138978,0.51571155,1,-6.927872,False,-4.3467026,False,-7.266301,False,-5.978244,False,False,True
/Users/yuhaowang/Documents/UCL/Term3_Proj/Dataset/Paul_Mooney/OCT2017/test/DRUSEN/DRUSEN-3241692-1.jpeg,,,Kermany,test,2,DRUSEN,True,Kermany-test,2,DRUSEN,0.9999981,0.00019506738,0.83913255,-0.019373033,1,-8.573512,False,-4.3330793,False,-7.266301,False,-7.2036448,False,False,True
/Users/yuhaowang/Documents/UCL/Term3_Proj/Dataset/Paul_Mooney/OCT2017/test/DRUSEN/DRUSEN-3276918-1.jpeg,,,Kermany,test,2,DRUSEN,True,Kermany-test,2,DRUSEN,0.9999509,0.00012940739,0.8237228,0.9343758,1,-6.630342,False,-4.3485975,False,-7.266301,False,-5.3694077,False,False,True
/Users/yuhaowang/Documents/UCL/Term3_Proj/Dataset/Paul_Mooney/OCT2017/test/DRUSEN/DRUSEN-3276918-2.jpeg,,,Kermany,test,2,DRUSEN,True,Kermany-test,2,DRUSEN,1.0,-6.5966105e-08,0.85368234,0.41089496,1,-8.416817,False,-4.3791986,False,-7.266301,False,-6.656377,False,False,True
/Users/yuhaowang/Documents/UCL/Term3_Proj/Dataset/Paul_Mooney/OCT2017/test/DRUSEN/DRUSEN-3317878-1.jpeg,,,Kermany,test,2,DRUSEN,True,Kermany-test,2,DRUSEN,0.99999917,2.4137044e-06,0.88059485,0.92821854,1,-8.543787,False,-4.3786125,False,-7.266301,False,-6.079716,False,False,True
/Users/yuhaowang/Documents/UCL/Term3_Proj/Dataset/Paul_Mooney/OCT2017/test/DRUSEN/DRUSEN-3424668-1.jpeg,,,Kermany,test,2,DRUSEN,True,Kermany-test,2,DRUSEN,0.9999701,0.0041010566,0.87731797,0.9151347,1,-8.453648,False,-3.4099088,False,-7.266301,False,-5.514851,False,False,True
/Users/yuhaowang/Documents/UCL/Term3_Proj/Dataset/Paul_Mooney/OCT2017/test/DRUSEN/DRUSEN-3424668-2.jpeg,,,Kermany,test,2,DRUSEN,True,Kermany-test,2,DRUSEN,0.99861467,0.0022260696,0.7009748,0.45514053,1,-3.2375429,False,-3.8530571,False,-7.266301,False,-4.4487686,False,True,True
/Users/yuhaowang/Documents/UCL/Term3_Proj/Dataset/Paul_Mooney/OCT2017/test/DRUSEN/DRUSEN-3424668-3.jpeg,,,Kermany,test,2,DRUSEN,True,Kermany-test,2,DRUSEN,0.9985227,0.012333129,0.6756197,0.38813326,1,-2.4888558,False,-1.4642801,False,-7.266301,False,-2.9088986,False,True,True
/Users/yuhaowang/Documents/UCL/Term3_Proj/Dataset/Paul_Mooney/OCT2017/test/DRUSEN/DRUSEN-3424668-4.jpeg,,,Kermany,test,2,DRUSEN,True,Kermany-test,2,DRUSEN,0.9998573,0.004405412,0.7899623,0.73817325,1,-5.7935505,False,-3.3379753,False,-7.266301,False,-4.7332788,False,False,True
/Users/yuhaowang/Documents/UCL/Term3_Proj/Dataset/Paul_Mooney/OCT2017/test/DRUSEN/DRUSEN-3439251-1.jpeg,,,Kermany,test,2,DRUSEN,True,Kermany-test,2,DRUSEN,0.99999046,7.702061e-05,0.77727777,0.37287545,1,-5.915477,False,-4.360979,False,-7.266301,False,-5.7951026,False,False,True
/Users/yuhaowang/Documents/UCL/Term3_Proj/Dataset/Paul_Mooney/OCT2017/test/DRUSEN/DRUSEN-3439251-2.jpeg,,,Kermany,test,2,DRUSEN,True,Kermany-test,2,DRUSEN,0.99999225,5.4342905e-05,0.6779878,-0.44501606,1,-3.8148878,False,-4.3663387,False,-7.266301,False,-6.0282707,False,False,True
/Users/yuhaowang/Documents/UCL/Term3_Proj/Dataset/Paul_Mooney/OCT2017/test/DRUSEN/DRUSEN-3482415-1.jpeg,,,Kermany,test,2,DRUSEN,True,Kermany-test,2,DRUSEN,0.9999939,0.0016183811,0.83784145,0.55966467,1,-7.663799,False,-3.9966826,False,-7.266301,False,-5.9911113,False,False,True
/Users/yuhaowang/Documents/UCL/Term3_Proj/Dataset/Paul_Mooney/OCT2017/test/DRUSEN/DRUSEN-349021-1.jpeg,,,Kermany,test,2,DRUSEN,True,Kermany-test,2,DRUSEN,0.99658114,0.00268206,0.7808524,0.9000675,1,-5.2462635,False,-3.745285,False,-7.266301,False,-4.573022,False,True,True
/Users/yuhaowang/Documents/UCL/Term3_Proj/Dataset/Paul_Mooney/OCT2017/test/DRUSEN/DRUSEN-349021-2.jpeg,,,Kermany,test,2,DRUSEN,True,Kermany-test,0,CNV,0.5770635,0.132483,0.41886327,0.58109,1,6.396795,True,26.932827,True,-7.266301,False,16.580881,True,True,True
/Users/yuhaowang/Documents/UCL/Term3_Proj/Dataset/Paul_Mooney/OCT2017/test/DRUSEN/DRUSEN-3571629-1.jpeg,,,Kermany,test,2,DRUSEN,True,Kermany-test,2,DRUSEN,1.0,1.5415726e-06,0.9082033,0.30520007,1,-10.400492,False,-4.3788185,False,-7.266301,False,-7.4943056,False,False,True
/Users/yuhaowang/Documents/UCL/Term3_Proj/Dataset/Paul_Mooney/OCT2017/test/DRUSEN/DRUSEN-364469-1.jpeg,,,Kermany,test,2,DRUSEN,True,Kermany-test,2,DRUSEN,1.0,6.5245194e-07,0.89937955,0.41350758,1,-9.942975,False,-4.379029,False,-7.266301,False,-7.200227,False,False,True
/Users/yuhaowang/Documents/UCL/Term3_Proj/Dataset/Paul_Mooney/OCT2017/test/DRUSEN/DRUSEN-364469-2.jpeg,,,Kermany,test,2,DRUSEN,True,Kermany-test,2,DRUSEN,1.0,5.0671406e-07,0.9144668,0.6890766,1,-10.03577,False,-4.379063,False,-7.266301,False,-6.9022655,False,False,True
/Users/yuhaowang/Documents/UCL/Term3_Proj/Dataset/Paul_Mooney/OCT2017/test/DRUSEN/DRUSEN-364469-3.jpeg,,,Kermany,test,2,DRUSEN,True,Kermany-test,2,DRUSEN,0.9999999,1.7192338e-05,0.9154019,0.715027,1,-10.028246,False,-4.375119,False,-7.266301,False,-6.8661427,False,False,True
/Users/yuhaowang/Documents/UCL/Term3_Proj/Dataset/Paul_Mooney/OCT2017/test/DRUSEN/DRUSEN-364469-4.jpeg,,,Kermany,test,2,DRUSEN,True,Kermany-test,2,DRUSEN,1.0,5.2063797e-08,0.90032417,0.8542156,1,-9.315119,False,-4.3791704,False,-7.266301,False,-6.445488,False,False,True
/Users/yuhaowang/Documents/UCL/Term3_Proj/Dataset/Paul_Mooney/OCT2017/test/DRUSEN/DRUSEN-4240777-1.jpeg,,,Kermany,test,2,DRUSEN,True,Kermany-test,2,DRUSEN,0.9999995,8.395764e-07,0.89215845,0.8483784,1,-9.050444,False,-4.3789845,False,-7.266301,False,-6.3575206,False,False,True
/Users/yuhaowang/Documents/UCL/Term3_Proj/Dataset/Paul_Mooney/OCT2017/test/DRUSEN/DRUSEN-4291972-1.jpeg,,,Kermany,test,2,DRUSEN,True,Kermany-test,2,DRUSEN,0.9998241,0.000506232,0.8300795,0.22288333,1,-7.907874,False,-4.2595363,False,-7.266301,False,-6.632204,False,False,True
/Users/yuhaowang/Documents/UCL/Term3_Proj/Dataset/Paul_Mooney/OCT2017/test/DRUSEN/DRUSEN-4293095-1.jpeg,,,Kermany,test,2,DRUSEN,True,Kermany-test,2,DRUSEN,0.9999777,0.00023818994,0.76712173,0.45089993,1,-5.4586678,False,-4.3228874,False,-7.266301,False,-5.5160003,False,False,True
/Users/yuhaowang/Documents/UCL/Term3_Proj/Dataset/Paul_Mooney/OCT2017/test/DRUSEN/DRUSEN-4293095-2.jpeg,,,Kermany,test,2,DRUSEN,True,Kermany-test,2,DRUSEN,1.0,4.2784435e-05,0.8344915,-0.5854389,1,-9.265189,False,-4.369071,False,-7.266301,False,-8.152398,False,False,True
/Users/yuhaowang/Documents/UCL/Term3_Proj/Dataset/Paul_Mooney/OCT2017/test/DRUSEN/DRUSEN-4304015-1.jpeg,,,Kermany,test,2,DRUSEN,True,Kermany-test,2,DRUSEN,0.9999628,0.0007560351,0.8156977,0.7481933,1,-6.640249,False,-4.2004957,False,-7.266301,False,-5.5129337,False,False,True
/Users/yuhaowang/Documents/UCL/Term3_Proj/Dataset/Paul_Mooney/OCT2017/test/DRUSEN/DRUSEN-4314625-1.jpeg,,,Kermany,test,2,DRUSEN,True,Kermany-test,2,DRUSEN,0.999998,0.0010522676,0.8458629,0.6583523,1,-7.7847013,False,-4.130482,False,-7.266301,False,-5.9915547,False,False,True
/Users/yuhaowang/Documents/UCL/Term3_Proj/Dataset/Paul_Mooney/OCT2017/test/DRUSEN/DRUSEN-4343867-1.jpeg,,,Kermany,test,2,DRUSEN,True,Kermany-test,2,DRUSEN,0.9976083,0.0023893714,0.64455366,0.71324974,1,-0.9621687,False,-3.8144612,False,-7.266301,False,-3.301005,False,True,True
/Users/yuhaowang/Documents/UCL/Term3_Proj/Dataset/Paul_Mooney/OCT2017/test/DRUSEN/DRUSEN-4343867-2.jpeg,,,Kermany,test,2,DRUSEN,True,Kermany-test,2,DRUSEN,0.9999281,7.0900074e-05,0.7684447,0.014594585,1,-6.155861,False,-4.362426,False,-7.266301,False,-6.3127613,False,False,True
/Users/yuhaowang/Documents/UCL/Term3_Proj/Dataset/Paul_Mooney/OCT2017/test/DRUSEN/DRUSEN-4379246-1.jpeg,,,Kermany,test,2,DRUSEN,True,Kermany-test,2,DRUSEN,1.0,4.6518253e-06,0.9061476,0.84482676,1,-9.524153,False,-4.378083,False,-7.266301,False,-6.5310917,False,False,True
/Users/yuhaowang/Documents/UCL/Term3_Proj/Dataset/Paul_Mooney/OCT2017/test/DRUSEN/DRUSEN-4379246-2.jpeg,,,Kermany,test,2,DRUSEN,True,Kermany-test,2,DRUSEN,0.9999949,0.0002587824,0.8859767,0.8210188,1,-8.884401,False,-4.3180203,False,-7.266301,False,-6.296381,False,False,True
/Users/yuhaowang/Documents/UCL/Term3_Proj/Dataset/Paul_Mooney/OCT2017/test/DRUSEN/DRUSEN-457907-1.jpeg,,,Kermany,test,2,DRUSEN,True,Kermany-test,2,DRUSEN,0.9998486,0.001958901,0.7754295,-1.5382825,1,-8.713487,False,-3.9162016,False,-7.266301,False,-8.843664,False,False,True
/Users/yuhaowang/Documents/UCL/Term3_Proj/Dataset/Paul_Mooney/OCT2017/test/DRUSEN/DRUSEN-4666680-1.jpeg,,,Kermany,test,2,DRUSEN,True,Kermany-test,2,DRUSEN,1.0,1.3506842e-06,0.8728959,0.29211643,1,-9.237883,False,-4.3788633,False,-7.266301,False,-7.093294,False,False,True
/Users/yuhaowang/Documents/UCL/Term3_Proj/Dataset/Paul_Mooney/OCT2017/test/DRUSEN/DRUSEN-4666680-2.jpeg,,,Kermany,test,2,DRUSEN,True,Kermany-test,2,DRUSEN,0.9999989,8.1036735e-05,0.883141,0.568272,1,-9.167671,False,-4.36003,False,-7.266301,False,-6.725515,False,False,True
/Users/yuhaowang/Documents/UCL/Term3_Proj/Dataset/Paul_Mooney/OCT2017/test/DRUSEN/DRUSEN-4696998-1.jpeg,,,Kermany,test,2,DRUSEN,True,Kermany-test,2,DRUSEN,0.99832386,0.0021998808,0.7770939,0.2875321,1,-6.0370293,False,-3.8592467,False,-7.266301,False,-5.657285,False,True,True
/Users/yuhaowang/Documents/UCL/Term3_Proj/Dataset/Paul_Mooney/OCT2017/test/DRUSEN/DRUSEN-4878077-1.jpeg,,,Kermany,test,2,DRUSEN,True,Kermany-test,2,DRUSEN,0.9999883,0.0004039962,0.80986786,-0.06071701,1,-7.6555185,False,-4.2836995,False,-7.266301,False,-6.896317,False,False,True
/Users/yuhaowang/Documents/UCL/Term3_Proj/Dataset/Paul_Mooney/OCT2017/test/DRUSEN/DRUSEN-4878077-2.jpeg,,,Kermany,test,2,DRUSEN,True,Kermany-test,2,DRUSEN,0.99999905,3.913796e-06,0.8536206,0.7263723,1,-7.9426627,False,-4.3782578,False,-7.266301,False,-6.106656,False,False,True
/Users/yuhaowang/Documents/UCL/Term3_Proj/Dataset/Paul_Mooney/OCT2017/test/DRUSEN/DRUSEN-4878077-3.jpeg,,,Kermany,test,2,DRUSEN,True,Kermany-test,2,DRUSEN,0.9999999,1.3329314e-05,0.8534981,0.46880254,1,-8.323994,False,-4.3760324,False,-7.266301,False,-6.5517035,False,False,True
/Users/yuhaowang/Documents/UCL/Term3_Proj/Dataset/Paul_Mooney/OCT2017/test/DRUSEN/DRUSEN-4878077-4.jpeg,,,Kermany,test,2,DRUSEN,True,Kermany-test,2,DRUSEN,0.999992,4.343118e-05,0.8090197,0.42090157,1,-6.9064155,False,-4.368918,False,-7.266301,False,-6.097091,False,False,True
/Users/yuhaowang/Documents/UCL/Term3_Proj/Dataset/Paul_Mooney/OCT2017/test/DRUSEN/DRUSEN-4878077-5.jpeg,,,Kermany,test,2,DRUSEN,True,Kermany-test,2,DRUSEN,0.9999348,0.0006362917,0.7954744,0.6387164,1,-6.1269403,False,-4.228797,False,-7.266301,False,-5.4765406,False,False,True
/Users/yuhaowang/Documents/UCL/Term3_Proj/Dataset/Paul_Mooney/OCT2017/test/DRUSEN/DRUSEN-4878077-6.jpeg,,,Kermany,test,2,DRUSEN,True,Kermany-test,2,DRUSEN,0.9981261,0.00650103,0.67809117,0.7767668,1,-1.9900479,False,-2.8426814,False,-7.266301,False,-3.0431013,False,True,True
/Users/yuhaowang/Documents/UCL/Term3_Proj/Dataset/Paul_Mooney/OCT2017/test/DRUSEN/DRUSEN-4904794-1.jpeg,,,Kermany,test,2,DRUSEN,True,Kermany-test,2,DRUSEN,0.99999833,4.8850052e-05,0.8664524,0.53974664,1,-8.651577,False,-4.367637,False,-7.266301,False,-6.5791035,False,False,True
/Users/yuhaowang/Documents/UCL/Term3_Proj/Dataset/Paul_Mooney/OCT2017/test/DRUSEN/DRUSEN-4951152-1.jpeg,,,Kermany,test,2,DRUSEN,True,Kermany-test,2,DRUSEN,0.99999297,1.729338e-05,0.874634,1.0580285,1,-8.149953,False,-4.3750954,False,-7.266301,False,-5.78051,False,False,True
/Users/yuhaowang/Documents/UCL/Term3_Proj/Dataset/Paul_Mooney/OCT2017/test/DRUSEN/DRUSEN-4973287-1.jpeg,,,Kermany,test,2,DRUSEN,True,Kermany-test,2,DRUSEN,0.9999993,1.2057484e-05,0.85177356,0.5080751,1,-8.207483,False,-4.376333,False,-7.266301,False,-6.4629,False,False,True
/Users/yuhaowang/Documents/UCL/Term3_Proj/Dataset/Paul_Mooney/OCT2017/test/DRUSEN/DRUSEN-5094722-1.jpeg,,,Kermany,test,2,DRUSEN,True,Kermany-test,2,DRUSEN,0.99998975,0.00011940545,0.8212539,0.13712169,1,-7.7407045,False,-4.3509617,False,-7.266301,False,-6.7271137,False,False,True
/Users/yuhaowang/Documents/UCL/Term3_Proj/Dataset/Paul_Mooney/OCT2017/test/DRUSEN/DRUSEN-525301-1.jpeg,,,Kermany,test,2,DRUSEN,True,Kermany-test,2,DRUSEN,1.0,2.8170643e-07,0.9057809,0.30720955,1,-10.316376,False,-4.379116,False,-7.266301,False,-7.4619055,False,False,True
/Users/yuhaowang/Documents/UCL/Term3_Proj/Dataset/Paul_Mooney/OCT2017/test/DRUSEN/DRUSEN-5331157-1.jpeg,,,Kermany,test,2,DRUSEN,True,Kermany-test,2,DRUSEN,0.99984753,0.0027064802,0.7865364,0.2878647,1,-6.3526926,False,-3.7395134,False,-7.266301,False,-5.702274,False,False,True
/Users/yuhaowang/Documents/UCL/Term3_Proj/Dataset/Paul_Mooney/OCT2017/test/DRUSEN/DRUSEN-538779-1.jpeg,,,Kermany,test,2,DRUSEN,True,Kermany-test,2,DRUSEN,1.0,3.816035e-08,0.89440584,0.2955072,1,-9.95302,False,-4.3791738,False,-7.266301,False,-7.3457513,False,False,True
/Users/yuhaowang/Documents/UCL/Term3_Proj/Dataset/Paul_Mooney/OCT2017/test/DRUSEN/DRUSEN-5443411-1.jpeg,,,Kermany,test,2,DRUSEN,True,Kermany-test,2,DRUSEN,0.99981946,0.0006761998,0.7617932,0.689424,1,-4.9233217,False,-4.2193646,False,-7.266301,False,-4.978784,False,False,True
/Users/yuhaowang/Documents/UCL/Term3_Proj/Dataset/Paul_Mooney/OCT2017/test/DRUSEN/DRUSEN-5477211-1.jpeg,,,Kermany,test,2,DRUSEN,True,Kermany-test,0,CNV,0.534812,0.0352723,0.3216035,0.65938205,1,9.770475,True,3.957333,True,-7.266301,False,4.8803916,True,True,True
/Users/yuhaowang/Documents/UCL/Term3_Proj/Dataset/Paul_Mooney/OCT2017/test/DRUSEN/DRUSEN-5477211-2.jpeg,,,Kermany,test,2,DRUSEN,True,Kermany-test,0,CNV,0.5277475,0.059861124,0.40764254,0.4569425,1,6.586717,True,9.768837,True,-7.266301,False,6.785031,True,True,True
/Users/yuhaowang/Documents/UCL/Term3_Proj/Dataset/Paul_Mooney/OCT2017/test/DRUSEN/DRUSEN-5710007-1.jpeg,,,Kermany,test,2,DRUSEN,True,Kermany-test,2,DRUSEN,0.99999964,0.00018421095,0.84399956,-0.1813418,1,-8.978847,False,-4.3356447,False,-7.266301,False,-7.5450916,False,False,True
/Users/yuhaowang/Documents/UCL/Term3_Proj/Dataset/Paul_Mooney/OCT2017/test/DRUSEN/DRUSEN-5710007-2.jpeg,,,Kermany,test,2,DRUSEN,True,Kermany-test,2,DRUSEN,0.9999907,1.9301282e-05,0.83522934,0.42414406,1,-7.7791343,False,-4.374621,False,-7.266301,False,-6.409268,False,False,True
/Users/yuhaowang/Documents/UCL/Term3_Proj/Dataset/Paul_Mooney/OCT2017/test/DRUSEN/DRUSEN-5753467-1.jpeg,,,Kermany,test,2,DRUSEN,True,Kermany-test,2,DRUSEN,0.99999964,5.3027557e-05,0.8666104,-0.14601082,1,-9.683049,False,-4.3666496,False,-7.266301,False,-7.7726088,False,False,True
/Users/yuhaowang/Documents/UCL/Term3_Proj/Dataset/Paul_Mooney/OCT2017/test/DRUSEN/DRUSEN-5801431-1.jpeg,,,Kermany,test,2,DRUSEN,True,Kermany-test,2,DRUSEN,0.9486049,0.016050681,0.6416288,0.8526569,1,-0.65562487,False,-0.5856464,False,-7.266301,False,-1.1960568,False,True,True
/Users/yuhaowang/Documents/UCL/Term3_Proj/Dataset/Paul_Mooney/OCT2017/test/DRUSEN/DRUSEN-584218-1.jpeg,,,Kermany,test,2,DRUSEN,True,Kermany-test,2,DRUSEN,0.99999905,9.654366e-06,0.8922074,0.99054796,1,-8.839336,False,-4.376901,False,-7.266301,False,-6.1097713,False,False,True
/Users/yuhaowang/Documents/UCL/Term3_Proj/Dataset/Paul_Mooney/OCT2017/test/DRUSEN/DRUSEN-5864720-1.jpeg,,,Kermany,test,2,DRUSEN,True,Kermany-test,2,DRUSEN,1.0,6.6181346e-06,0.8739084,0.50828093,1,-8.948311,False,-4.377619,False,-7.266301,False,-6.7289467,False,False,True
/Users/yuhaowang/Documents/UCL/Term3_Proj/Dataset/Paul_Mooney/OCT2017/test/DRUSEN/DRUSEN-5864720-2.jpeg,,,Kermany,test,2,DRUSEN,True,Kermany-test,2,DRUSEN,1.0,9.3773997e-07,0.83508134,-0.060407046,1,-8.499271,False,-4.378961,False,-7.266301,False,-7.2523246,False,False,True
/Users/yuhaowang/Documents/UCL/Term3_Proj/Dataset/Paul_Mooney/OCT2017/test/DRUSEN/DRUSEN-5929729-1.jpeg,,,Kermany,test,2,DRUSEN,True,Kermany-test,2,DRUSEN,0.9999995,6.997443e-05,0.8673676,0.785098,1,-8.315073,False,-4.3626447,False,-7.266301,False,-6.1607275,False,False,True
/Users/yuhaowang/Documents/UCL/Term3_Proj/Dataset/Paul_Mooney/OCT2017/test/DRUSEN/DRUSEN-609387-1.jpeg,,,Kermany,test,2,DRUSEN,True,Kermany-test,2,DRUSEN,0.9999999,1.0717646e-05,0.8736299,0.3708135,1,-9.144695,False,-4.37665,False,-7.266301,False,-6.964039,False,False,True
/Users/yuhaowang/Documents/UCL/Term3_Proj/Dataset/Paul_Mooney/OCT2017/test/DRUSEN/DRUSEN-609387-2.jpeg,,,Kermany,test,2,DRUSEN,True,Kermany-test,2,DRUSEN,0.999658,0.0012530386,0.7853411,0.7410033,1,-5.6345844,False,-4.0830307,False,-7.266301,False,-5.0945883,False,True,True
/Users/yuhaowang/Documents/UCL/Term3_Proj/Dataset/Paul_Mooney/OCT2017/test/DRUSEN/DRUSEN-609387-3.jpeg,,,Kermany,test,2,DRUSEN,True,Kermany-test,2,DRUSEN,0.99978906,0.0042472947,0.8398109,1.0056285,1,-7.062392,False,-3.3753457,False,-7.266301,False,-4.887784,False,True,True
/Users/yuhaowang/Documents/UCL/Term3_Proj/Dataset/Paul_Mooney/OCT2017/test/DRUSEN/DRUSEN-6190971-1.jpeg,,,Kermany,test,2,DRUSEN,True,Kermany-test,2,DRUSEN,0.9999958,2.813476e-05,0.7831548,0.7220293,1,-5.5897746,False,-4.3725333,False,-7.266301,False,-5.265189,False,False,True
/Users/yuhaowang/Documents/UCL/Term3_Proj/Dataset/Paul_Mooney/OCT2017/test/DRUSEN/DRUSEN-6190971-2.jpeg,,,Kermany,test,2,DRUSEN,True,Kermany-test,2,DRUSEN,0.9999981,2.0883628e-05,0.8978298,0.65712875,1,-9.526524,False,-4.374247,False,-7.266301,False,-6.755391,False,False,True
/Users/yuhaowang/Documents/UCL/Term3_Proj/Dataset/Paul_Mooney/OCT2017/test/DRUSEN/DRUSEN-6193297-1.jpeg,,,Kermany,test,2,DRUSEN,True,Kermany-test,2,DRUSEN,0.9999862,0.00055913115,0.70091766,0.5010255,1,-3.166966,False,-4.2470336,False,-7.266301,False,-4.591301,False,False,True
/Users/yuhaowang/Documents/UCL/Term3_Proj/Dataset/Paul_Mooney/OCT2017/test/DRUSEN/DRUSEN-6193297-2.jpeg,,,Kermany,test,2,DRUSEN,True,Kermany-test,2,DRUSEN,0.9999974,5.6364282e-05,0.7556268,0.7914324,1,-4.564206,False,-4.3658614,False,-7.266301,False,-4.8103485,False,False,True
/Users/yuhaowang/Documents/UCL/Term3_Proj/Dataset/Paul_Mooney/OCT2017/test/DRUSEN/DRUSEN-6193297-3.jpeg,,,Kermany,test,2,DRUSEN,True,Kermany-test,2,DRUSEN,0.99999905,8.109266e-06,0.81998694,0.2848472,1,-7.4772234,False,-4.377266,False,-7.266301,False,-6.469979,False,False,True
/Users/yuhaowang/Documents/UCL/Term3_Proj/Dataset/Paul_Mooney/OCT2017/test/DRUSEN/DRUSEN-6193297-4.jpeg,,,Kermany,test,2,DRUSEN,True,Kermany-test,2,DRUSEN,0.99999964,2.3084649e-05,0.7804332,0.23735325,1,-6.2239265,False,-4.373727,False,-7.266301,False,-6.075792,False,False,True
/Users/yuhaowang/Documents/UCL/Term3_Proj/Dataset/Paul_Mooney/OCT2017/test/DRUSEN/DRUSEN-6193297-5.jpeg,,,Kermany,test,2,DRUSEN,True,Kermany-test,2,DRUSEN,0.99999976,7.7465316e-05,0.79267234,0.4137753,1,-6.3697257,False,-4.360874,False,-7.266301,False,-5.9087157,False,False,True
/Users/yuhaowang/Documents/UCL/Term3_Proj/Dataset/Paul_Mooney/OCT2017/test/DRUSEN/DRUSEN-6264369-1.jpeg,,,Kermany,test,2,DRUSEN,True,Kermany-test,2,DRUSEN,0.9999939,7.260579e-05,0.8812145,0.9106449,1,-8.590834,False,-4.3620224,False,-7.266301,False,-6.1083155,False,False,True
/Users/yuhaowang/Documents/UCL/Term3_Proj/Dataset/Paul_Mooney/OCT2017/test/DRUSEN/DRUSEN-7064008-1.jpeg,,,Kermany,test,2,DRUSEN,True,Kermany-test,2,DRUSEN,1.0,1.8157116e-06,0.8689786,0.57797086,1,-8.678963,False,-4.3787537,False,-7.266301,False,-6.549265,False,False,True
/Users/yuhaowang/Documents/UCL/Term3_Proj/Dataset/Paul_Mooney/OCT2017/test/DRUSEN/DRUSEN-7199590-1.jpeg,,,Kermany,test,2,DRUSEN,True,Kermany-test,2,DRUSEN,0.9999162,0.00034037628,0.8155645,0.5811886,1,-6.8856974,False,-4.2987356,False,-7.266301,False,-5.8572702,False,False,True
/Users/yuhaowang/Documents/UCL/Term3_Proj/Dataset/Paul_Mooney/OCT2017/test/DRUSEN/DRUSEN-732516-1.jpeg,,,Kermany,test,2,DRUSEN,True,Kermany-test,2,DRUSEN,0.999997,4.5666093e-05,0.8863983,0.5748102,1,-9.266951,False,-4.36839,False,-7.266301,False,-6.7579765,False,False,True
/Users/yuhaowang/Documents/UCL/Term3_Proj/Dataset/Paul_Mooney/OCT2017/test/DRUSEN/DRUSEN-732516-2.jpeg,,,Kermany,test,2,DRUSEN,True,Kermany-test,2,DRUSEN,0.9994973,0.0015067449,0.7148265,0.9976964,1,-2.889444,False,-4.0230675,False,-7.266301,False,-3.7680345,False,True,True
/Users/yuhaowang/Documents/UCL/Term3_Proj/Dataset/Paul_Mooney/OCT2017/test/DRUSEN/DRUSEN-732516-3.jpeg,,,Kermany,test,2,DRUSEN,True,Kermany-test,2,DRUSEN,0.9999944,1.2804958e-05,0.85237604,0.7215575,1,-7.908197,False,-4.3761563,False,-7.266301,False,-6.098899,False,False,True
/Users/yuhaowang/Documents/UCL/Term3_Proj/Dataset/Paul_Mooney/OCT2017/test/DRUSEN/DRUSEN-7345121-1.jpeg,,,Kermany,test,2,DRUSEN,True,Kermany-test,2,DRUSEN,1.0,2.726767e-06,0.86559105,0.82427865,1,-8.196958,False,-4.378538,False,-7.266301,False,-6.080285,False,False,True
/Users/yuhaowang/Documents/UCL/Term3_Proj/Dataset/Paul_Mooney/OCT2017/test/DRUSEN/DRUSEN-7350225-1.jpeg,,,Kermany,test,2,DRUSEN,True,Kermany-test,2,DRUSEN,0.9999999,2.6444286e-06,0.90687615,0.59128076,1,-9.927958,False,-4.3785577,False,-7.266301,False,-6.9808865,False,False,True
/Users/yuhaowang/Documents/UCL/Term3_Proj/Dataset/Paul_Mooney/OCT2017/test/DRUSEN/DRUSEN-7373858-1.jpeg,,,Kermany,test,2,DRUSEN,True,Kermany-test,2,DRUSEN,0.9999999,2.1145806e-06,0.88183385,0.6653229,1,-8.978676,False,-4.378683,False,-7.266301,False,-6.5516634,False,False,True
/Users/yuhaowang/Documents/UCL/Term3_Proj/Dataset/Paul_Mooney/OCT2017/test/DRUSEN/DRUSEN-7393104-1.jpeg,,,Kermany,test,2,DRUSEN,True,Kermany-test,2,DRUSEN,0.9974425,0.03688112,0.62775254,0.58713967,1,-0.58833504,False,4.337573,True,-7.266301,False,1.2954106,True,True,True
/Users/yuhaowang/Documents/UCL/Term3_Proj/Dataset/Paul_Mooney/OCT2017/test/DRUSEN/DRUSEN-7513011-1.jpeg,,,Kermany,test,2,DRUSEN,True,Kermany-test,2,DRUSEN,0.996152,0.004153818,0.7063559,0.665449,1,-3.103007,False,-3.3974388,False,-7.266301,False,-3.8898647,False,True,True
/Users/yuhaowang/Documents/UCL/Term3_Proj/Dataset/Paul_Mooney/OCT2017/test/DRUSEN/DRUSEN-7555604-1.jpeg,,,Kermany,test,2,DRUSEN,True,Kermany-test,2,DRUSEN,0.9999999,2.5108147e-06,0.8758542,0.7516332,1,-8.649303,False,-4.3785896,False,-7.266301,False,-6.3297906,False,False,True
/Users/yuhaowang/Documents/UCL/Term3_Proj/Dataset/Paul_Mooney/OCT2017/test/DRUSEN/DRUSEN-7555604-2.jpeg,,,Kermany,test,2,DRUSEN,True,Kermany-test,2,DRUSEN,0.99981004,0.0009889146,0.74916357,0.5591027,1,-4.695462,False,-4.1454554,False,-7.266301,False,-5.0119224,False,True,True
/Users/yuhaowang/Documents/UCL/Term3_Proj/Dataset/Paul_Mooney/OCT2017/test/DRUSEN/DRUSEN-7557808-1.jpeg,,,Kermany,test,2,DRUSEN,True,Kermany-test,2,DRUSEN,0.9999906,0.00072036346,0.84951526,0.7322904,1,-7.796349,False,-4.2089267,False,-7.266301,False,-5.9512525,False,False,True
/Users/yuhaowang/Documents/UCL/Term3_Proj/Dataset/Paul_Mooney/OCT2017/test/DRUSEN/DRUSEN-7563760-1.jpeg,,,Kermany,test,2,DRUSEN,True,Kermany-test,2,DRUSEN,0.9999999,2.733541e-06,0.9063029,0.8817624,1,-9.474083,False,-4.3785367,False,-7.266301,False,-6.4690013,False,False,True
/Users/yuhaowang/Documents/UCL/Term3_Proj/Dataset/Paul_Mooney/OCT2017/test/DRUSEN/DRUSEN-7675318-1.jpeg,,,Kermany,test,2,DRUSEN,True,Kermany-test,2,DRUSEN,0.9997892,0.00021062,0.7872225,0.30123663,1,-6.3556557,False,-4.3294034,False,-7.266301,False,-6.021136,False,True,True
/Users/yuhaowang/Documents/UCL/Term3_Proj/Dataset/Paul_Mooney/OCT2017/test/DRUSEN/DRUSEN-7675318-2.jpeg,,,Kermany,test,2,DRUSEN,True,Kermany-test,2,DRUSEN,0.99999285,5.602496e-05,0.8620624,0.18355659,1,-9.037598,False,-4.3659415,False,-7.266301,False,-7.144677,False,False,True
/Users/yuhaowang/Documents/UCL/Term3_Proj/Dataset/Paul_Mooney/OCT2017/test/DRUSEN/DRUSEN-7710023-1.jpeg,,,Kermany,test,2,DRUSEN,True,Kermany-test,2,DRUSEN,0.6091964,0.06825364,0.34798628,0.57567656,1,8.761848,True,11.752386,True,-7.266301,False,8.830154,True,True,True
/Users/yuhaowang/Documents/UCL/Term3_Proj/Dataset/Paul_Mooney/OCT2017/test/DRUSEN/DRUSEN-7710023-2.jpeg,,,Kermany,test,2,DRUSEN,True,Kermany-test,2,DRUSEN,0.99981695,0.040540017,0.79711324,0.43667492,1,-6.484152,False,5.2023444,True,-7.266301,False,-0.5094924,False,False,True
/Users/yuhaowang/Documents/UCL/Term3_Proj/Dataset/Paul_Mooney/OCT2017/test/DRUSEN/DRUSEN-7763772-1.jpeg,,,Kermany,test,2,DRUSEN,True,Kermany-test,2,DRUSEN,0.9999994,2.0127045e-06,0.847264,0.1852715,1,-8.53954,False,-4.378707,False,-7.266301,False,-6.9713006,False,False,True
/Users/yuhaowang/Documents/UCL/Term3_Proj/Dataset/Paul_Mooney/OCT2017/test/DRUSEN/DRUSEN-781814-1.jpeg,,,Kermany,test,2,DRUSEN,True,Kermany-test,2,DRUSEN,0.5868907,0.11357057,0.395122,0.4899067,1,7.055269,True,22.462923,True,-7.266301,False,14.177385,True,True,True
/Users/yuhaowang/Documents/UCL/Term3_Proj/Dataset/Paul_Mooney/OCT2017/test/DRUSEN/DRUSEN-783692-1.jpeg,,,Kermany,test,2,DRUSEN,True,Kermany-test,2,DRUSEN,0.9998684,0.0002520231,0.7691186,0.9305645,1,-4.807749,False,-4.3196177,False,-7.266301,False,-4.704236,False,False,True
/Users/yuhaowang/Documents/UCL/Term3_Proj/Dataset/Paul_Mooney/OCT2017/test/DRUSEN/DRUSEN-7915033-1.jpeg,,,Kermany,test,2,DRUSEN,True,Kermany-test,2,DRUSEN,0.99999666,4.9468188e-05,0.7074841,-0.96903753,1,-5.586661,False,-4.3674912,False,-7.266301,False,-7.293952,False,False,True
/Users/yuhaowang/Documents/UCL/Term3_Proj/Dataset/Paul_Mooney/OCT2017/test/DRUSEN/DRUSEN-7915033-2.jpeg,,,Kermany,test,2,DRUSEN,True,Kermany-test,2,DRUSEN,0.9999994,7.8829355e-05,0.7953579,0.4708011,1,-6.3743105,False,-4.360552,False,-7.266301,False,-5.8416295,False,False,True
/Users/yuhaowang/Documents/UCL/Term3_Proj/Dataset/Paul_Mooney/OCT2017/test/DRUSEN/DRUSEN-7915033-3.jpeg,,,Kermany,test,2,DRUSEN,True,Kermany-test,2,DRUSEN,0.99999404,0.0007781077,0.8473967,-0.5953567,1,-9.7121315,False,-4.195279,False,-7.266301,False,-8.2261715,False,False,True
/Users/yuhaowang/Documents/UCL/Term3_Proj/Dataset/Paul_Mooney/OCT2017/test/DRUSEN/DRUSEN-8023853-1.jpeg,,,Kermany,test,2,DRUSEN,True,Kermany-test,2,DRUSEN,0.9999987,3.2939497e-05,0.81820816,0.8515225,1,-6.5696807,False,-4.3713975,False,-7.266301,False,-5.4601603,False,False,True
/Users/yuhaowang/Documents/UCL/Term3_Proj/Dataset/Paul_Mooney/OCT2017/test/DRUSEN/DRUSEN-8039905-1.jpeg,,,Kermany,test,2,DRUSEN,True,Kermany-test,2,DRUSEN,0.9994572,0.02656141,0.7323841,0.7765431,1,-3.8082576,False,1.8985367,True,-7.266301,False,-1.0116525,False,True,True
/Users/yuhaowang/Documents/UCL/Term3_Proj/Dataset/Paul_Mooney/OCT2017/test/DRUSEN/DRUSEN-8074563-1.jpeg,,,Kermany,test,2,DRUSEN,True,Kermany-test,2,DRUSEN,1.0,2.815621e-06,0.8889106,0.61700755,1,-9.287924,False,-4.378517,False,-7.266301,False,-6.720504,False,False,True
/Users/yuhaowang/Documents/UCL/Term3_Proj/Dataset/Paul_Mooney/OCT2017/test/DRUSEN/DRUSEN-8074563-2.jpeg,,,Kermany,test,2,DRUSEN,True,Kermany-test,2,DRUSEN,1.0,2.3128878e-06,0.86797094,0.526892,1,-8.721659,False,-4.3786364,False,-7.266301,False,-6.6259027,False,False,True
/Users/yuhaowang/Documents/UCL/Term3_Proj/Dataset/Paul_Mooney/OCT2017/test/DRUSEN/DRUSEN-8074563-3.jpeg,,,Kermany,test,2,DRUSEN,True,Kermany-test,2,DRUSEN,0.9999999,8.313418e-07,0.89914143,1.0003594,1,-9.056825,False,-4.3789864,False,-7.266301,False,-6.1771216,False,False,True
/Users/yuhaowang/Documents/UCL/Term3_Proj/Dataset/Paul_Mooney/OCT2017/test/DRUSEN/DRUSEN-8086850-1.jpeg,,,Kermany,test,2,DRUSEN,True,Kermany-test,2,DRUSEN,0.9999993,7.1808863e-06,0.8632994,0.6591967,1,-8.36726,False,-4.3774858,False,-7.266301,False,-6.3391733,False,False,True
/Users/yuhaowang/Documents/UCL/Term3_Proj/Dataset/Paul_Mooney/OCT2017/test/DRUSEN/DRUSEN-8086850-2.jpeg,,,Kermany,test,2,DRUSEN,True,Kermany-test,2,DRUSEN,0.9999999,1.921982e-05,0.82005674,0.7899054,1,-6.7237816,False,-4.3746405,False,-7.266301,False,-5.591303,False,False,True
/Users/yuhaowang/Documents/UCL/Term3_Proj/Dataset/Paul_Mooney/OCT2017/test/DRUSEN/DRUSEN-8086850-3.jpeg,,,Kermany,test,2,DRUSEN,True,Kermany-test,2,DRUSEN,0.99999857,0.00018067623,0.8437748,0.8045535,1,-7.496007,False,-4.33648,False,-7.266301,False,-5.8289194,False,False,True
/Users/yuhaowang/Documents/UCL/Term3_Proj/Dataset/Paul_Mooney/OCT2017/test/DRUSEN/DRUSEN-8086850-4.jpeg,,,Kermany,test,2,DRUSEN,True,Kermany-test,2,DRUSEN,0.99999714,3.1832285e-05,0.84452146,0.31741315,1,-8.249974,False,-4.3716593,False,-7.266301,False,-6.70467,False,False,True
/Users/yuhaowang/Documents/UCL/Term3_Proj/Dataset/Paul_Mooney/OCT2017/test/DRUSEN/DRUSEN-8086850-5.jpeg,,,Kermany,test,2,DRUSEN,True,Kermany-test,2,DRUSEN,0.99999976,2.2685253e-06,0.811022,0.75059396,1,-6.4800997,False,-4.378647,False,-7.266301,False,-5.5534706,False,False,True
/Users/yuhaowang/Documents/UCL/Term3_Proj/Dataset/Paul_Mooney/OCT2017/test/DRUSEN/DRUSEN-8086850-6.jpeg,,,Kermany,test,2,DRUSEN,True,Kermany-test,2,DRUSEN,0.9999987,0.00025105354,0.8167183,0.7470759,1,-6.6760917,False,-4.319847,False,-7.266301,False,-5.5946774,False,False,True
/Users/yuhaowang/Documents/UCL/Term3_Proj/Dataset/Paul_Mooney/OCT2017/test/DRUSEN/DRUSEN-8086850-7.jpeg,,,Kermany,test,2,DRUSEN,True,Kermany-test,2,DRUSEN,0.99999726,2.3024433e-05,0.83009917,0.7205503,1,-7.1638136,False,-4.373741,False,-7.266301,False,-5.831901,False,False,True
/Users/yuhaowang/Documents/UCL/Term3_Proj/Dataset/Paul_Mooney/OCT2017/test/DRUSEN/DRUSEN-8086850-8.jpeg,,,Kermany,test,2,DRUSEN,True,Kermany-test,2,DRUSEN,0.9999999,2.6980215e-06,0.8817034,0.80762774,1,-8.761359,False,-4.3785453,False,-7.266301,False,-6.3026266,False,False,True
/Users/yuhaowang/Documents/UCL/Term3_Proj/Dataset/Paul_Mooney/OCT2017/test/DRUSEN/DRUSEN-8117834-1.jpeg,,,Kermany,test,2,DRUSEN,True,Kermany-test,2,DRUSEN,1.0,9.457608e-09,0.9108168,-0.3013595,1,-11.395666,False,-4.3791804,False,-7.266301,False,-8.580364,False,False,True
/Users/yuhaowang/Documents/UCL/Term3_Proj/Dataset/Paul_Mooney/OCT2017/test/DRUSEN/DRUSEN-8213975-1.jpeg,,,Kermany,test,2,DRUSEN,True,Kermany-test,2,DRUSEN,0.99999964,2.3038338e-06,0.8774783,0.44121876,1,-9.168194,False,-4.3786383,False,-7.266301,False,-6.888958,False,False,True
/Users/yuhaowang/Documents/UCL/Term3_Proj/Dataset/Paul_Mooney/OCT2017/test/DRUSEN/DRUSEN-8251771-1.jpeg,,,Kermany,test,2,DRUSEN,True,Kermany-test,2,DRUSEN,0.99999535,8.037785e-05,0.8588675,1.0401771,1,-7.648761,False,-4.3601856,False,-7.266301,False,-5.613865,False,False,True
/Users/yuhaowang/Documents/UCL/Term3_Proj/Dataset/Paul_Mooney/OCT2017/test/DRUSEN/DRUSEN-8261063-1.jpeg,,,Kermany,test,2,DRUSEN,True,Kermany-test,2,DRUSEN,0.9999956,2.3598172e-05,0.80685663,-0.40388784,1,-8.068222,False,-4.3736057,False,-7.266301,False,-7.507652,False,False,True
/Users/yuhaowang/Documents/UCL/Term3_Proj/Dataset/Paul_Mooney/OCT2017/test/DRUSEN/DRUSEN-8261063-2.jpeg,,,Kermany,test,2,DRUSEN,True,Kermany-test,2,DRUSEN,1.0,1.5629803e-07,0.8980458,0.35737333,1,-9.982317,False,-4.3791456,False,-7.266301,False,-7.281872,False,False,True
/Users/yuhaowang/Documents/UCL/Term3_Proj/Dataset/Paul_Mooney/OCT2017/test/DRUSEN/DRUSEN-8261063-3.jpeg,,,Kermany,test,2,DRUSEN,True,Kermany-test,2,DRUSEN,0.999977,0.00021387148,0.7861974,0.13821618,1,-6.56528,False,-4.3286347,False,-7.266301,False,-6.291803,False,False,True
/Users/yuhaowang/Documents/UCL/Term3_Proj/Dataset/Paul_Mooney/OCT2017/test/DRUSEN/DRUSEN-8261063-4.jpeg,,,Kermany,test,2,DRUSEN,True,Kermany-test,2,DRUSEN,0.99995565,0.00052047917,0.8468199,0.38003173,1,-8.233228,False,-4.256169,False,-7.266301,False,-6.55803,False,False,True
/Users/yuhaowang/Documents/UCL/Term3_Proj/Dataset/Paul_Mooney/OCT2017/test/DRUSEN/DRUSEN-8261063-5.jpeg,,,Kermany,test,2,DRUSEN,True,Kermany-test,2,DRUSEN,0.9999976,1.6802442e-05,0.86769915,-0.28611827,1,-9.929163,False,-4.3752117,False,-7.266301,False,-8.034094,False,False,True
/Users/yuhaowang/Documents/UCL/Term3_Proj/Dataset/Paul_Mooney/OCT2017/test/DRUSEN/DRUSEN-8261063-6.jpeg,,,Kermany,test,2,DRUSEN,True,Kermany-test,2,DRUSEN,0.9999999,6.648039e-06,0.8832017,0.88581765,1,-8.694523,False,-4.3776116,False,-7.266301,False,-6.1841516,False,False,True
/Users/yuhaowang/Documents/UCL/Term3_Proj/Dataset/Paul_Mooney/OCT2017/test/DRUSEN/DRUSEN-8261063-7.jpeg,,,Kermany,test,2,DRUSEN,True,Kermany-test,2,DRUSEN,1.0,1.12140924e-07,0.85585487,0.81224114,1,-7.888977,False,-4.379156,False,-7.266301,False,-5.9847016,False,False,True
/Users/yuhaowang/Documents/UCL/Term3_Proj/Dataset/Paul_Mooney/OCT2017/test/DRUSEN/DRUSEN-827677-1.jpeg,,,Kermany,test,2,DRUSEN,True,Kermany-test,2,DRUSEN,1.0,2.4473547e-07,0.90772593,0.23053594,1,-10.496237,False,-4.3791246,False,-7.266301,False,-7.6185503,False,False,True
/Users/yuhaowang/Documents/UCL/Term3_Proj/Dataset/Paul_Mooney/OCT2017/test/DRUSEN/DRUSEN-8281517-1.jpeg,,,Kermany,test,2,DRUSEN,True,Kermany-test,2,DRUSEN,0.9999999,3.6447236e-06,0.87489355,0.28573546,1,-9.314318,False,-4.3783216,False,-7.266301,False,-7.1280575,False,False,True
/Users/yuhaowang/Documents/UCL/Term3_Proj/Dataset/Paul_Mooney/OCT2017/test/DRUSEN/DRUSEN-8292670-1.jpeg,,,Kermany,test,2,DRUSEN,True,Kermany-test,2,DRUSEN,0.99999666,0.00016365387,0.87858427,0.7676862,1,-8.716692,False,-4.3405037,False,-7.266301,False,-6.313095,False,False,True
/Users/yuhaowang/Documents/UCL/Term3_Proj/Dataset/Paul_Mooney/OCT2017/test/DRUSEN/DRUSEN-8319985-1.jpeg,,,Kermany,test,2,DRUSEN,True,Kermany-test,2,DRUSEN,0.9999999,8.743671e-06,0.7382814,-0.47050813,1,-5.871829,False,-4.377116,False,-7.266301,False,-6.802372,False,False,True
/Users/yuhaowang/Documents/UCL/Term3_Proj/Dataset/Paul_Mooney/OCT2017/test/DRUSEN/DRUSEN-8339642-1.jpeg,,,Kermany,test,2,DRUSEN,True,Kermany-test,2,DRUSEN,0.999997,6.223512e-06,0.8480342,0.61339664,1,-7.9246745,False,-4.377712,False,-7.266301,False,-6.2357,False,False,True
/Users/yuhaowang/Documents/UCL/Term3_Proj/Dataset/Paul_Mooney/OCT2017/test/DRUSEN/DRUSEN-8345703-1.jpeg,,,Kermany,test,2,DRUSEN,True,Kermany-test,2,DRUSEN,0.9999999,1.00619e-05,0.8270559,0.641551,1,-7.180132,False,-4.376805,False,-7.266301,False,-5.9344454,False,False,True
/Users/yuhaowang/Documents/UCL/Term3_Proj/Dataset/Paul_Mooney/OCT2017/test/DRUSEN/DRUSEN-8345703-2.jpeg,,,Kermany,test,2,DRUSEN,True,Kermany-test,2,DRUSEN,0.9999995,4.621561e-07,0.8620025,0.7491012,1,-8.1893,False,-4.3790736,False,-7.266301,False,-6.1682096,False,False,True
/Users/yuhaowang/Documents/UCL/Term3_Proj/Dataset/Paul_Mooney/OCT2017/test/DRUSEN/DRUSEN-8351260-1.jpeg,,,Kermany,test,2,DRUSEN,True,Kermany-test,2,DRUSEN,1.0,3.1597153e-08,0.84861094,0.6544101,1,-7.8826118,False,-4.379175,False,-7.266301,False,-6.17215,False,False,True
/Users/yuhaowang/Documents/UCL/Term3_Proj/Dataset/Paul_Mooney/OCT2017/test/DRUSEN/DRUSEN-8351260-2.jpeg,,,Kermany,test,2,DRUSEN,True,Kermany-test,2,DRUSEN,1.0,5.0376002e-08,0.8788994,0.6061564,1,-8.96896,False,-4.379171,False,-7.266301,False,-6.6195774,False,False,True
/Users/yuhaowang/Documents/UCL/Term3_Proj/Dataset/Paul_Mooney/OCT2017/test/DRUSEN/DRUSEN-8389446-1.jpeg,,,Kermany,test,2,DRUSEN,True,Kermany-test,2,DRUSEN,0.9997068,0.0009318078,0.73308307,0.6689654,1,-3.9926426,False,-4.1589527,False,-7.266301,False,-4.63556,False,True,True
/Users/yuhaowang/Documents/UCL/Term3_Proj/Dataset/Paul_Mooney/OCT2017/test/DRUSEN/DRUSEN-8389446-2.jpeg,,,Kermany,test,2,DRUSEN,True,Kermany-test,2,DRUSEN,0.99999917,3.983703e-06,0.8818796,0.6108418,1,-9.061734,False,-4.3782415,False,-7.266301,False,-6.646676,False,False,True
/Users/yuhaowang/Documents/UCL/Term3_Proj/Dataset/Paul_Mooney/OCT2017/test/DRUSEN/DRUSEN-8389446-3.jpeg,,,Kermany,test,2,DRUSEN,True,Kermany-test,2,DRUSEN,1.0,1.5137593e-05,0.835586,0.5302097,1,-7.6323576,False,-4.375605,False,-7.266301,False,-6.229714,False,False,True
/Users/yuhaowang/Documents/UCL/Term3_Proj/Dataset/Paul_Mooney/OCT2017/test/DRUSEN/DRUSEN-8440718-1.jpeg,,,Kermany,test,2,DRUSEN,True,Kermany-test,2,DRUSEN,0.9998764,0.0033643134,0.7630935,0.5212909,1,-5.218456,False,-3.584036,False,-7.266301,False,-4.9270935,False,False,True
/Users/yuhaowang/Documents/UCL/Term3_Proj/Dataset/Paul_Mooney/OCT2017/test/DRUSEN/DRUSEN-8440718-2.jpeg,,,Kermany,test,2,DRUSEN,True,Kermany-test,2,DRUSEN,0.999998,0.00030394836,0.8469448,0.4741899,1,-8.09651,False,-4.3073454,False,-7.266301,False,-6.424804,False,False,True
/Users/yuhaowang/Documents/UCL/Term3_Proj/Dataset/Paul_Mooney/OCT2017/test/DRUSEN/DRUSEN-8440718-3.jpeg,,,Kermany,test,2,DRUSEN,True,Kermany-test,2,DRUSEN,0.99999976,1.7317085e-05,0.82178515,0.49735907,1,-7.2194257,False,-4.37509,False,-7.266301,False,-6.1208854,False,False,True
/Users/yuhaowang/Documents/UCL/Term3_Proj/Dataset/Paul_Mooney/OCT2017/test/DRUSEN/DRUSEN-8440718-4.jpeg,,,Kermany,test,2,DRUSEN,True,Kermany-test,2,DRUSEN,0.9999081,0.00015381258,0.7973411,0.92824763,1,-5.7561817,False,-4.3428297,False,-7.266301,False,-5.0601463,False,False,True
/Users/yuhaowang/Documents/UCL/Term3_Proj/Dataset/Paul_Mooney/OCT2017/test/DRUSEN/DRUSEN-8440718-5.jpeg,,,Kermany,test,2,DRUSEN,True,Kermany-test,2,DRUSEN,0.99996257,0.00047279405,0.72956556,0.4670599,1,-4.1770024,False,-4.2674394,False,-7.266301,False,-5.0057497,False,False,True
/Users/yuhaowang/Documents/UCL/Term3_Proj/Dataset/Paul_Mooney/OCT2017/test/DRUSEN/DRUSEN-8549730-1.jpeg,,,Kermany,test,2,DRUSEN,True,Kermany-test,2,DRUSEN,0.9999993,6.984276e-05,0.778539,0.606238,1,-5.608498,False,-4.3626757,False,-7.266301,False,-5.4055076,False,False,True
/Users/yuhaowang/Documents/UCL/Term3_Proj/Dataset/Paul_Mooney/OCT2017/test/DRUSEN/DRUSEN-8549730-2.jpeg,,,Kermany,test,2,DRUSEN,True,Kermany-test,2,DRUSEN,0.99999845,6.2206585e-05,0.7702581,0.4027382,1,-5.6357527,False,-4.3644805,False,-7.266301,False,-5.6609144,False,False,True
/Users/yuhaowang/Documents/UCL/Term3_Proj/Dataset/Paul_Mooney/OCT2017/test/DRUSEN/DRUSEN-8549730-3.jpeg,,,Kermany,test,2,DRUSEN,True,Kermany-test,2,DRUSEN,1.0,2.7877923e-06,0.8214224,0.53928447,1,-7.1445417,False,-4.378524,False,-7.266301,False,-6.045589,False,False,True
/Users/yuhaowang/Documents/UCL/Term3_Proj/Dataset/Paul_Mooney/OCT2017/test/DRUSEN/DRUSEN-8549730-4.jpeg,,,Kermany,test,2,DRUSEN,True,Kermany-test,2,DRUSEN,0.99999666,7.067638e-05,0.73756874,0.3966907,1,-4.5502725,False,-4.3624787,False,-7.266301,False,-5.2779355,False,False,True
/Users/yuhaowang/Documents/UCL/Term3_Proj/Dataset/Paul_Mooney/OCT2017/test/DRUSEN/DRUSEN-8549730-5.jpeg,,,Kermany,test,2,DRUSEN,True,Kermany-test,2,DRUSEN,0.9999988,0.00013022468,0.8306765,0.46388927,1,-7.567217,False,-4.3484044,False,-7.266301,False,-6.2706876,False,False,True
/Users/yuhaowang/Documents/UCL/Term3_Proj/Dataset/Paul_Mooney/OCT2017/test/DRUSEN/DRUSEN-8549730-6.jpeg,,,Kermany,test,2,DRUSEN,True,Kermany-test,2,DRUSEN,0.9999976,0.0005731792,0.72101927,0.32161143,1,-4.1085014,False,-4.2437134,False,-7.266301,False,-5.1426,False,False,True
/Users/yuhaowang/Documents/UCL/Term3_Proj/Dataset/Paul_Mooney/OCT2017/test/DRUSEN/DRUSEN-8549730-7.jpeg,,,Kermany,test,2,DRUSEN,True,Kermany-test,2,DRUSEN,0.9999906,0.0005455287,0.7217686,0.25794184,1,-4.228868,False,-4.2502484,False,-7.266301,False,-5.2659807,False,False,True
/Users/yuhaowang/Documents/UCL/Term3_Proj/Dataset/Paul_Mooney/OCT2017/test/DRUSEN/DRUSEN-8577392-1.jpeg,,,Kermany,test,2,DRUSEN,True,Kermany-test,2,DRUSEN,0.99999654,1.0668649e-05,0.86672366,0.64757997,1,-8.499295,False,-4.3766613,False,-7.266301,False,-6.400002,False,False,True
/Users/yuhaowang/Documents/UCL/Term3_Proj/Dataset/Paul_Mooney/OCT2017/test/DRUSEN/DRUSEN-8605472-1.jpeg,,,Kermany,test,2,DRUSEN,True,Kermany-test,2,DRUSEN,0.9999999,3.1067266e-06,0.88942915,0.7277279,1,-9.139603,False,-4.3784485,False,-7.266301,False,-6.5342054,False,False,True
/Users/yuhaowang/Documents/UCL/Term3_Proj/Dataset/Paul_Mooney/OCT2017/test/DRUSEN/DRUSEN-8656509-1.jpeg,,,Kermany,test,2,DRUSEN,True,Kermany-test,2,DRUSEN,0.999468,0.005036248,0.7800337,0.8481497,1,-5.296543,False,-3.1888788,False,-7.266301,False,-4.338531,False,True,True
/Users/yuhaowang/Documents/UCL/Term3_Proj/Dataset/Paul_Mooney/OCT2017/test/DRUSEN/DRUSEN-8708331-1.jpeg,,,Kermany,test,2,DRUSEN,True,Kermany-test,2,DRUSEN,0.9999342,0.0018812898,0.7790917,0.5191346,1,-5.7573476,False,-3.9345448,False,-7.266301,False,-5.321249,False,False,True
/Users/yuhaowang/Documents/UCL/Term3_Proj/Dataset/Paul_Mooney/OCT2017/test/DRUSEN/DRUSEN-8811857-1.jpeg,,,Kermany,test,2,DRUSEN,True,Kermany-test,2,DRUSEN,0.99999857,5.906337e-05,0.8823878,0.85413945,1,-8.714675,False,-4.3652234,False,-7.266301,False,-6.2224426,False,False,True
/Users/yuhaowang/Documents/UCL/Term3_Proj/Dataset/Paul_Mooney/OCT2017/test/DRUSEN/DRUSEN-8811857-2.jpeg,,,Kermany,test,2,DRUSEN,True,Kermany-test,2,DRUSEN,0.9997116,0.00037711812,0.6597905,0.6069865,1,-1.6313548,False,-4.290052,False,-7.266301,False,-3.9378042,False,True,True
/Users/yuhaowang/Documents/UCL/Term3_Proj/Dataset/Paul_Mooney/OCT2017/test/DRUSEN/DRUSEN-8854406-1.jpeg,,,Kermany,test,2,DRUSEN,True,Kermany-test,2,DRUSEN,1.0,5.8485284e-07,0.8482094,0.10541576,1,-8.690693,False,-4.3790445,False,-7.266301,False,-7.1216655,False,False,True
/Users/yuhaowang/Documents/UCL/Term3_Proj/Dataset/Paul_Mooney/OCT2017/test/DRUSEN/DRUSEN-8854406-2.jpeg,,,Kermany,test,2,DRUSEN,True,Kermany-test,2,DRUSEN,0.9999962,0.00016976299,0.79990876,0.1865118,1,-6.952102,False,-4.33906,False,-7.266301,False,-6.378316,False,False,True
/Users/yuhaowang/Documents/UCL/Term3_Proj/Dataset/Paul_Mooney/OCT2017/test/DRUSEN/DRUSEN-8870525-1.jpeg,,,Kermany,test,2,DRUSEN,True,Kermany-test,2,DRUSEN,0.999556,0.0009804172,0.6967811,0.72022456,1,-2.7004485,False,-4.147464,False,-7.266301,False,-4.104225,False,True,True
/Users/yuhaowang/Documents/UCL/Term3_Proj/Dataset/Paul_Mooney/OCT2017/test/DRUSEN/DRUSEN-8870525-2.jpeg,,,Kermany,test,2,DRUSEN,True,Kermany-test,2,DRUSEN,0.99997985,0.004783001,0.7422448,0.3600773,1,-4.761628,False,-3.248733,False,-7.266301,False,-4.767339,False,False,True
/Users/yuhaowang/Documents/UCL/Term3_Proj/Dataset/Paul_Mooney/OCT2017/test/DRUSEN/DRUSEN-8870525-3.jpeg,,,Kermany,test,2,DRUSEN,True,Kermany-test,2,DRUSEN,0.99924123,0.02925833,0.73507017,0.6871493,1,-4.0319653,False,2.5359468,True,-7.266301,False,-0.838531,False,True,True
/Users/yuhaowang/Documents/UCL/Term3_Proj/Dataset/Paul_Mooney/OCT2017/test/DRUSEN/DRUSEN-9049813-1.jpeg,,,Kermany,test,2,DRUSEN,True,Kermany-test,2,DRUSEN,0.9999993,5.966256e-06,0.8387874,0.44110125,1,-7.8728914,False,-4.377773,False,-7.266301,False,-6.4242783,False,False,True
/Users/yuhaowang/Documents/UCL/Term3_Proj/Dataset/Paul_Mooney/OCT2017/test/DRUSEN/DRUSEN-9059831-1.jpeg,,,Kermany,test,2,DRUSEN,True,Kermany-test,2,DRUSEN,0.9999993,2.1501575e-05,0.7995534,0.532377,1,-6.422644,False,-4.374101,False,-7.266301,False,-5.792608,False,False,True
/Users/yuhaowang/Documents/UCL/Term3_Proj/Dataset/Paul_Mooney/OCT2017/test/DRUSEN/DRUSEN-9059831-2.jpeg,,,Kermany,test,2,DRUSEN,True,Kermany-test,2,DRUSEN,0.99998677,0.00010137097,0.7777114,-0.026137162,1,-6.5270863,False,-4.355224,False,-7.266301,False,-6.4907203,False,False,True
/Users/yuhaowang/Documents/UCL/Term3_Proj/Dataset/Paul_Mooney/OCT2017/test/DRUSEN/DRUSEN-907869-1.jpeg,,,Kermany,test,2,DRUSEN,True,Kermany-test,2,DRUSEN,0.99999857,2.3331144e-05,0.8456498,0.33395818,1,-8.262995,False,-4.3736687,False,-7.266301,False,-6.690587,False,False,True
/Users/yuhaowang/Documents/UCL/Term3_Proj/Dataset/Paul_Mooney/OCT2017/test/DRUSEN/DRUSEN-907869-2.jpeg,,,Kermany,test,2,DRUSEN,True,Kermany-test,2,DRUSEN,1.0,1.0246335e-06,0.90420234,0.81691206,1,-9.5007925,False,-4.3789406,False,-7.266301,False,-6.5567575,False,False,True
/Users/yuhaowang/Documents/UCL/Term3_Proj/Dataset/Paul_Mooney/OCT2017/test/DRUSEN/DRUSEN-9087597-1.jpeg,,,Kermany,test,2,DRUSEN,True,Kermany-test,2,DRUSEN,1.0,9.2841174e-07,0.9042136,0.5623302,1,-9.882132,False,-4.3789635,False,-7.266301,False,-6.999488,False,False,True
/Users/yuhaowang/Documents/UCL/Term3_Proj/Dataset/Paul_Mooney/OCT2017/test/DRUSEN/DRUSEN-9087597-2.jpeg,,,Kermany,test,2,DRUSEN,True,Kermany-test,2,DRUSEN,0.99887294,0.001835214,0.7546497,0.7785836,1,-4.5507174,False,-3.9454348,False,-7.266301,False,-4.5829997,False,True,True
/Users/yuhaowang/Documents/UCL/Term3_Proj/Dataset/Paul_Mooney/OCT2017/test/DRUSEN/DRUSEN-9155039-1.jpeg,,,Kermany,test,2,DRUSEN,True,Kermany-test,2,DRUSEN,1.0,3.999431e-05,0.8842928,0.36914626,1,-9.504211,False,-4.3697305,False,-7.266301,False,-7.0910034,False,False,True
/Users/yuhaowang/Documents/UCL/Term3_Proj/Dataset/Paul_Mooney/OCT2017/test/DRUSEN/DRUSEN-9201573-1.jpeg,,,Kermany,test,2,DRUSEN,True,Kermany-test,2,DRUSEN,1.0,9.848673e-07,0.9262234,0.67456406,1,-10.45113,False,-4.37895,False,-7.266301,False,-7.0685415,False,False,True
/Users/yuhaowang/Documents/UCL/Term3_Proj/Dataset/Paul_Mooney/OCT2017/test/DRUSEN/DRUSEN-9225057-1.jpeg,,,Kermany,test,2,DRUSEN,True,Kermany-test,2,DRUSEN,0.9999999,8.489827e-06,0.8481974,0.13463366,1,-8.646569,False,-4.3771763,False,-7.266301,False,-7.0696697,False,False,True
/Users/yuhaowang/Documents/UCL/Term3_Proj/Dataset/Paul_Mooney/OCT2017/test/DRUSEN/DRUSEN-9225057-2.jpeg,,,Kermany,test,2,DRUSEN,True,Kermany-test,2,DRUSEN,0.99999976,2.9008788e-07,0.7983165,0.38070315,1,-6.6081967,False,-4.379114,False,-7.266301,False,-6.044279,False,False,True
/Users/yuhaowang/Documents/UCL/Term3_Proj/Dataset/Paul_Mooney/OCT2017/test/DRUSEN/DRUSEN-9280370-1.jpeg,,,Kermany,test,2,DRUSEN,True,Kermany-test,2,DRUSEN,0.99999833,2.2079475e-05,0.8390771,0.44417435,1,-7.8779945,False,-4.3739643,False,-7.266301,False,-6.4202576,False,False,True
/Users/yuhaowang/Documents/UCL/Term3_Proj/Dataset/Paul_Mooney/OCT2017/test/DRUSEN/DRUSEN-9442692-1.jpeg,,,Kermany,test,2,DRUSEN,True,Kermany-test,2,DRUSEN,0.99999964,9.508789e-06,0.8996723,0.9342118,1,-9.173586,False,-4.3769355,False,-7.266301,False,-6.297329,False,False,True
/Users/yuhaowang/Documents/UCL/Term3_Proj/Dataset/Paul_Mooney/OCT2017/test/DRUSEN/DRUSEN-9504181-1.jpeg,,,Kermany,test,2,DRUSEN,True,Kermany-test,2,DRUSEN,0.9999014,0.00039008027,0.8190204,0.8001164,1,-6.6738014,False,-4.2869883,False,-7.266301,False,-5.5115023,False,False,True
/Users/yuhaowang/Documents/UCL/Term3_Proj/Dataset/Paul_Mooney/OCT2017/test/DRUSEN/DRUSEN-9504181-2.jpeg,,,Kermany,test,2,DRUSEN,True,Kermany-test,2,DRUSEN,1.0,3.2700755e-06,0.8669243,-0.06877344,1,-9.577979,False,-4.37841,False,-7.266301,False,-7.648757,False,False,True
/Users/yuhaowang/Documents/UCL/Term3_Proj/Dataset/Paul_Mooney/OCT2017/test/DRUSEN/DRUSEN-95633-1.jpeg,,,Kermany,test,2,DRUSEN,True,Kermany-test,2,DRUSEN,0.9999988,1.6866863e-05,0.8641348,1.0630246,1,-7.7909336,False,-4.3751965,False,-7.266301,False,-5.6458626,False,False,True
/Users/yuhaowang/Documents/UCL/Term3_Proj/Dataset/Paul_Mooney/OCT2017/test/DRUSEN/DRUSEN-956663-1.jpeg,,,Kermany,test,2,DRUSEN,True,Kermany-test,2,DRUSEN,0.999995,2.4870591e-05,0.8477696,0.82398474,1,-7.6006875,False,-4.373305,False,-7.266301,False,-5.8639293,False,False,True
/Users/yuhaowang/Documents/UCL/Term3_Proj/Dataset/Paul_Mooney/OCT2017/test/DRUSEN/DRUSEN-9624303-1.jpeg,,,Kermany,test,2,DRUSEN,True,Kermany-test,2,DRUSEN,0.9999994,7.216833e-06,0.87940454,0.9938345,1,-8.405745,False,-4.377477,False,-7.266301,False,-5.9507155,False,False,True
/Users/yuhaowang/Documents/UCL/Term3_Proj/Dataset/Paul_Mooney/OCT2017/test/DRUSEN/DRUSEN-9624303-2.jpeg,,,Kermany,test,2,DRUSEN,True,Kermany-test,2,DRUSEN,0.9064306,0.058294237,0.5820709,0.79286164,1,1.2490582,True,9.398508,True,-7.266301,False,5.065807,True,True,True
/Users/yuhaowang/Documents/UCL/Term3_Proj/Dataset/Paul_Mooney/OCT2017/test/DRUSEN/DRUSEN-9642260-1.jpeg,,,Kermany,test,2,DRUSEN,True,Kermany-test,2,DRUSEN,1.0,5.9590184e-06,0.8518901,0.7563837,1,-7.8398113,False,-4.3777742,False,-7.266301,False,-6.0334377,False,False,True
/Users/yuhaowang/Documents/UCL/Term3_Proj/Dataset/Paul_Mooney/OCT2017/test/DRUSEN/DRUSEN-9689334-1.jpeg,,,Kermany,test,2,DRUSEN,True,Kermany-test,2,DRUSEN,0.9999999,1.8151739e-05,0.89071995,0.65853184,1,-9.286368,False,-4.3748927,False,-7.266301,False,-6.667981,False,False,True
/Users/yuhaowang/Documents/UCL/Term3_Proj/Dataset/Paul_Mooney/OCT2017/test/DRUSEN/DRUSEN-9734808-1.jpeg,,,Kermany,test,2,DRUSEN,True,Kermany-test,2,DRUSEN,1.0,0.00018740492,0.886333,0.62738055,1,-9.186096,False,-4.3348904,False,-7.266301,False,-6.64684,False,False,True
/Users/yuhaowang/Documents/UCL/Term3_Proj/Dataset/Paul_Mooney/OCT2017/test/DRUSEN/DRUSEN-9734808-2.jpeg,,,Kermany,test,2,DRUSEN,True,Kermany-test,2,DRUSEN,0.99989796,0.0004959181,0.8211375,0.917035,1,-6.569729,False,-4.261974,False,-7.266301,False,-5.3194957,False,False,True
/Users/yuhaowang/Documents/UCL/Term3_Proj/Dataset/Paul_Mooney/OCT2017/test/DRUSEN/DRUSEN-9800172-1.jpeg,,,Kermany,test,2,DRUSEN,True,Kermany-test,2,DRUSEN,0.99995196,0.0005651808,0.8144865,0.71547765,1,-6.6486497,False,-4.2456036,False,-7.266301,False,-5.5808015,False,False,True
/Users/yuhaowang/Documents/UCL/Term3_Proj/Dataset/Paul_Mooney/OCT2017/test/DRUSEN/DRUSEN-987193-1.jpeg,,,Kermany,test,2,DRUSEN,True,Kermany-test,2,DRUSEN,1.0,1.4686037e-05,0.8902714,0.314201,1,-9.786614,False,-4.375712,False,-7.266301,False,-7.261669,False,False,True
/Users/yuhaowang/Documents/UCL/Term3_Proj/Dataset/Paul_Mooney/OCT2017/test/NORMAL/NORMAL-1017237-1.jpeg,,,Kermany,test,3,NORMAL,False,Kermany-test,3,NORMAL,1.0,3.835545e-09,0.8665517,-1.7512902,1,-12.083256,False,-4.379182,False,-7.266301,False,-10.569723,False,False,True
/Users/yuhaowang/Documents/UCL/Term3_Proj/Dataset/Paul_Mooney/OCT2017/test/NORMAL/NORMAL-101880-1.jpeg,,,Kermany,test,3,NORMAL,False,Kermany-test,3,NORMAL,1.0,3.2527592e-10,0.889621,-0.5478906,1,-11.054888,False,-4.379183,False,-7.266301,False,-8.754545,False,False,True
/Users/yuhaowang/Documents/UCL/Term3_Proj/Dataset/Paul_Mooney/OCT2017/test/NORMAL/NORMAL-1025847-1.jpeg,,,Kermany,test,3,NORMAL,False,Kermany-test,3,NORMAL,1.0,1.796052e-05,0.8878233,0.7197649,1,-9.09775,False,-4.374938,False,-7.266301,False,-6.526787,False,False,True
/Users/yuhaowang/Documents/UCL/Term3_Proj/Dataset/Paul_Mooney/OCT2017/test/NORMAL/NORMAL-1038998-1.jpeg,,,Kermany,test,3,NORMAL,False,Kermany-test,3,NORMAL,1.0,4.4814624e-07,0.9074442,0.6690864,1,-9.830547,False,-4.379077,False,-7.266301,False,-6.8527355,False,False,True
/Users/yuhaowang/Documents/UCL/Term3_Proj/Dataset/Paul_Mooney/OCT2017/test/NORMAL/NORMAL-1042462-1.jpeg,,,Kermany,test,3,NORMAL,False,Kermany-test,3,NORMAL,0.99999607,0.00043881405,0.73643404,0.7675699,1,-3.9572887,False,-4.2754703,False,-7.266301,False,-4.570308,False,False,True
/Users/yuhaowang/Documents/UCL/Term3_Proj/Dataset/Paul_Mooney/OCT2017/test/NORMAL/NORMAL-1058176-1.jpeg,,,Kermany,test,3,NORMAL,False,Kermany-test,3,NORMAL,1.0,1.1059663e-05,0.82992715,0.3005521,1,-7.7865477,False,-4.376569,False,-7.266301,False,-6.5615907,False,False,True
/Users/yuhaowang/Documents/UCL/Term3_Proj/Dataset/Paul_Mooney/OCT2017/test/NORMAL/NORMAL-1063128-1.jpeg,,,Kermany,test,3,NORMAL,False,Kermany-test,3,NORMAL,1.0,3.0736658e-07,0.92477554,0.3774513,1,-10.847258,False,-4.3791103,False,-7.266301,False,-7.5677752,False,False,True
/Users/yuhaowang/Documents/UCL/Term3_Proj/Dataset/Paul_Mooney/OCT2017/test/NORMAL/NORMAL-1073137-1.jpeg,,,Kermany,test,3,NORMAL,False,Kermany-test,3,NORMAL,1.0,1.5406528e-08,0.906689,-0.097021334,1,-10.95168,False,-4.379179,False,-7.266301,False,-8.175583,False,False,True
/Users/yuhaowang/Documents/UCL/Term3_Proj/Dataset/Paul_Mooney/OCT2017/test/NORMAL/NORMAL-1081406-1.jpeg,,,Kermany,test,3,NORMAL,False,Kermany-test,3,NORMAL,0.99998665,0.0002442235,0.56239235,0.57185894,1,1.5772362,True,-4.321461,False,-7.266301,False,-2.8476129,False,False,True
/Users/yuhaowang/Documents/UCL/Term3_Proj/Dataset/Paul_Mooney/OCT2017/test/NORMAL/NORMAL-112928-1.jpeg,,,Kermany,test,3,NORMAL,False,Kermany-test,3,NORMAL,1.0,1.572648e-05,0.8073824,0.47684202,1,-6.7678843,False,-4.375466,False,-7.266301,False,-5.9838953,False,False,True
/Users/yuhaowang/Documents/UCL/Term3_Proj/Dataset/Paul_Mooney/OCT2017/test/NORMAL/NORMAL-119840-1.jpeg,,,Kermany,test,3,NORMAL,False,Kermany-test,3,NORMAL,1.0,5.936539e-08,0.8968942,-0.5131559,1,-11.246437,False,-4.379169,False,-7.266301,False,-8.78145,False,False,True
/Users/yuhaowang/Documents/UCL/Term3_Proj/Dataset/Paul_Mooney/OCT2017/test/NORMAL/NORMAL-12494-1.jpeg,,,Kermany,test,3,NORMAL,False,Kermany-test,3,NORMAL,1.0,2.5306088e-07,0.89615107,-0.08873928,1,-10.586449,False,-4.379123,False,-7.266301,False,-8.03467,False,False,True
/Users/yuhaowang/Documents/UCL/Term3_Proj/Dataset/Paul_Mooney/OCT2017/test/NORMAL/NORMAL-12494-2.jpeg,,,Kermany,test,3,NORMAL,False,Kermany-test,3,NORMAL,1.0,3.007986e-08,0.91744727,-0.06902092,1,-11.269997,False,-4.3791757,False,-7.266301,False,-8.256031,False,False,True
/Users/yuhaowang/Documents/UCL/Term3_Proj/Dataset/Paul_Mooney/OCT2017/test/NORMAL/NORMAL-12494-3.jpeg,,,Kermany,test,3,NORMAL,False,Kermany-test,3,NORMAL,1.0,1.049707e-06,0.9230555,0.59856683,1,-10.458784,False,-4.378935,False,-7.266301,False,-7.1626287,False,False,True
/Users/yuhaowang/Documents/UCL/Term3_Proj/Dataset/Paul_Mooney/OCT2017/test/NORMAL/NORMAL-12494-4.jpeg,,,Kermany,test,3,NORMAL,False,Kermany-test,3,NORMAL,1.0,2.4243268e-06,0.9159476,-0.04136087,1,-11.178392,False,-4.3786097,False,-7.266301,False,-8.189625,False,False,True
/Users/yuhaowang/Documents/UCL/Term3_Proj/Dataset/Paul_Mooney/OCT2017/test/NORMAL/NORMAL-12494-5.jpeg,,,Kermany,test,3,NORMAL,False,Kermany-test,3,NORMAL,1.0,3.787924e-05,0.8663662,-0.15659769,1,-9.690715,False,-4.37023,False,-7.266301,False,-7.7901087,False,False,True
/Users/yuhaowang/Documents/UCL/Term3_Proj/Dataset/Paul_Mooney/OCT2017/test/NORMAL/NORMAL-133321-1.jpeg,,,Kermany,test,3,NORMAL,False,Kermany-test,3,NORMAL,1.0,7.575596e-08,0.85420465,0.15350136,1,-8.819475,False,-4.3791647,False,-7.266301,False,-7.1100974,False,False,True
/Users/yuhaowang/Documents/UCL/Term3_Proj/Dataset/Paul_Mooney/OCT2017/test/NORMAL/NORMAL-138971-1.jpeg,,,Kermany,test,3,NORMAL,False,Kermany-test,3,NORMAL,0.9999999,1.6006437e-05,0.84944606,0.19008175,1,-8.605404,False,-4.3753996,False,-7.266301,False,-6.987257,False,False,True
/Users/yuhaowang/Documents/UCL/Term3_Proj/Dataset/Paul_Mooney/OCT2017/test/NORMAL/NORMAL-15208-1.jpeg,,,Kermany,test,3,NORMAL,False,Kermany-test,3,NORMAL,1.0,5.7780944e-09,0.8835231,0.15299363,1,-9.801896,False,-4.3791814,False,-7.266301,False,-7.4628887,False,False,True
/Users/yuhaowang/Documents/UCL/Term3_Proj/Dataset/Paul_Mooney/OCT2017/test/NORMAL/NORMAL-15307-1.jpeg,,,Kermany,test,3,NORMAL,False,Kermany-test,3,NORMAL,0.99999976,1.311949e-05,0.84083086,0.5659802,1,-7.7544417,False,-4.376082,False,-7.266301,False,-6.23075,False,False,True
/Users/yuhaowang/Documents/UCL/Term3_Proj/Dataset/Paul_Mooney/OCT2017/test/NORMAL/NORMAL-153950-1.jpeg,,,Kermany,test,3,NORMAL,False,Kermany-test,3,NORMAL,1.0,1.0300741e-06,0.9061514,-0.13607144,1,-10.992117,False,-4.3789396,False,-7.266301,False,-8.236882,False,False,True
/Users/yuhaowang/Documents/UCL/Term3_Proj/Dataset/Paul_Mooney/OCT2017/test/NORMAL/NORMAL-1746717-1.jpeg,,,Kermany,test,3,NORMAL,False,Kermany-test,3,NORMAL,1.0,5.290399e-10,0.9191755,-0.12113294,1,-11.405844,False,-4.379183,False,-7.266301,False,-8.367373,False,False,True
/Users/yuhaowang/Documents/UCL/Term3_Proj/Dataset/Paul_Mooney/OCT2017/test/NORMAL/NORMAL-1759350-1.jpeg,,,Kermany,test,3,NORMAL,False,Kermany-test,3,NORMAL,1.0,2.2559416e-06,0.82100844,-0.023421904,1,-7.972727,False,-4.3786497,False,-7.266301,False,-7.0189385,False,False,True
/Users/yuhaowang/Documents/UCL/Term3_Proj/Dataset/Paul_Mooney/OCT2017/test/NORMAL/NORMAL-1781140-1.jpeg,,,Kermany,test,3,NORMAL,False,Kermany-test,3,NORMAL,1.0,2.669408e-07,0.8859911,0.0013677845,1,-10.111427,False,-4.37912,False,-7.266301,False,-7.756073,False,False,True
/Users/yuhaowang/Documents/UCL/Term3_Proj/Dataset/Paul_Mooney/OCT2017/test/NORMAL/NORMAL-1791409-1.jpeg,,,Kermany,test,3,NORMAL,False,Kermany-test,3,NORMAL,1.0,1.3651347e-06,0.73405427,0.38776433,1,-4.445956,False,-4.37886,False,-7.266301,False,-5.2605424,False,False,True
/Users/yuhaowang/Documents/UCL/Term3_Proj/Dataset/Paul_Mooney/OCT2017/test/NORMAL/NORMAL-1831654-1.jpeg,,,Kermany,test,3,NORMAL,False,Kermany-test,3,NORMAL,1.0,5.438757e-09,0.917534,0.15062836,1,-10.944213,False,-4.3791814,False,-7.266301,False,-7.875222,False,False,True
/Users/yuhaowang/Documents/UCL/Term3_Proj/Dataset/Paul_Mooney/OCT2017/test/NORMAL/NORMAL-1853526-1.jpeg,,,Kermany,test,3,NORMAL,False,Kermany-test,3,NORMAL,0.9999994,5.1539842e-05,0.7902103,0.35621428,1,-6.3734255,False,-4.3670015,False,-7.266301,False,-5.982701,False,False,True
/Users/yuhaowang/Documents/UCL/Term3_Proj/Dataset/Paul_Mooney/OCT2017/test/NORMAL/NORMAL-1860310-1.jpeg,,,Kermany,test,3,NORMAL,False,Kermany-test,3,NORMAL,1.0,2.9687885e-07,0.9054945,0.010534599,1,-10.750737,False,-4.3791127,False,-7.266301,False,-7.974226,False,False,True
/Users/yuhaowang/Documents/UCL/Term3_Proj/Dataset/Paul_Mooney/OCT2017/test/NORMAL/NORMAL-1897894-1.jpeg,,,Kermany,test,3,NORMAL,False,Kermany-test,3,NORMAL,1.0,9.002801e-08,0.89926434,-0.16442807,1,-10.803951,False,-4.379162,False,-7.266301,False,-8.203642,False,False,True
/Users/yuhaowang/Documents/UCL/Term3_Proj/Dataset/Paul_Mooney/OCT2017/test/NORMAL/NORMAL-1907560-1.jpeg,,,Kermany,test,3,NORMAL,False,Kermany-test,3,NORMAL,0.99998593,0.00032231747,0.67477363,0.24548201,1,-2.6739929,False,-4.303004,False,-7.266301,False,-4.753436,False,False,True
/Users/yuhaowang/Documents/UCL/Term3_Proj/Dataset/Paul_Mooney/OCT2017/test/NORMAL/NORMAL-1908313-1.jpeg,,,Kermany,test,3,NORMAL,False,Kermany-test,3,NORMAL,1.0,4.7278645e-06,0.78317565,-0.043801084,1,-6.736477,False,-4.378065,False,-7.266301,False,-6.599942,False,False,True
/Users/yuhaowang/Documents/UCL/Term3_Proj/Dataset/Paul_Mooney/OCT2017/test/NORMAL/NORMAL-1951042-1.jpeg,,,Kermany,test,3,NORMAL,False,Kermany-test,3,NORMAL,1.0,1.2086083e-08,0.8988864,-0.15919223,1,-10.783462,False,-4.37918,False,-7.266301,False,-8.190014,False,False,True
/Users/yuhaowang/Documents/UCL/Term3_Proj/Dataset/Paul_Mooney/OCT2017/test/NORMAL/NORMAL-1957379-1.jpeg,,,Kermany,test,3,NORMAL,False,Kermany-test,3,NORMAL,1.0,3.217494e-08,0.92478347,0.7519575,1,-10.287104,False,-4.379175,False,-7.266301,False,-6.91684,False,False,True
/Users/yuhaowang/Documents/UCL/Term3_Proj/Dataset/Paul_Mooney/OCT2017/test/NORMAL/NORMAL-197082-1.jpeg,,,Kermany,test,3,NORMAL,False,Kermany-test,3,NORMAL,1.0,0.00014486624,0.842414,0.6785714,1,-7.6389666,False,-4.344944,False,-7.266301,False,-6.036392,False,False,True
/Users/yuhaowang/Documents/UCL/Term3_Proj/Dataset/Paul_Mooney/OCT2017/test/NORMAL/NORMAL-1983894-1.jpeg,,,Kermany,test,3,NORMAL,False,Kermany-test,3,NORMAL,1.0,2.9276544e-06,0.7768013,0.15636721,1,-6.2235103,False,-4.378491,False,-7.266301,False,-6.175688,False,False,True
/Users/yuhaowang/Documents/UCL/Term3_Proj/Dataset/Paul_Mooney/OCT2017/test/NORMAL/NORMAL-1988065-1.jpeg,,,Kermany,test,3,NORMAL,False,Kermany-test,3,NORMAL,1.0,1.7616557e-08,0.8989451,-0.62178767,1,-11.477665,False,-4.3791785,False,-7.266301,False,-8.994925,False,False,True
/Users/yuhaowang/Documents/UCL/Term3_Proj/Dataset/Paul_Mooney/OCT2017/test/NORMAL/NORMAL-1989796-1.jpeg,,,Kermany,test,3,NORMAL,False,Kermany-test,3,NORMAL,1.0,6.4587766e-07,0.7409763,0.36052737,1,-4.7184815,False,-4.37903,False,-7.266301,False,-5.391072,False,False,True
/Users/yuhaowang/Documents/UCL/Term3_Proj/Dataset/Paul_Mooney/OCT2017/test/NORMAL/NORMAL-1998191-1.jpeg,,,Kermany,test,3,NORMAL,False,Kermany-test,3,NORMAL,1.0,7.600093e-09,0.8857563,-0.17999737,1,-10.374964,False,-4.379181,False,-7.266301,False,-8.068587,False,False,True
/Users/yuhaowang/Documents/UCL/Term3_Proj/Dataset/Paul_Mooney/OCT2017/test/NORMAL/NORMAL-2010714-1.jpeg,,,Kermany,test,3,NORMAL,False,Kermany-test,3,NORMAL,1.0,6.512373e-06,0.7678556,-0.62551,1,-7.0940003,False,-4.3776436,False,-7.266301,False,-7.4271045,False,False,True
/Users/yuhaowang/Documents/UCL/Term3_Proj/Dataset/Paul_Mooney/OCT2017/test/NORMAL/NORMAL-2011412-1.jpeg,,,Kermany,test,3,NORMAL,False,Kermany-test,3,NORMAL,1.0,4.142822e-05,0.8819784,0.46237606,1,-9.287209,False,-4.3693914,False,-7.266301,False,-6.9009557,False,False,True
/Users/yuhaowang/Documents/UCL/Term3_Proj/Dataset/Paul_Mooney/OCT2017/test/NORMAL/NORMAL-2019006-1.jpeg,,,Kermany,test,3,NORMAL,False,Kermany-test,3,NORMAL,0.9999958,0.00023581635,0.78897625,0.42196736,1,-6.2337117,False,-4.323448,False,-7.266301,False,-5.8289285,False,False,True
/Users/yuhaowang/Documents/UCL/Term3_Proj/Dataset/Paul_Mooney/OCT2017/test/NORMAL/NORMAL-2019423-1.jpeg,,,Kermany,test,3,NORMAL,False,Kermany-test,3,NORMAL,0.99999976,0.003322245,0.8209225,0.10886027,1,-7.771899,False,-3.593979,False,-7.266301,False,-6.3438206,False,False,True
/Users/yuhaowang/Documents/UCL/Term3_Proj/Dataset/Paul_Mooney/OCT2017/test/NORMAL/NORMAL-2055634-1.jpeg,,,Kermany,test,3,NORMAL,False,Kermany-test,3,NORMAL,1.0,1.8222654e-06,0.8109426,0.10149891,1,-7.44876,False,-4.378752,False,-7.266301,False,-6.681009,False,False,True
/Users/yuhaowang/Documents/UCL/Term3_Proj/Dataset/Paul_Mooney/OCT2017/test/NORMAL/NORMAL-2059629-1.jpeg,,,Kermany,test,3,NORMAL,False,Kermany-test,3,NORMAL,1.0,8.8710067e-07,0.88826287,0.67121994,1,-9.185112,False,-4.378973,False,-7.266301,False,-6.618741,False,False,True
/Users/yuhaowang/Documents/UCL/Term3_Proj/Dataset/Paul_Mooney/OCT2017/test/NORMAL/NORMAL-2075832-1.jpeg,,,Kermany,test,3,NORMAL,False,Kermany-test,3,NORMAL,1.0,3.3395172e-06,0.83520085,0.035208367,1,-8.360191,False,-4.3783937,False,-7.266301,False,-7.0872135,False,False,True
/Users/yuhaowang/Documents/UCL/Term3_Proj/Dataset/Paul_Mooney/OCT2017/test/NORMAL/NORMAL-2082689-1.jpeg,,,Kermany,test,3,NORMAL,False,Kermany-test,3,NORMAL,1.0,5.1171855e-07,0.89445627,-0.20505849,1,-10.703765,False,-4.3790617,False,-7.266301,False,-8.216511,False,False,True
/Users/yuhaowang/Documents/UCL/Term3_Proj/Dataset/Paul_Mooney/OCT2017/test/NORMAL/NORMAL-2095710-1.jpeg,,,Kermany,test,3,NORMAL,False,Kermany-test,3,NORMAL,1.0,6.6069177e-09,0.9046942,-0.124067456,1,-10.925362,False,-4.3791814,False,-7.266301,False,-8.19866,False,False,True
/Users/yuhaowang/Documents/UCL/Term3_Proj/Dataset/Paul_Mooney/OCT2017/test/NORMAL/NORMAL-2113822-1.jpeg,,,Kermany,test,3,NORMAL,False,Kermany-test,3,NORMAL,0.99998105,0.00024028798,0.5534809,0.31311375,1,1.4884233,True,-4.3223915,False,-7.266301,False,-3.1909986,False,False,True
/Users/yuhaowang/Documents/UCL/Term3_Proj/Dataset/Paul_Mooney/OCT2017/test/NORMAL/NORMAL-2120559-1.jpeg,,,Kermany,test,3,NORMAL,False,Kermany-test,3,NORMAL,1.0,9.808701e-09,0.8433077,-0.21050982,1,-8.999328,False,-4.3791804,False,-7.266301,False,-7.6121354,False,False,True
/Users/yuhaowang/Documents/UCL/Term3_Proj/Dataset/Paul_Mooney/OCT2017/test/NORMAL/NORMAL-2120559-2.jpeg,,,Kermany,test,3,NORMAL,False,Kermany-test,3,NORMAL,1.0,1.1384067e-08,0.9060399,0.24204642,1,-10.42256,False,-4.37918,False,-7.266301,False,-7.5783343,False,False,True
/Users/yuhaowang/Documents/UCL/Term3_Proj/Dataset/Paul_Mooney/OCT2017/test/NORMAL/NORMAL-2120559-3.jpeg,,,Kermany,test,3,NORMAL,False,Kermany-test,3,NORMAL,1.0,1.15411325e-08,0.89233804,-0.19078706,1,-10.611485,False,-4.37918,False,-7.266301,False,-8.166343,False,False,True
/Users/yuhaowang/Documents/UCL/Term3_Proj/Dataset/Paul_Mooney/OCT2017/test/NORMAL/NORMAL-2126186-1.jpeg,,,Kermany,test,3,NORMAL,False,Kermany-test,3,NORMAL,1.0,1.8296454e-08,0.92222476,-0.014889839,1,-11.348957,False,-4.3791785,False,-7.266301,False,-8.21927,False,False,True
/Users/yuhaowang/Documents/UCL/Term3_Proj/Dataset/Paul_Mooney/OCT2017/test/NORMAL/NORMAL-2131138-1.jpeg,,,Kermany,test,3,NORMAL,False,Kermany-test,3,NORMAL,1.0,3.0406646e-09,0.91836447,0.25883868,1,-10.810091,False,-4.379182,False,-7.266301,False,-7.69707,False,False,True
/Users/yuhaowang/Documents/UCL/Term3_Proj/Dataset/Paul_Mooney/OCT2017/test/NORMAL/NORMAL-2158556-1.jpeg,,,Kermany,test,3,NORMAL,False,Kermany-test,3,NORMAL,1.0,1.200759e-08,0.93286407,0.4196963,1,-11.054867,False,-4.37918,False,-7.266301,False,-7.591457,False,False,True
/Users/yuhaowang/Documents/UCL/Term3_Proj/Dataset/Paul_Mooney/OCT2017/test/NORMAL/NORMAL-2167295-1.jpeg,,,Kermany,test,3,NORMAL,False,Kermany-test,3,NORMAL,1.0,3.8661028e-07,0.8511116,-0.3549969,1,-9.476837,False,-4.3790913,False,-7.266301,False,-7.9569387,False,False,True
/Users/yuhaowang/Documents/UCL/Term3_Proj/Dataset/Paul_Mooney/OCT2017/test/NORMAL/NORMAL-2181272-1.jpeg,,,Kermany,test,3,NORMAL,False,Kermany-test,3,NORMAL,1.0,1.4021909e-05,0.85300744,-0.022722939,1,-9.043094,False,-4.375869,False,-7.266301,False,-7.4002223,False,False,True
/Users/yuhaowang/Documents/UCL/Term3_Proj/Dataset/Paul_Mooney/OCT2017/test/NORMAL/NORMAL-2182640-1.jpeg,,,Kermany,test,3,NORMAL,False,Kermany-test,3,NORMAL,0.9983878,0.08545369,0.6062035,-0.18485539,2,-1.0220432,False,15.817572,True,5.519489,True,12.548742,True,True,True
/Users/yuhaowang/Documents/UCL/Term3_Proj/Dataset/Paul_Mooney/OCT2017/test/NORMAL/NORMAL-2192790-1.jpeg,,,Kermany,test,3,NORMAL,False,Kermany-test,3,NORMAL,1.0,9.72996e-06,0.8818754,0.16257152,1,-9.732393,False,-4.376883,False,-7.266301,False,-7.4251604,False,False,True
/Users/yuhaowang/Documents/UCL/Term3_Proj/Dataset/Paul_Mooney/OCT2017/test/NORMAL/NORMAL-2197972-1.jpeg,,,Kermany,test,3,NORMAL,False,Kermany-test,3,NORMAL,1.0,2.131303e-07,0.9015191,0.45409644,1,-9.953875,False,-4.3791323,False,-7.266301,False,-7.1554036,False,False,True
/Users/yuhaowang/Documents/UCL/Term3_Proj/Dataset/Paul_Mooney/OCT2017/test/NORMAL/NORMAL-2226488-1.jpeg,,,Kermany,test,3,NORMAL,False,Kermany-test,3,NORMAL,1.0,2.925448e-06,0.8942696,-0.33786544,1,-10.896249,False,-4.3784914,False,-7.266301,False,-8.444828,False,False,True
/Users/yuhaowang/Documents/UCL/Term3_Proj/Dataset/Paul_Mooney/OCT2017/test/NORMAL/NORMAL-2231056-1.jpeg,,,Kermany,test,3,NORMAL,False,Kermany-test,3,NORMAL,1.0,1.4166089e-06,0.93498194,0.41660342,1,-11.130407,False,-4.378848,False,-7.266301,False,-7.622066,False,False,True
/Users/yuhaowang/Documents/UCL/Term3_Proj/Dataset/Paul_Mooney/OCT2017/test/NORMAL/NORMAL-223814-1.jpeg,,,Kermany,test,3,NORMAL,False,Kermany-test,3,NORMAL,1.0,5.283955e-07,0.9292099,-0.2523988,1,-11.9382515,False,-4.379058,False,-7.266301,False,-8.715943,False,False,True
/Users/yuhaowang/Documents/UCL/Term3_Proj/Dataset/Paul_Mooney/OCT2017/test/NORMAL/NORMAL-2244950-1.jpeg,,,Kermany,test,3,NORMAL,False,Kermany-test,3,NORMAL,0.99999976,0.00026967743,0.8254623,0.82189953,1,-6.856897,False,-4.315445,False,-7.266301,False,-5.567059,False,False,True
/Users/yuhaowang/Documents/UCL/Term3_Proj/Dataset/Paul_Mooney/OCT2017/test/NORMAL/NORMAL-2287992-1.jpeg,,,Kermany,test,3,NORMAL,False,Kermany-test,3,NORMAL,1.0,2.8131865e-08,0.8812772,-0.24704371,1,-10.325321,False,-4.379176,False,-7.266301,False,-8.131381,False,False,True
/Users/yuhaowang/Documents/UCL/Term3_Proj/Dataset/Paul_Mooney/OCT2017/test/NORMAL/NORMAL-2305502-1.jpeg,,,Kermany,test,3,NORMAL,False,Kermany-test,3,NORMAL,1.0,2.0015264e-08,0.9333143,0.73187184,1,-10.602797,False,-4.379178,False,-7.266301,False,-7.0541525,False,False,True
/Users/yuhaowang/Documents/UCL/Term3_Proj/Dataset/Paul_Mooney/OCT2017/test/NORMAL/NORMAL-2312921-1.jpeg,,,Kermany,test,3,NORMAL,False,Kermany-test,3,NORMAL,0.9999974,0.00028002786,0.65701264,0.6000418,1,-1.5487361,False,-4.312999,False,-7.266301,False,-3.9295232,False,False,True
/Users/yuhaowang/Documents/UCL/Term3_Proj/Dataset/Paul_Mooney/OCT2017/test/NORMAL/NORMAL-2316423-1.jpeg,,,Kermany,test,3,NORMAL,False,Kermany-test,3,NORMAL,1.0,8.4665544e-07,0.89629716,0.061970383,1,-10.365814,False,-4.3789825,False,-7.266301,False,-7.7743397,False,False,True
/Users/yuhaowang/Documents/UCL/Term3_Proj/Dataset/Paul_Mooney/OCT2017/test/NORMAL/NORMAL-2335256-1.jpeg,,,Kermany,test,3,NORMAL,False,Kermany-test,3,NORMAL,1.0,4.9336734e-08,0.9136186,0.29916102,1,-10.590849,False,-4.3791714,False,-7.266301,False,-7.5700016,False,False,True
/Users/yuhaowang/Documents/UCL/Term3_Proj/Dataset/Paul_Mooney/OCT2017/test/NORMAL/NORMAL-2342517-1.jpeg,,,Kermany,test,3,NORMAL,False,Kermany-test,3,NORMAL,1.0,3.688323e-06,0.80265987,0.049920965,1,-7.2486143,False,-4.378311,False,-7.266301,False,-6.671011,False,False,True
/Users/yuhaowang/Documents/UCL/Term3_Proj/Dataset/Paul_Mooney/OCT2017/test/NORMAL/NORMAL-2350851-1.jpeg,,,Kermany,test,3,NORMAL,False,Kermany-test,3,NORMAL,1.0,1.05624454e-10,0.9125085,0.028662862,1,-10.958457,False,-4.379183,False,-7.266301,False,-8.026937,False,False,True
/Users/yuhaowang/Documents/UCL/Term3_Proj/Dataset/Paul_Mooney/OCT2017/test/NORMAL/NORMAL-2351012-1.jpeg,,,Kermany,test,3,NORMAL,False,Kermany-test,3,NORMAL,1.0,1.5052533e-06,0.90552026,0.30403054,1,-10.312407,False,-4.378827,False,-7.266301,False,-7.46414,False,False,True
/Users/yuhaowang/Documents/UCL/Term3_Proj/Dataset/Paul_Mooney/OCT2017/test/NORMAL/NORMAL-2362579-1.jpeg,,,Kermany,test,3,NORMAL,False,Kermany-test,3,NORMAL,1.0,2.6996413e-06,0.89010435,-0.052566875,1,-10.329859,False,-4.378545,False,-7.266301,False,-7.8988814,False,False,True
/Users/yuhaowang/Documents/UCL/Term3_Proj/Dataset/Paul_Mooney/OCT2017/test/NORMAL/NORMAL-2366700-1.jpeg,,,Kermany,test,3,NORMAL,False,Kermany-test,3,NORMAL,1.0,1.3590343e-05,0.89624715,0.6444409,1,-9.492519,False,-4.375971,False,-7.266301,False,-6.759429,False,False,True
/Users/yuhaowang/Documents/UCL/Term3_Proj/Dataset/Paul_Mooney/OCT2017/test/NORMAL/NORMAL-2373878-1.jpeg,,,Kermany,test,3,NORMAL,False,Kermany-test,3,NORMAL,1.0,6.242046e-06,0.8658787,0.47701275,1,-8.726245,False,-4.3777075,False,-7.266301,False,-6.6869783,False,False,True
/Users/yuhaowang/Documents/UCL/Term3_Proj/Dataset/Paul_Mooney/OCT2017/test/NORMAL/NORMAL-2377429-1.jpeg,,,Kermany,test,3,NORMAL,False,Kermany-test,3,NORMAL,1.0,0.00019828053,0.81262445,0.87650573,1,-6.345338,False,-4.3323197,False,-7.266301,False,-5.327591,False,False,True
/Users/yuhaowang/Documents/UCL/Term3_Proj/Dataset/Paul_Mooney/OCT2017/test/NORMAL/NORMAL-2392366-1.jpeg,,,Kermany,test,3,NORMAL,False,Kermany-test,3,NORMAL,1.0,4.137719e-06,0.8974324,-0.44260997,1,-11.15889,False,-4.378205,False,-7.266301,False,-8.664722,False,False,True
/Users/yuhaowang/Documents/UCL/Term3_Proj/Dataset/Paul_Mooney/OCT2017/test/NORMAL/NORMAL-2397754-1.jpeg,,,Kermany,test,3,NORMAL,False,Kermany-test,3,NORMAL,1.0,5.678009e-05,0.91480225,0.7556384,1,-9.947397,False,-4.365763,False,-7.266301,False,-6.7830486,False,False,True
/Users/yuhaowang/Documents/UCL/Term3_Proj/Dataset/Paul_Mooney/OCT2017/test/NORMAL/NORMAL-2403175-1.jpeg,,,Kermany,test,3,NORMAL,False,Kermany-test,3,NORMAL,1.0,4.1819876e-06,0.8428221,-0.37018335,1,-9.222007,False,-4.3781943,False,-7.266301,False,-7.883336,False,False,True
/Users/yuhaowang/Documents/UCL/Term3_Proj/Dataset/Paul_Mooney/OCT2017/test/NORMAL/NORMAL-2416187-1.jpeg,,,Kermany,test,3,NORMAL,False,Kermany-test,3,NORMAL,1.0,4.995034e-06,0.87472117,-0.38912198,1,-10.318417,False,-4.378002,False,-7.266301,False,-8.299026,False,False,True
/Users/yuhaowang/Documents/UCL/Term3_Proj/Dataset/Paul_Mooney/OCT2017/test/NORMAL/NORMAL-2421067-1.jpeg,,,Kermany,test,3,NORMAL,False,Kermany-test,3,NORMAL,1.0,7.283981e-06,0.9185709,0.40710858,1,-10.595128,False,-4.3774614,False,-7.266301,False,-7.440811,False,False,True
/Users/yuhaowang/Documents/UCL/Term3_Proj/Dataset/Paul_Mooney/OCT2017/test/NORMAL/NORMAL-2424949-1.jpeg,,,Kermany,test,3,NORMAL,False,Kermany-test,3,NORMAL,1.0,1.9153944e-05,0.8063795,0.38069028,1,-6.878188,False,-4.3746557,False,-7.266301,False,-6.1385555,False,False,True
/Users/yuhaowang/Documents/UCL/Term3_Proj/Dataset/Paul_Mooney/OCT2017/test/NORMAL/NORMAL-2434258-1.jpeg,,,Kermany,test,3,NORMAL,False,Kermany-test,3,NORMAL,0.99999976,1.4295518e-05,0.7442737,0.5919743,1,-4.4825473,False,-4.375804,False,-7.266301,False,-5.0264606,False,False,True
/Users/yuhaowang/Documents/UCL/Term3_Proj/Dataset/Paul_Mooney/OCT2017/test/NORMAL/NORMAL-2436365-1.jpeg,,,Kermany,test,3,NORMAL,False,Kermany-test,3,NORMAL,1.0,9.042424e-09,0.90091187,-0.19736546,1,-10.908403,False,-4.379181,False,-7.266301,False,-8.280688,False,False,True
/Users/yuhaowang/Documents/UCL/Term3_Proj/Dataset/Paul_Mooney/OCT2017/test/NORMAL/NORMAL-2448954-1.jpeg,,,Kermany,test,3,NORMAL,False,Kermany-test,3,NORMAL,1.0,2.6743834e-08,0.8919419,-0.014596594,1,-10.334566,False,-4.3791766,False,-7.266301,False,-7.8552847,False,False,True
/Users/yuhaowang/Documents/UCL/Term3_Proj/Dataset/Paul_Mooney/OCT2017/test/NORMAL/NORMAL-2459401-1.jpeg,,,Kermany,test,3,NORMAL,False,Kermany-test,3,NORMAL,1.0,3.969765e-06,0.87611175,-0.1660178,1,-10.031118,False,-4.3782444,False,-7.266301,False,-7.927994,False,False,True
/Users/yuhaowang/Documents/UCL/Term3_Proj/Dataset/Paul_Mooney/OCT2017/test/NORMAL/NORMAL-2460548-1.jpeg,,,Kermany,test,3,NORMAL,False,Kermany-test,3,NORMAL,1.0,8.455288e-08,0.9165114,0.4129365,1,-10.517451,False,-4.379163,False,-7.266301,False,-7.406924,False,False,True
/Users/yuhaowang/Documents/UCL/Term3_Proj/Dataset/Paul_Mooney/OCT2017/test/NORMAL/NORMAL-2476896-1.jpeg,,,Kermany,test,3,NORMAL,False,Kermany-test,3,NORMAL,1.0,5.1345012e-08,0.9007033,-0.4331366,1,-11.254232,False,-4.379171,False,-7.266301,False,-8.68806,False,False,True
/Users/yuhaowang/Documents/UCL/Term3_Proj/Dataset/Paul_Mooney/OCT2017/test/NORMAL/NORMAL-2493975-1.jpeg,,,Kermany,test,3,NORMAL,False,Kermany-test,3,NORMAL,1.0,3.3062415e-06,0.8933864,0.027878232,1,-10.319372,False,-4.3784013,False,-7.266301,False,-7.7983427,False,False,True
/Users/yuhaowang/Documents/UCL/Term3_Proj/Dataset/Paul_Mooney/OCT2017/test/NORMAL/NORMAL-2504667-1.jpeg,,,Kermany,test,3,NORMAL,False,Kermany-test,3,NORMAL,1.0,3.307674e-06,0.8853169,-0.06125495,1,-10.182564,False,-4.3784013,False,-7.266301,False,-7.856442,False,False,True
/Users/yuhaowang/Documents/UCL/Term3_Proj/Dataset/Paul_Mooney/OCT2017/test/NORMAL/NORMAL-2509453-1.jpeg,,,Kermany,test,3,NORMAL,False,Kermany-test,3,NORMAL,1.0,1.1278039e-06,0.89082676,-0.24606785,1,-10.643606,False,-4.3789163,False,-7.266301,False,-8.244158,False,False,True
/Users/yuhaowang/Documents/UCL/Term3_Proj/Dataset/Paul_Mooney/OCT2017/test/NORMAL/NORMAL-2517546-1.jpeg,,,Kermany,test,3,NORMAL,False,Kermany-test,3,NORMAL,1.0,3.0091314e-08,0.8708152,0.21442807,1,-9.28447,False,-4.3791757,False,-7.266301,False,-7.203555,False,False,True
/Users/yuhaowang/Documents/UCL/Term3_Proj/Dataset/Paul_Mooney/OCT2017/test/NORMAL/NORMAL-2549549-1.jpeg,,,Kermany,test,3,NORMAL,False,Kermany-test,3,NORMAL,1.0,4.567719e-07,0.8970169,0.6690272,1,-9.481501,False,-4.379075,False,-7.266301,False,-6.727682,False,False,True
/Users/yuhaowang/Documents/UCL/Term3_Proj/Dataset/Paul_Mooney/OCT2017/test/NORMAL/NORMAL-2551333-1.jpeg,,,Kermany,test,3,NORMAL,False,Kermany-test,3,NORMAL,1.0,1.1034338e-08,0.9190048,0.41776344,1,-10.593713,False,-4.37918,False,-7.266301,False,-7.428469,False,False,True
/Users/yuhaowang/Documents/UCL/Term3_Proj/Dataset/Paul_Mooney/OCT2017/test/NORMAL/NORMAL-2569106-1.jpeg,,,Kermany,test,3,NORMAL,False,Kermany-test,3,NORMAL,1.0,2.2733593e-07,0.8835323,-0.2507078,1,-10.406311,False,-4.379129,False,-7.266301,False,-8.164791,False,False,True
/Users/yuhaowang/Documents/UCL/Term3_Proj/Dataset/Paul_Mooney/OCT2017/test/NORMAL/NORMAL-2570020-1.jpeg,,,Kermany,test,3,NORMAL,False,Kermany-test,3,NORMAL,1.0,1.5426886e-06,0.8254388,-0.57809085,1,-8.951085,False,-4.378818,False,-7.266301,False,-8.036484,False,False,True
/Users/yuhaowang/Documents/UCL/Term3_Proj/Dataset/Paul_Mooney/OCT2017/test/NORMAL/NORMAL-2579419-1.jpeg,,,Kermany,test,3,NORMAL,False,Kermany-test,3,NORMAL,1.0,9.540133e-08,0.86486214,0.015583384,1,-9.3827,False,-4.3791604,False,-7.266301,False,-7.4777794,False,False,True
/Users/yuhaowang/Documents/UCL/Term3_Proj/Dataset/Paul_Mooney/OCT2017/test/NORMAL/NORMAL-2598368-1.jpeg,,,Kermany,test,3,NORMAL,False,Kermany-test,3,NORMAL,1.0,7.696566e-06,0.9049189,0.19690077,1,-10.452582,False,-4.3773637,False,-7.266301,False,-7.642336,False,False,True
/Users/yuhaowang/Documents/UCL/Term3_Proj/Dataset/Paul_Mooney/OCT2017/test/NORMAL/NORMAL-2602596-1.jpeg,,,Kermany,test,3,NORMAL,False,Kermany-test,3,NORMAL,1.0,2.9222181e-05,0.868988,0.20933378,1,-9.230912,False,-4.3722763,False,-7.266301,False,-7.186575,False,False,True
/Users/yuhaowang/Documents/UCL/Term3_Proj/Dataset/Paul_Mooney/OCT2017/test/NORMAL/NORMAL-2627129-1.jpeg,,,Kermany,test,3,NORMAL,False,Kermany-test,3,NORMAL,1.0,6.9611836e-09,0.9030659,-0.16474102,1,-10.931707,False,-4.379181,False,-7.266301,False,-8.249826,False,False,True
/Users/yuhaowang/Documents/UCL/Term3_Proj/Dataset/Paul_Mooney/OCT2017/test/NORMAL/NORMAL-2633503-1.jpeg,,,Kermany,test,3,NORMAL,False,Kermany-test,3,NORMAL,1.0,2.2450763e-08,0.88061863,-3.3429472,1,-14.936043,False,-4.3791776,False,-7.266301,False,-13.505606,False,False,True
/Users/yuhaowang/Documents/UCL/Term3_Proj/Dataset/Paul_Mooney/OCT2017/test/NORMAL/NORMAL-2636641-1.jpeg,,,Kermany,test,3,NORMAL,False,Kermany-test,3,NORMAL,1.0,4.1906424e-06,0.8854855,-0.1352116,1,-10.298878,False,-4.3781924,False,-7.266301,False,-7.9869184,False,False,True
/Users/yuhaowang/Documents/UCL/Term3_Proj/Dataset/Paul_Mooney/OCT2017/test/NORMAL/NORMAL-2665491-1.jpeg,,,Kermany,test,3,NORMAL,False,Kermany-test,3,NORMAL,1.0,6.658256e-07,0.9096278,0.08739822,1,-10.774111,False,-4.3790255,False,-7.266301,False,-7.890162,False,False,True
/Users/yuhaowang/Documents/UCL/Term3_Proj/Dataset/Paul_Mooney/OCT2017/test/NORMAL/NORMAL-269181-1.jpeg,,,Kermany,test,3,NORMAL,False,Kermany-test,3,NORMAL,1.0,1.3269939e-05,0.80621165,-0.7221151,1,-8.522828,False,-4.3760467,False,-7.266301,False,-8.05452,False,False,True
/Users/yuhaowang/Documents/UCL/Term3_Proj/Dataset/Paul_Mooney/OCT2017/test/NORMAL/NORMAL-2705520-1.jpeg,,,Kermany,test,3,NORMAL,False,Kermany-test,3,NORMAL,1.0,7.4954687e-07,0.87846476,0.5929178,1,-8.974217,False,-4.3790054,False,-7.266301,False,-6.637282,False,False,True
/Users/yuhaowang/Documents/UCL/Term3_Proj/Dataset/Paul_Mooney/OCT2017/test/NORMAL/NORMAL-2709055-1.jpeg,,,Kermany,test,3,NORMAL,False,Kermany-test,3,NORMAL,1.0,5.8624228e-06,0.897996,0.7267187,1,-9.427954,False,-4.377797,False,-7.266301,False,-6.6384163,False,False,True
/Users/yuhaowang/Documents/UCL/Term3_Proj/Dataset/Paul_Mooney/OCT2017/test/NORMAL/NORMAL-2733663-1.jpeg,,,Kermany,test,3,NORMAL,False,Kermany-test,3,NORMAL,1.0,1.0557474e-06,0.87063825,0.5028903,1,-8.846884,False,-4.3789334,False,-7.266301,False,-6.699812,False,False,True
/Users/yuhaowang/Documents/UCL/Term3_Proj/Dataset/Paul_Mooney/OCT2017/test/NORMAL/NORMAL-2739821-1.jpeg,,,Kermany,test,3,NORMAL,False,Kermany-test,3,NORMAL,1.0,2.0152838e-06,0.9261973,0.25691724,1,-11.075232,False,-4.3787065,False,-7.266301,False,-7.794156,False,False,True
/Users/yuhaowang/Documents/UCL/Term3_Proj/Dataset/Paul_Mooney/OCT2017/test/NORMAL/NORMAL-2769622-1.jpeg,,,Kermany,test,3,NORMAL,False,Kermany-test,3,NORMAL,1.0,6.8392225e-09,0.92161626,0.40515515,1,-10.70002,False,-4.379181,False,-7.266301,False,-7.4817333,False,False,True
/Users/yuhaowang/Documents/UCL/Term3_Proj/Dataset/Paul_Mooney/OCT2017/test/NORMAL/NORMAL-2769622-2.jpeg,,,Kermany,test,3,NORMAL,False,Kermany-test,3,NORMAL,0.9999975,9.2237955e-05,0.808356,0.26241884,1,-7.12135,False,-4.357383,False,-7.266301,False,-6.3581133,False,False,True
/Users/yuhaowang/Documents/UCL/Term3_Proj/Dataset/Paul_Mooney/OCT2017/test/NORMAL/NORMAL-279206-1.jpeg,,,Kermany,test,3,NORMAL,False,Kermany-test,3,NORMAL,1.0,1.1857883e-06,0.91203904,0.3045517,1,-10.529893,False,-4.3789024,False,-7.266301,False,-7.541519,False,False,True
/Users/yuhaowang/Documents/UCL/Term3_Proj/Dataset/Paul_Mooney/OCT2017/test/NORMAL/NORMAL-283376-1.jpeg,,,Kermany,test,3,NORMAL,False,Kermany-test,3,NORMAL,1.0,5.775944e-07,0.8919567,-0.19606228,1,-10.606609,False,-4.3790464,False,-7.266301,False,-8.17086,False,False,True
/Users/yuhaowang/Documents/UCL/Term3_Proj/Dataset/Paul_Mooney/OCT2017/test/NORMAL/NORMAL-285896-1.jpeg,,,Kermany,test,3,NORMAL,False,Kermany-test,3,NORMAL,1.0,2.2744427e-07,0.8781461,-0.5031335,1,-10.603702,False,-4.379129,False,-7.266301,False,-8.538977,False,False,True
/Users/yuhaowang/Documents/UCL/Term3_Proj/Dataset/Paul_Mooney/OCT2017/test/NORMAL/NORMAL-2973935-1.jpeg,,,Kermany,test,3,NORMAL,False,Kermany-test,3,NORMAL,1.0,5.633144e-07,0.9160594,-0.094135895,1,-11.261108,False,-4.3790493,False,-7.266301,False,-8.282963,False,False,True
/Users/yuhaowang/Documents/UCL/Term3_Proj/Dataset/Paul_Mooney/OCT2017/test/NORMAL/NORMAL-3059523-1.jpeg,,,Kermany,test,3,NORMAL,False,Kermany-test,3,NORMAL,1.0,1.2625082e-07,0.8554649,0.31420186,1,-8.621195,False,-4.379153,False,-7.266301,False,-6.8458443,False,False,True
/Users/yuhaowang/Documents/UCL/Term3_Proj/Dataset/Paul_Mooney/OCT2017/test/NORMAL/NORMAL-307151-1.jpeg,,,Kermany,test,3,NORMAL,False,Kermany-test,3,NORMAL,1.0,7.853245e-09,0.9098524,0.00580909,1,-10.903722,False,-4.379181,False,-7.266301,False,-8.034786,False,False,True
/Users/yuhaowang/Documents/UCL/Term3_Proj/Dataset/Paul_Mooney/OCT2017/test/NORMAL/NORMAL-307151-2.jpeg,,,Kermany,test,3,NORMAL,False,Kermany-test,3,NORMAL,1.0,8.864206e-07,0.90043527,0.28354746,1,-10.172798,False,-4.378973,False,-7.266301,False,-7.4387984,False,False,True
/Users/yuhaowang/Documents/UCL/Term3_Proj/Dataset/Paul_Mooney/OCT2017/test/NORMAL/NORMAL-3077276-1.jpeg,,,Kermany,test,3,NORMAL,False,Kermany-test,3,NORMAL,1.0,1.8486014e-07,0.90130526,-0.030119382,1,-10.671305,False,-4.379139,False,-7.266301,False,-7.994634,False,False,True
/Users/yuhaowang/Documents/UCL/Term3_Proj/Dataset/Paul_Mooney/OCT2017/test/NORMAL/NORMAL-3100637-1.jpeg,,,Kermany,test,3,NORMAL,False,Kermany-test,3,NORMAL,1.0,2.7967308e-06,0.7568518,0.20455119,1,-5.4834433,False,-4.378522,False,-7.266301,False,-5.852492,False,False,True
/Users/yuhaowang/Documents/UCL/Term3_Proj/Dataset/Paul_Mooney/OCT2017/test/NORMAL/NORMAL-3103940-1.jpeg,,,Kermany,test,3,NORMAL,False,Kermany-test,3,NORMAL,1.0,2.2770464e-06,0.9006401,0.47975326,1,-9.886049,False,-4.378645,False,-7.266301,False,-7.099973,False,False,True
/Users/yuhaowang/Documents/UCL/Term3_Proj/Dataset/Paul_Mooney/OCT2017/test/NORMAL/NORMAL-3108564-1.jpeg,,,Kermany,test,3,NORMAL,False,Kermany-test,3,NORMAL,1.0,8.95696e-09,0.92319745,0.6706545,1,-10.355663,False,-4.379181,False,-7.266301,False,-7.0391493,False,False,True
/Users/yuhaowang/Documents/UCL/Term3_Proj/Dataset/Paul_Mooney/OCT2017/test/NORMAL/NORMAL-3134896-1.jpeg,,,Kermany,test,3,NORMAL,False,Kermany-test,3,NORMAL,1.0,1.1967724e-05,0.80260456,0.67900103,1,-6.305394,False,-4.376354,False,-7.266301,False,-5.575604,False,False,True
/Users/yuhaowang/Documents/UCL/Term3_Proj/Dataset/Paul_Mooney/OCT2017/test/NORMAL/NORMAL-3166591-1.jpeg,,,Kermany,test,3,NORMAL,False,Kermany-test,3,NORMAL,1.0,1.6090058e-07,0.89277667,-0.40758967,1,-10.950599,False,-4.3791447,False,-7.266301,False,-8.5484915,False,False,True
/Users/yuhaowang/Documents/UCL/Term3_Proj/Dataset/Paul_Mooney/OCT2017/test/NORMAL/NORMAL-3220509-1.jpeg,,,Kermany,test,3,NORMAL,False,Kermany-test,3,NORMAL,1.0,1.8028311e-07,0.90373737,0.21960136,1,-10.379051,False,-4.3791404,False,-7.266301,False,-7.589695,False,False,True
/Users/yuhaowang/Documents/UCL/Term3_Proj/Dataset/Paul_Mooney/OCT2017/test/NORMAL/NORMAL-3244919-1.jpeg,,,Kermany,test,3,NORMAL,False,Kermany-test,3,NORMAL,1.0,4.8405527e-06,0.82741237,0.2515865,1,-7.7756195,False,-4.378039,False,-7.266301,False,-6.6173635,False,False,True
/Users/yuhaowang/Documents/UCL/Term3_Proj/Dataset/Paul_Mooney/OCT2017/test/NORMAL/NORMAL-3256489-1.jpeg,,,Kermany,test,3,NORMAL,False,Kermany-test,3,NORMAL,0.9999999,2.9183211e-06,0.6790255,0.10339728,1,-3.0289745,False,-4.3784933,False,-7.266301,False,-5.094206,False,False,True
/Users/yuhaowang/Documents/UCL/Term3_Proj/Dataset/Paul_Mooney/OCT2017/test/NORMAL/NORMAL-3277704-1.jpeg,,,Kermany,test,3,NORMAL,False,Kermany-test,3,NORMAL,1.0,2.1168637e-07,0.86043245,-0.1695303,1,-9.511389,False,-4.3791327,False,-7.266301,False,-7.7464094,False,False,True
/Users/yuhaowang/Documents/UCL/Term3_Proj/Dataset/Paul_Mooney/OCT2017/test/NORMAL/NORMAL-3300015-1.jpeg,,,Kermany,test,3,NORMAL,False,Kermany-test,3,NORMAL,1.0,3.647793e-08,0.91103864,-0.09198946,1,-11.089788,False,-4.379174,False,-7.266301,False,-8.21904,False,False,True
/Users/yuhaowang/Documents/UCL/Term3_Proj/Dataset/Paul_Mooney/OCT2017/test/NORMAL/NORMAL-3307598-1.jpeg,,,Kermany,test,3,NORMAL,False,Kermany-test,3,NORMAL,1.0,9.855541e-05,0.74936795,0.48982263,1,-4.805978,False,-4.3558893,False,-7.266301,False,-5.253921,False,False,True
/Users/yuhaowang/Documents/UCL/Term3_Proj/Dataset/Paul_Mooney/OCT2017/test/NORMAL/NORMAL-3307598-2.jpeg,,,Kermany,test,3,NORMAL,False,Kermany-test,3,NORMAL,1.0,1.8285764e-06,0.9241893,0.29265884,1,-10.9545145,False,-4.378751,False,-7.266301,False,-7.707945,False,False,True
/Users/yuhaowang/Documents/UCL/Term3_Proj/Dataset/Paul_Mooney/OCT2017/test/NORMAL/NORMAL-3308307-1.jpeg,,,Kermany,test,3,NORMAL,False,Kermany-test,3,NORMAL,1.0,9.93203e-07,0.83263016,-0.13879395,1,-8.534498,False,-4.378948,False,-7.266301,False,-7.3591695,False,False,True
/Users/yuhaowang/Documents/UCL/Term3_Proj/Dataset/Paul_Mooney/OCT2017/test/NORMAL/NORMAL-330905-1.jpeg,,,Kermany,test,3,NORMAL,False,Kermany-test,3,NORMAL,1.0,4.1569374e-06,0.8810646,0.050193544,1,-9.87341,False,-4.3782005,False,-7.266301,False,-7.61154,False,False,True
/Users/yuhaowang/Documents/UCL/Term3_Proj/Dataset/Paul_Mooney/OCT2017/test/NORMAL/NORMAL-3320960-1.jpeg,,,Kermany,test,3,NORMAL,False,Kermany-test,3,NORMAL,1.0,1.4263474e-05,0.8923457,0.5340477,1,-9.527084,False,-4.3758116,False,-7.266301,False,-6.9044266,False,False,True
/Users/yuhaowang/Documents/UCL/Term3_Proj/Dataset/Paul_Mooney/OCT2017/test/NORMAL/NORMAL-3326661-1.jpeg,,,Kermany,test,3,NORMAL,False,Kermany-test,3,NORMAL,1.0,6.3041443e-06,0.80600405,0.023780104,1,-7.3997045,False,-4.3776927,False,-7.266301,False,-6.756245,False,False,True
/Users/yuhaowang/Documents/UCL/Term3_Proj/Dataset/Paul_Mooney/OCT2017/test/NORMAL/NORMAL-3330006-1.jpeg,,,Kermany,test,3,NORMAL,False,Kermany-test,3,NORMAL,0.9999999,5.055494e-05,0.81271005,0.471982,1,-6.9535413,False,-4.367234,False,-7.266301,False,-6.051631,False,False,True
/Users/yuhaowang/Documents/UCL/Term3_Proj/Dataset/Paul_Mooney/OCT2017/test/NORMAL/NORMAL-3332063-1.jpeg,,,Kermany,test,3,NORMAL,False,Kermany-test,3,NORMAL,1.0,1.2715034e-08,0.907712,0.23721771,1,-10.485771,False,-4.37918,False,-7.266301,False,-7.606798,False,False,True
/Users/yuhaowang/Documents/UCL/Term3_Proj/Dataset/Paul_Mooney/OCT2017/test/NORMAL/NORMAL-33350-1.jpeg,,,Kermany,test,3,NORMAL,False,Kermany-test,3,NORMAL,1.0,7.878771e-08,0.83917165,0.2716842,1,-8.139277,False,-4.379164,False,-7.266301,False,-6.724204,False,False,True
/Users/yuhaowang/Documents/UCL/Term3_Proj/Dataset/Paul_Mooney/OCT2017/test/NORMAL/NORMAL-33350-2.jpeg,,,Kermany,test,3,NORMAL,False,Kermany-test,3,NORMAL,1.0,5.5497344e-07,0.8965007,0.059387214,1,-10.376496,False,-4.3790517,False,-7.266301,False,-7.781313,False,False,True
/Users/yuhaowang/Documents/UCL/Term3_Proj/Dataset/Paul_Mooney/OCT2017/test/NORMAL/NORMAL-33350-3.jpeg,,,Kermany,test,3,NORMAL,False,Kermany-test,3,NORMAL,0.99999607,0.0019464865,0.7473546,0.6141141,1,-4.552574,False,-3.9191358,False,-7.266301,False,-4.766479,False,False,True
/Users/yuhaowang/Documents/UCL/Term3_Proj/Dataset/Paul_Mooney/OCT2017/test/NORMAL/NORMAL-3340309-1.jpeg,,,Kermany,test,3,NORMAL,False,Kermany-test,3,NORMAL,1.0,1.3801233e-05,0.8505116,-0.3854667,1,-9.502344,False,-4.375921,False,-7.266301,False,-8.000914,False,False,True
/Users/yuhaowang/Documents/UCL/Term3_Proj/Dataset/Paul_Mooney/OCT2017/test/NORMAL/NORMAL-3346049-1.jpeg,,,Kermany,test,3,NORMAL,False,Kermany-test,3,NORMAL,1.0,1.5510841e-06,0.8863189,-0.589758,1,-11.006975,False,-4.378816,False,-7.266301,False,-8.787489,False,False,True
/Users/yuhaowang/Documents/UCL/Term3_Proj/Dataset/Paul_Mooney/OCT2017/test/NORMAL/NORMAL-3347645-1.jpeg,,,Kermany,test,3,NORMAL,False,Kermany-test,3,NORMAL,1.0,1.8842538e-06,0.85894126,0.40639922,1,-8.5996275,False,-4.3787374,False,-7.266301,False,-6.7270527,False,False,True
/Users/yuhaowang/Documents/UCL/Term3_Proj/Dataset/Paul_Mooney/OCT2017/test/NORMAL/NORMAL-3354044-1.jpeg,,,Kermany,test,3,NORMAL,False,Kermany-test,3,NORMAL,1.0,1.0740507e-07,0.91161215,0.44045994,1,-10.312223,False,-4.379157,False,-7.266301,False,-7.3002677,False,False,True
/Users/yuhaowang/Documents/UCL/Term3_Proj/Dataset/Paul_Mooney/OCT2017/test/NORMAL/NORMAL-3361560-1.jpeg,,,Kermany,test,3,NORMAL,False,Kermany-test,3,NORMAL,1.0,4.216776e-06,0.8800172,-0.09473606,1,-10.055218,False,-4.378186,False,-7.266301,False,-7.850916,False,False,True
/Users/yuhaowang/Documents/UCL/Term3_Proj/Dataset/Paul_Mooney/OCT2017/test/NORMAL/NORMAL-3361750-1.jpeg,,,Kermany,test,3,NORMAL,False,Kermany-test,3,NORMAL,1.0,3.423935e-08,0.84868175,0.14019196,1,-8.654469,False,-4.3791747,False,-7.266301,False,-7.0669518,False,False,True
/Users/yuhaowang/Documents/UCL/Term3_Proj/Dataset/Paul_Mooney/OCT2017/test/NORMAL/NORMAL-33637-1.jpeg,,,Kermany,test,3,NORMAL,False,Kermany-test,3,NORMAL,1.0,1.1842112e-05,0.8958085,-0.35583586,1,-10.9746685,False,-4.376384,False,-7.266301,False,-8.493347,False,False,True
/Users/yuhaowang/Documents/UCL/Term3_Proj/Dataset/Paul_Mooney/OCT2017/test/NORMAL/NORMAL-3373954-1.jpeg,,,Kermany,test,3,NORMAL,False,Kermany-test,3,NORMAL,1.0,8.33534e-05,0.8575167,-0.3601967,1,-9.6990795,False,-4.359483,False,-7.266301,False,-8.031758,False,False,True
/Users/yuhaowang/Documents/UCL/Term3_Proj/Dataset/Paul_Mooney/OCT2017/test/NORMAL/NORMAL-3380901-1.jpeg,,,Kermany,test,3,NORMAL,False,Kermany-test,3,NORMAL,1.0,1.6818802e-08,0.91574115,0.03670237,1,-11.054665,False,-4.379179,False,-7.266301,False,-8.051758,False,False,True
/Users/yuhaowang/Documents/UCL/Term3_Proj/Dataset/Paul_Mooney/OCT2017/test/NORMAL/NORMAL-338568-1.jpeg,,,Kermany,test,3,NORMAL,False,Kermany-test,3,NORMAL,0.9999999,2.3494787e-05,0.8762197,0.3854703,1,-9.209475,False,-4.3736296,False,-7.266301,False,-6.967933,False,False,True
/Users/yuhaowang/Documents/UCL/Term3_Proj/Dataset/Paul_Mooney/OCT2017/test/NORMAL/NORMAL-3390782-1.jpeg,,,Kermany,test,3,NORMAL,False,Kermany-test,3,NORMAL,1.0,7.058752e-07,0.81863344,0.62270755,1,-6.9263234,False,-4.379016,False,-7.266301,False,-5.867364,False,False,True
/Users/yuhaowang/Documents/UCL/Term3_Proj/Dataset/Paul_Mooney/OCT2017/test/NORMAL/NORMAL-3398969-1.jpeg,,,Kermany,test,3,NORMAL,False,Kermany-test,3,NORMAL,1.0,2.7964788e-08,0.9026838,0.85037404,1,-9.399874,False,-4.379176,False,-7.266301,False,-6.4804916,False,False,True
/Users/yuhaowang/Documents/UCL/Term3_Proj/Dataset/Paul_Mooney/OCT2017/test/NORMAL/NORMAL-3399839-1.jpeg,,,Kermany,test,3,NORMAL,False,Kermany-test,3,NORMAL,0.9999999,8.010993e-06,0.8577522,0.6122351,1,-8.251798,False,-4.37729,False,-7.266301,False,-6.354122,False,False,True
/Users/yuhaowang/Documents/UCL/Term3_Proj/Dataset/Paul_Mooney/OCT2017/test/NORMAL/NORMAL-3416330-1.jpeg,,,Kermany,test,3,NORMAL,False,Kermany-test,3,NORMAL,1.0,8.305165e-09,0.88646144,0.00018149757,1,-10.12895,False,-4.379181,False,-7.266301,False,-7.7638154,False,False,True
/Users/yuhaowang/Documents/UCL/Term3_Proj/Dataset/Paul_Mooney/OCT2017/test/NORMAL/NORMAL-3431386-1.jpeg,,,Kermany,test,3,NORMAL,False,Kermany-test,3,NORMAL,0.9999999,1.1554424e-05,0.8018885,0.38176888,1,-6.726204,False,-4.376452,False,-7.266301,False,-6.0837936,False,False,True
/Users/yuhaowang/Documents/UCL/Term3_Proj/Dataset/Paul_Mooney/OCT2017/test/NORMAL/NORMAL-3451887-1.jpeg,,,Kermany,test,3,NORMAL,False,Kermany-test,3,NORMAL,1.0,1.7364919e-06,0.90575707,0.5869283,1,-9.897001,False,-4.3787723,False,-7.266301,False,-6.9751425,False,False,True
/Users/yuhaowang/Documents/UCL/Term3_Proj/Dataset/Paul_Mooney/OCT2017/test/NORMAL/NORMAL-3465750-1.jpeg,,,Kermany,test,3,NORMAL,False,Kermany-test,3,NORMAL,1.0,1.7562897e-08,0.8900644,-0.16605544,1,-10.498348,False,-4.3791785,False,-7.266301,False,-8.096057,False,False,True
/Users/yuhaowang/Documents/UCL/Term3_Proj/Dataset/Paul_Mooney/OCT2017/test/NORMAL/NORMAL-3466714-1.jpeg,,,Kermany,test,3,NORMAL,False,Kermany-test,3,NORMAL,0.9999987,2.2325898e-05,0.749498,0.7046065,1,-4.488926,False,-4.373906,False,-7.266301,False,-4.8922844,False,False,True
/Users/yuhaowang/Documents/UCL/Term3_Proj/Dataset/Paul_Mooney/OCT2017/test/NORMAL/NORMAL-3475211-1.jpeg,,,Kermany,test,3,NORMAL,False,Kermany-test,3,NORMAL,1.0,3.5871288e-09,0.91504145,-0.14137933,1,-11.297722,False,-4.379182,False,-7.266301,False,-8.352951,False,False,True
/Users/yuhaowang/Documents/UCL/Term3_Proj/Dataset/Paul_Mooney/OCT2017/test/NORMAL/NORMAL-348347-1.jpeg,,,Kermany,test,3,NORMAL,False,Kermany-test,3,NORMAL,1.0,3.491337e-09,0.92305845,0.3486767,1,-10.832823,False,-4.379182,False,-7.266301,False,-7.5972295,False,False,True
/Users/yuhaowang/Documents/UCL/Term3_Proj/Dataset/Paul_Mooney/OCT2017/test/NORMAL/NORMAL-349021-1.jpeg,,,Kermany,test,3,NORMAL,False,Kermany-test,3,NORMAL,1.0,1.6724389e-06,0.91339725,0.54487664,1,-10.215742,False,-4.3787875,False,-7.266301,False,-7.1399593,False,False,True
/Users/yuhaowang/Documents/UCL/Term3_Proj/Dataset/Paul_Mooney/OCT2017/test/NORMAL/NORMAL-351109-1.jpeg,,,Kermany,test,3,NORMAL,False,Kermany-test,3,NORMAL,1.0,8.926253e-08,0.89470035,-1.1158993,1,-12.074938,False,-4.379162,False,-7.266301,False,-9.802964,False,False,True
/Users/yuhaowang/Documents/UCL/Term3_Proj/Dataset/Paul_Mooney/OCT2017/test/NORMAL/NORMAL-351109-2.jpeg,,,Kermany,test,3,NORMAL,False,Kermany-test,3,NORMAL,1.0,1.3856052e-08,0.88382417,0.36943284,1,-9.488092,False,-4.3791795,False,-7.266301,False,-7.090229,False,False,True
/Users/yuhaowang/Documents/UCL/Term3_Proj/Dataset/Paul_Mooney/OCT2017/test/NORMAL/NORMAL-3531215-1.jpeg,,,Kermany,test,3,NORMAL,False,Kermany-test,3,NORMAL,1.0,1.7630646e-06,0.8987335,0.32072622,1,-10.060183,False,-4.378766,False,-7.266301,False,-7.3536215,False,False,True
/Users/yuhaowang/Documents/UCL/Term3_Proj/Dataset/Paul_Mooney/OCT2017/test/NORMAL/NORMAL-3538316-1.jpeg,,,Kermany,test,3,NORMAL,False,Kermany-test,3,NORMAL,1.0,8.838024e-06,0.9142756,0.44224772,1,-10.398727,False,-4.377094,False,-7.266301,False,-7.32796,False,False,True
/Users/yuhaowang/Documents/UCL/Term3_Proj/Dataset/Paul_Mooney/OCT2017/test/NORMAL/NORMAL-3561306-1.jpeg,,,Kermany,test,3,NORMAL,False,Kermany-test,3,NORMAL,1.0,2.6213511e-09,0.9148741,-0.415201,1,-11.70187,False,-4.3791823,False,-7.266301,False,-8.826973,False,False,True
/Users/yuhaowang/Documents/UCL/Term3_Proj/Dataset/Paul_Mooney/OCT2017/test/NORMAL/NORMAL-3561306-2.jpeg,,,Kermany,test,3,NORMAL,False,Kermany-test,3,NORMAL,1.0,2.4179792e-07,0.90629596,-0.97615343,1,-12.254072,False,-4.3791256,False,-7.266301,False,-9.699179,False,False,True
/Users/yuhaowang/Documents/UCL/Term3_Proj/Dataset/Paul_Mooney/OCT2017/test/NORMAL/NORMAL-366503-1.jpeg,,,Kermany,test,3,NORMAL,False,Kermany-test,3,NORMAL,1.0,5.3986128e-08,0.897891,0.31781083,1,-10.036335,False,-4.37917,False,-7.266301,False,-7.348806,False,False,True
/Users/yuhaowang/Documents/UCL/Term3_Proj/Dataset/Paul_Mooney/OCT2017/test/NORMAL/NORMAL-366503-2.jpeg,,,Kermany,test,3,NORMAL,False,Kermany-test,3,NORMAL,1.0,1.2972578e-05,0.8772771,0.29043728,1,-9.387089,False,-4.3761168,False,-7.266301,False,-7.1472445,False,False,True
/Users/yuhaowang/Documents/UCL/Term3_Proj/Dataset/Paul_Mooney/OCT2017/test/NORMAL/NORMAL-36734-1.jpeg,,,Kermany,test,3,NORMAL,False,Kermany-test,3,NORMAL,1.0,1.12590715e-05,0.8714007,0.7836037,1,-8.452348,False,-4.3765216,False,-7.266301,False,-6.2195873,False,False,True
/Users/yuhaowang/Documents/UCL/Term3_Proj/Dataset/Paul_Mooney/OCT2017/test/NORMAL/NORMAL-37818-1.jpeg,,,Kermany,test,3,NORMAL,False,Kermany-test,3,NORMAL,1.0,2.4675614e-08,0.8345831,-0.15308653,1,-8.621276,False,-4.379177,False,-7.266301,False,-7.407587,False,False,True
/Users/yuhaowang/Documents/UCL/Term3_Proj/Dataset/Paul_Mooney/OCT2017/test/NORMAL/NORMAL-395557-1.jpeg,,,Kermany,test,3,NORMAL,False,Kermany-test,3,NORMAL,1.0,4.5294648e-05,0.88553214,-0.15906788,1,-10.33614,False,-4.3684773,False,-7.266301,False,-8.023454,False,False,True
/Users/yuhaowang/Documents/UCL/Term3_Proj/Dataset/Paul_Mooney/OCT2017/test/NORMAL/NORMAL-402066-1.jpeg,,,Kermany,test,3,NORMAL,False,Kermany-test,3,NORMAL,1.0,1.4009215e-06,0.91819173,0.34820747,1,-10.670574,False,-4.378852,False,-7.266301,False,-7.539445,False,False,True
/Users/yuhaowang/Documents/UCL/Term3_Proj/Dataset/Paul_Mooney/OCT2017/test/NORMAL/NORMAL-402066-2.jpeg,,,Kermany,test,3,NORMAL,False,Kermany-test,3,NORMAL,1.0,3.589139e-06,0.8201293,0.036364343,1,-7.853824,False,-4.3783345,False,-7.266301,False,-6.904271,False,False,True
/Users/yuhaowang/Documents/UCL/Term3_Proj/Dataset/Paul_Mooney/OCT2017/test/NORMAL/NORMAL-402066-3.jpeg,,,Kermany,test,3,NORMAL,False,Kermany-test,3,NORMAL,1.0,8.078671e-07,0.9107179,-0.37266168,1,-11.499054,False,-4.378992,False,-7.266301,False,-8.703027,False,False,True
/Users/yuhaowang/Documents/UCL/Term3_Proj/Dataset/Paul_Mooney/OCT2017/test/NORMAL/NORMAL-402066-4.jpeg,,,Kermany,test,3,NORMAL,False,Kermany-test,3,NORMAL,1.0,2.3792236e-06,0.8915286,0.6248463,1,-9.3638525,False,-4.3786206,False,-7.266301,False,-6.738358,False,False,True
/Users/yuhaowang/Documents/UCL/Term3_Proj/Dataset/Paul_Mooney/OCT2017/test/NORMAL/NORMAL-402066-5.jpeg,,,Kermany,test,3,NORMAL,False,Kermany-test,3,NORMAL,1.0,3.6581753e-08,0.92940795,-0.0056554656,1,-11.575652,False,-4.379174,False,-7.266301,False,-8.289432,False,False,True
/Users/yuhaowang/Documents/UCL/Term3_Proj/Dataset/Paul_Mooney/OCT2017/test/NORMAL/NORMAL-438684-1.jpeg,,,Kermany,test,3,NORMAL,False,Kermany-test,3,NORMAL,1.0,2.4925448e-09,0.9103469,0.14922681,1,-10.7056675,False,-4.3791823,False,-7.266301,False,-7.791395,False,False,True
/Users/yuhaowang/Documents/UCL/Term3_Proj/Dataset/Paul_Mooney/OCT2017/test/NORMAL/NORMAL-438684-2.jpeg,,,Kermany,test,3,NORMAL,False,Kermany-test,3,NORMAL,1.0,3.1361888e-06,0.8683222,0.14829236,1,-9.299963,False,-4.378442,False,-7.266301,False,-7.288192,False,False,True
/Users/yuhaowang/Documents/UCL/Term3_Proj/Dataset/Paul_Mooney/OCT2017/test/NORMAL/NORMAL-438684-3.jpeg,,,Kermany,test,3,NORMAL,False,Kermany-test,3,NORMAL,1.0,2.9796524e-08,0.9072286,0.031513777,1,-10.777406,False,-4.3791757,False,-7.266301,False,-7.958604,False,False,True
/Users/yuhaowang/Documents/UCL/Term3_Proj/Dataset/Paul_Mooney/OCT2017/test/NORMAL/NORMAL-443980-1.jpeg,,,Kermany,test,3,NORMAL,False,Kermany-test,3,NORMAL,1.0,1.8787672e-05,0.8751876,0.076686956,1,-9.636986,False,-4.3747425,False,-7.266301,False,-7.492985,False,False,True
/Users/yuhaowang/Documents/UCL/Term3_Proj/Dataset/Paul_Mooney/OCT2017/test/NORMAL/NORMAL-446851-1.jpeg,,,Kermany,test,3,NORMAL,False,Kermany-test,3,NORMAL,1.0,2.0188554e-07,0.8907903,-1.0536499,1,-11.850866,False,-4.379135,False,-7.266301,False,-9.6477995,False,False,True
/Users/yuhaowang/Documents/UCL/Term3_Proj/Dataset/Paul_Mooney/OCT2017/test/NORMAL/NORMAL-446851-2.jpeg,,,Kermany,test,3,NORMAL,False,Kermany-test,3,NORMAL,1.0,0.000106757405,0.8704008,-0.5353864,1,-10.392631,False,-4.353951,False,-7.266301,False,-8.487833,False,False,True
/Users/yuhaowang/Documents/UCL/Term3_Proj/Dataset/Paul_Mooney/OCT2017/test/NORMAL/NORMAL-447690-1.jpeg,,,Kermany,test,3,NORMAL,False,Kermany-test,3,NORMAL,1.0,1.0937529e-06,0.9018345,-1.0062013,1,-12.149654,False,-4.3789244,False,-7.266301,False,-9.697752,False,False,True
/Users/yuhaowang/Documents/UCL/Term3_Proj/Dataset/Paul_Mooney/OCT2017/test/NORMAL/NORMAL-447690-2.jpeg,,,Kermany,test,3,NORMAL,False,Kermany-test,3,NORMAL,1.0,6.4429635e-09,0.8992842,-0.22546008,1,-10.8959465,False,-4.3791814,False,-7.266301,False,-8.309994,False,False,True
/Users/yuhaowang/Documents/UCL/Term3_Proj/Dataset/Paul_Mooney/OCT2017/test/NORMAL/NORMAL-450532-1.jpeg,,,Kermany,test,3,NORMAL,False,Kermany-test,3,NORMAL,1.0,3.2222197e-06,0.8975075,0.34478766,1,-9.983127,False,-4.3784213,False,-7.266301,False,-7.2968807,False,False,True
/Users/yuhaowang/Documents/UCL/Term3_Proj/Dataset/Paul_Mooney/OCT2017/test/NORMAL/NORMAL-450923-1.jpeg,,,Kermany,test,3,NORMAL,False,Kermany-test,3,NORMAL,1.0,3.0997544e-06,0.75786495,0.65727454,1,-4.8399024,False,-4.3784504,False,-7.266301,False,-5.077567,False,False,True
/Users/yuhaowang/Documents/UCL/Term3_Proj/Dataset/Paul_Mooney/OCT2017/test/NORMAL/NORMAL-450923-2.jpeg,,,Kermany,test,3,NORMAL,False,Kermany-test,3,NORMAL,1.0,1.1150649e-05,0.78877026,-0.65106106,1,-7.8325157,False,-4.3765473,False,-7.266301,False,-7.7219353,False,False,True
/Users/yuhaowang/Documents/UCL/Term3_Proj/Dataset/Paul_Mooney/OCT2017/test/NORMAL/NORMAL-460711-1.jpeg,,,Kermany,test,3,NORMAL,False,Kermany-test,3,NORMAL,1.0,1.3481468e-08,0.91723204,0.522602,1,-10.377473,False,-4.3791795,False,-7.266301,False,-7.2249327,False,False,True
/Users/yuhaowang/Documents/UCL/Term3_Proj/Dataset/Paul_Mooney/OCT2017/test/NORMAL/NORMAL-460844-1.jpeg,,,Kermany,test,3,NORMAL,False,Kermany-test,3,NORMAL,0.9999937,1.569424e-05,0.7082666,0.6321851,1,-3.2167592,False,-4.3754735,False,-7.266301,False,-4.5241876,False,False,True
/Users/yuhaowang/Documents/UCL/Term3_Proj/Dataset/Paul_Mooney/OCT2017/test/NORMAL/NORMAL-466978-1.jpeg,,,Kermany,test,3,NORMAL,False,Kermany-test,3,NORMAL,1.0,6.7799306e-08,0.8830405,-1.071487,1,-11.618074,False,-4.3791666,False,-7.266301,False,-9.585808,False,False,True
/Users/yuhaowang/Documents/UCL/Term3_Proj/Dataset/Paul_Mooney/OCT2017/test/NORMAL/NORMAL-469935-1.jpeg,,,Kermany,test,3,NORMAL,False,Kermany-test,3,NORMAL,1.0,3.0451083e-06,0.86031914,0.21643753,1,-8.930025,False,-4.3784633,False,-7.266301,False,-7.073678,False,False,True
/Users/yuhaowang/Documents/UCL/Term3_Proj/Dataset/Paul_Mooney/OCT2017/test/NORMAL/NORMAL-4761187-1.jpeg,,,Kermany,test,3,NORMAL,False,Kermany-test,3,NORMAL,1.0,2.2249425e-10,0.92107326,-0.056927804,1,-11.373308,False,-4.379183,False,-7.266301,False,-8.278533,False,False,True
/Users/yuhaowang/Documents/UCL/Term3_Proj/Dataset/Paul_Mooney/OCT2017/test/NORMAL/NORMAL-4790999-1.jpeg,,,Kermany,test,3,NORMAL,False,Kermany-test,3,NORMAL,1.0,2.7528267e-07,0.89357114,-0.06650063,1,-10.466787,False,-4.379118,False,-7.266301,False,-7.96504,False,False,True
/Users/yuhaowang/Documents/UCL/Term3_Proj/Dataset/Paul_Mooney/OCT2017/test/NORMAL/NORMAL-48053-1.jpeg,,,Kermany,test,3,NORMAL,False,Kermany-test,3,NORMAL,1.0,8.318018e-06,0.87558115,-0.40006322,1,-10.363583,False,-4.377217,False,-7.266301,False,-8.327925,False,False,True
/Users/yuhaowang/Documents/UCL/Term3_Proj/Dataset/Paul_Mooney/OCT2017/test/NORMAL/NORMAL-4839633-1.jpeg,,,Kermany,test,3,NORMAL,False,Kermany-test,3,NORMAL,1.0,2.1386901e-09,0.91021544,-0.64253396,1,-11.886072,False,-4.3791823,False,-7.266301,False,-9.166267,False,False,True
/Users/yuhaowang/Documents/UCL/Term3_Proj/Dataset/Paul_Mooney/OCT2017/test/NORMAL/NORMAL-486271-1.jpeg,,,Kermany,test,3,NORMAL,False,Kermany-test,3,NORMAL,1.0,2.748827e-08,0.9084081,-0.2813464,1,-11.2850685,False,-4.379176,False,-7.266301,False,-8.516659,False,False,True
/Users/yuhaowang/Documents/UCL/Term3_Proj/Dataset/Paul_Mooney/OCT2017/test/NORMAL/NORMAL-508852-1.jpeg,,,Kermany,test,3,NORMAL,False,Kermany-test,3,NORMAL,1.0,3.9520273e-08,0.90409994,-0.16703217,1,-10.969757,False,-4.3791733,False,-7.266301,False,-8.266216,False,False,True
/Users/yuhaowang/Documents/UCL/Term3_Proj/Dataset/Paul_Mooney/OCT2017/test/NORMAL/NORMAL-508852-2.jpeg,,,Kermany,test,3,NORMAL,False,Kermany-test,3,NORMAL,1.0,6.9598173e-06,0.81442034,0.14684501,1,-7.497348,False,-4.3775377,False,-7.266301,False,-6.643231,False,False,True
/Users/yuhaowang/Documents/UCL/Term3_Proj/Dataset/Paul_Mooney/OCT2017/test/NORMAL/NORMAL-519372-1.jpeg,,,Kermany,test,3,NORMAL,False,Kermany-test,3,NORMAL,1.0,6.299453e-06,0.8378496,0.5819518,1,-7.630721,False,-4.377694,False,-7.266301,False,-6.1681137,False,False,True
/Users/yuhaowang/Documents/UCL/Term3_Proj/Dataset/Paul_Mooney/OCT2017/test/NORMAL/NORMAL-524640-1.jpeg,,,Kermany,test,3,NORMAL,False,Kermany-test,3,NORMAL,1.0,7.239645e-06,0.88670415,0.16710727,1,-9.887285,False,-4.377472,False,-7.266301,False,-7.4755664,False,False,True
/Users/yuhaowang/Documents/UCL/Term3_Proj/Dataset/Paul_Mooney/OCT2017/test/NORMAL/NORMAL-544457-1.jpeg,,,Kermany,test,3,NORMAL,False,Kermany-test,3,NORMAL,1.0,8.2155975e-07,0.8903844,0.25022942,1,-9.886125,False,-4.3789887,False,-7.266301,False,-7.376092,False,False,True
/Users/yuhaowang/Documents/UCL/Term3_Proj/Dataset/Paul_Mooney/OCT2017/test/NORMAL/NORMAL-544711-1.jpeg,,,Kermany,test,3,NORMAL,False,Kermany-test,3,NORMAL,1.0,1.2116769e-05,0.7991956,0.45206332,1,-6.5308466,False,-4.376319,False,-7.266301,False,-5.9291916,False,False,True
/Users/yuhaowang/Documents/UCL/Term3_Proj/Dataset/Paul_Mooney/OCT2017/test/NORMAL/NORMAL-547422-1.jpeg,,,Kermany,test,3,NORMAL,False,Kermany-test,3,NORMAL,1.0,3.9211557e-07,0.89159495,0.20848925,1,-9.989119,False,-4.3790903,False,-7.266301,False,-7.4632435,False,False,True
/Users/yuhaowang/Documents/UCL/Term3_Proj/Dataset/Paul_Mooney/OCT2017/test/NORMAL/NORMAL-547422-2.jpeg,,,Kermany,test,3,NORMAL,False,Kermany-test,3,NORMAL,1.0,1.1955251e-08,0.8891357,-0.63990813,1,-11.176336,False,-4.37918,False,-7.266301,False,-8.908689,False,False,True
/Users/yuhaowang/Documents/UCL/Term3_Proj/Dataset/Paul_Mooney/OCT2017/test/NORMAL/NORMAL-549356-1.jpeg,,,Kermany,test,3,NORMAL,False,Kermany-test,3,NORMAL,1.0,7.2418715e-08,0.8793293,0.36707032,1,-9.341127,False,-4.3791656,False,-7.266301,False,-7.040378,False,False,True
/Users/yuhaowang/Documents/UCL/Term3_Proj/Dataset/Paul_Mooney/OCT2017/test/NORMAL/NORMAL-549356-2.jpeg,,,Kermany,test,3,NORMAL,False,Kermany-test,3,NORMAL,1.0,7.4052124e-09,0.89653194,-0.3390879,1,-10.973827,False,-4.379181,False,-7.266301,False,-8.474497,False,False,True
/Users/yuhaowang/Documents/UCL/Term3_Proj/Dataset/Paul_Mooney/OCT2017/test/NORMAL/NORMAL-549356-3.jpeg,,,Kermany,test,3,NORMAL,False,Kermany-test,3,NORMAL,1.0,9.3846756e-07,0.8362382,-0.02492137,1,-8.484904,False,-4.378961,False,-7.266301,False,-7.2045193,False,False,True
/Users/yuhaowang/Documents/UCL/Term3_Proj/Dataset/Paul_Mooney/OCT2017/test/NORMAL/NORMAL-552739-1.jpeg,,,Kermany,test,3,NORMAL,False,Kermany-test,3,NORMAL,1.0,3.3526515e-11,0.89569086,-0.94484586,1,-11.852135,False,-4.379183,False,-7.266301,False,-9.517494,False,False,True
/Users/yuhaowang/Documents/UCL/Term3_Proj/Dataset/Paul_Mooney/OCT2017/test/NORMAL/NORMAL-557437-1.jpeg,,,Kermany,test,3,NORMAL,False,Kermany-test,3,NORMAL,1.0,1.4637848e-08,0.9111045,0.0007223883,1,-10.9532585,False,-4.3791795,False,-7.266301,False,-8.058657,False,False,True
/Users/yuhaowang/Documents/UCL/Term3_Proj/Dataset/Paul_Mooney/OCT2017/test/NORMAL/NORMAL-557437-2.jpeg,,,Kermany,test,3,NORMAL,False,Kermany-test,3,NORMAL,1.0,1.0317275e-05,0.87702024,0.43668818,1,-9.159636,False,-4.3767443,False,-7.266301,False,-6.890264,False,False,True
/Users/yuhaowang/Documents/UCL/Term3_Proj/Dataset/Paul_Mooney/OCT2017/test/NORMAL/NORMAL-565818-1.jpeg,,,Kermany,test,3,NORMAL,False,Kermany-test,3,NORMAL,1.0,2.8688465e-09,0.89021134,-2.2355852,1,-13.600155,False,-4.3791823,False,-7.266301,False,-11.695634,False,False,True
/Users/yuhaowang/Documents/UCL/Term3_Proj/Dataset/Paul_Mooney/OCT2017/test/NORMAL/NORMAL-566040-1.jpeg,,,Kermany,test,3,NORMAL,False,Kermany-test,3,NORMAL,1.0,4.777062e-07,0.85128605,0.16760693,1,-8.700644,False,-4.37907,False,-7.266301,False,-7.050491,False,False,True
/Users/yuhaowang/Documents/UCL/Term3_Proj/Dataset/Paul_Mooney/OCT2017/test/NORMAL/NORMAL-568518-1.jpeg,,,Kermany,test,3,NORMAL,False,Kermany-test,3,NORMAL,1.0,6.1478644e-09,0.91384363,-0.2318048,1,-11.392931,False,-4.3791814,False,-7.266301,False,-8.495775,False,False,True
/Users/yuhaowang/Documents/UCL/Term3_Proj/Dataset/Paul_Mooney/OCT2017/test/NORMAL/NORMAL-568518-2.jpeg,,,Kermany,test,3,NORMAL,False,Kermany-test,3,NORMAL,1.0,3.835561e-09,0.9054681,-0.56674296,1,-11.613703,False,-4.379182,False,-7.266301,False,-8.977527,False,False,True
/Users/yuhaowang/Documents/UCL/Term3_Proj/Dataset/Paul_Mooney/OCT2017/test/NORMAL/NORMAL-571157-1.jpeg,,,Kermany,test,3,NORMAL,False,Kermany-test,3,NORMAL,1.0,1.6430226e-05,0.7050672,0.86540335,1,-2.7606418,False,-4.3752995,False,-7.266301,False,-4.080245,False,False,True
/Users/yuhaowang/Documents/UCL/Term3_Proj/Dataset/Paul_Mooney/OCT2017/test/NORMAL/NORMAL-571484-1.jpeg,,,Kermany,test,3,NORMAL,False,Kermany-test,3,NORMAL,1.0,3.6439196e-06,0.8966463,-0.17459337,1,-10.731504,False,-4.3783216,False,-7.266301,False,-8.189415,False,False,True
/Users/yuhaowang/Documents/UCL/Term3_Proj/Dataset/Paul_Mooney/OCT2017/test/NORMAL/NORMAL-572972-1.jpeg,,,Kermany,test,3,NORMAL,False,Kermany-test,3,NORMAL,1.0,2.2911183e-05,0.8872892,0.3164547,1,-9.68339,False,-4.373768,False,-7.266301,False,-7.2208567,False,False,True
/Users/yuhaowang/Documents/UCL/Term3_Proj/Dataset/Paul_Mooney/OCT2017/test/NORMAL/NORMAL-574089-1.jpeg,,,Kermany,test,3,NORMAL,False,Kermany-test,3,NORMAL,1.0,1.0706285e-06,0.8208343,0.005890536,1,-7.923031,False,-4.3789296,False,-7.266301,False,-6.9660482,False,False,True
/Users/yuhaowang/Documents/UCL/Term3_Proj/Dataset/Paul_Mooney/OCT2017/test/NORMAL/NORMAL-582215-1.jpeg,,,Kermany,test,3,NORMAL,False,Kermany-test,3,NORMAL,0.9999982,3.3688557e-05,0.80322057,0.20016505,1,-7.0425596,False,-4.3712206,False,-7.266301,False,-6.4125333,False,False,True
/Users/yuhaowang/Documents/UCL/Term3_Proj/Dataset/Paul_Mooney/OCT2017/test/NORMAL/NORMAL-588227-1.jpeg,,,Kermany,test,3,NORMAL,False,Kermany-test,3,NORMAL,1.0,3.4015983e-08,0.92339814,-0.44210926,1,-12.027545,False,-4.3791747,False,-7.266301,False,-8.976059,False,False,True
/Users/yuhaowang/Documents/UCL/Term3_Proj/Dataset/Paul_Mooney/OCT2017/test/NORMAL/NORMAL-60471-1.jpeg,,,Kermany,test,3,NORMAL,False,Kermany-test,3,NORMAL,1.0,1.3838567e-06,0.9076336,-0.054433398,1,-10.9195795,False,-4.3788557,False,-7.266301,False,-8.1126995,False,False,True
/Users/yuhaowang/Documents/UCL/Term3_Proj/Dataset/Paul_Mooney/OCT2017/test/NORMAL/NORMAL-605310-1.jpeg,,,Kermany,test,3,NORMAL,False,Kermany-test,3,NORMAL,1.0,5.1756397e-06,0.8781641,-0.2522273,1,-10.228844,False,-4.3779593,False,-7.266301,False,-8.102339,False,False,True
/Users/yuhaowang/Documents/UCL/Term3_Proj/Dataset/Paul_Mooney/OCT2017/test/NORMAL/NORMAL-626127-1.jpeg,,,Kermany,test,3,NORMAL,False,Kermany-test,3,NORMAL,1.0,8.838972e-07,0.90940666,0.6159105,1,-9.97583,False,-4.378974,False,-7.266301,False,-6.9686766,False,False,True
/Users/yuhaowang/Documents/UCL/Term3_Proj/Dataset/Paul_Mooney/OCT2017/test/NORMAL/NORMAL-628048-1.jpeg,,,Kermany,test,3,NORMAL,False,Kermany-test,3,NORMAL,1.0,1.2239516e-06,0.8327149,-0.092925996,1,-8.4686985,False,-4.378894,False,-7.266301,False,-7.280416,False,False,True
/Users/yuhaowang/Documents/UCL/Term3_Proj/Dataset/Paul_Mooney/OCT2017/test/NORMAL/NORMAL-629493-1.jpeg,,,Kermany,test,3,NORMAL,False,Kermany-test,3,NORMAL,1.0,1.6746583e-08,0.90584636,0.34503442,1,-10.261966,False,-4.379179,False,-7.266301,False,-7.3969693,False,False,True
/Users/yuhaowang/Documents/UCL/Term3_Proj/Dataset/Paul_Mooney/OCT2017/test/NORMAL/NORMAL-651257-1.jpeg,,,Kermany,test,3,NORMAL,False,Kermany-test,3,NORMAL,1.0,8.838542e-06,0.7885547,0.66803986,1,-5.8513703,False,-4.377094,False,-7.266301,False,-5.426443,False,False,True
/Users/yuhaowang/Documents/UCL/Term3_Proj/Dataset/Paul_Mooney/OCT2017/test/NORMAL/NORMAL-655117-1.jpeg,,,Kermany,test,3,NORMAL,False,Kermany-test,3,NORMAL,1.0,2.4681913e-06,0.9091143,0.3750537,1,-10.326464,False,-4.3785996,False,-7.266301,False,-7.3836775,False,False,True
/Users/yuhaowang/Documents/UCL/Term3_Proj/Dataset/Paul_Mooney/OCT2017/test/NORMAL/NORMAL-655447-1.jpeg,,,Kermany,test,3,NORMAL,False,Kermany-test,3,NORMAL,1.0,9.9821875e-08,0.90174717,-0.029211225,1,-10.684742,False,-4.379159,False,-7.266301,False,-7.998371,False,False,True
/Users/yuhaowang/Documents/UCL/Term3_Proj/Dataset/Paul_Mooney/OCT2017/test/NORMAL/NORMAL-664536-1.jpeg,,,Kermany,test,3,NORMAL,False,Kermany-test,3,NORMAL,1.0,1.5282253e-06,0.8484185,0.16072382,1,-8.614929,False,-4.3788214,False,-7.266301,False,-7.027898,False,False,True
/Users/yuhaowang/Documents/UCL/Term3_Proj/Dataset/Paul_Mooney/OCT2017/test/NORMAL/NORMAL-66515-1.jpeg,,,Kermany,test,3,NORMAL,False,Kermany-test,3,NORMAL,1.0,2.1047217e-06,0.8876851,0.5300753,1,-9.376979,False,-4.3786855,False,-7.266301,False,-6.857019,False,False,True
/Users/yuhaowang/Documents/UCL/Term3_Proj/Dataset/Paul_Mooney/OCT2017/test/NORMAL/NORMAL-672619-1.jpeg,,,Kermany,test,3,NORMAL,False,Kermany-test,3,NORMAL,1.0,1.2034416e-05,0.91198426,-0.03710649,1,-11.039323,False,-4.3763385,False,-7.266301,False,-8.133372,False,False,True
/Users/yuhaowang/Documents/UCL/Term3_Proj/Dataset/Paul_Mooney/OCT2017/test/NORMAL/NORMAL-692554-1.jpeg,,,Kermany,test,3,NORMAL,False,Kermany-test,3,NORMAL,1.0,1.057349e-07,0.88707155,0.26212865,1,-9.757396,False,-4.379158,False,-7.266301,False,-7.3157387,False,False,True
/Users/yuhaowang/Documents/UCL/Term3_Proj/Dataset/Paul_Mooney/OCT2017/test/NORMAL/NORMAL-693575-1.jpeg,,,Kermany,test,3,NORMAL,False,Kermany-test,3,NORMAL,1.0,5.5434145e-07,0.89268786,-0.01685508,1,-10.362923,False,-4.3790517,False,-7.266301,False,-7.8680935,False,False,True
/Users/yuhaowang/Documents/UCL/Term3_Proj/Dataset/Paul_Mooney/OCT2017/test/NORMAL/NORMAL-697826-1.jpeg,,,Kermany,test,3,NORMAL,False,Kermany-test,3,NORMAL,0.9774845,0.12279838,0.5216958,0.63938314,2,3.0409122,True,24.643894,True,5.519489,True,19.99161,True,True,True
/Users/yuhaowang/Documents/UCL/Term3_Proj/Dataset/Paul_Mooney/OCT2017/test/NORMAL/NORMAL-744709-1.jpeg,,,Kermany,test,3,NORMAL,False,Kermany-test,3,NORMAL,1.0,3.3082824e-06,0.77382934,-0.6869293,1,-7.385927,False,-4.378401,False,-7.266301,False,-7.6060095,False,False,True
/Users/yuhaowang/Documents/UCL/Term3_Proj/Dataset/Paul_Mooney/OCT2017/test/NORMAL/NORMAL-755659-1.jpeg,,,Kermany,test,3,NORMAL,False,Kermany-test,3,NORMAL,0.9999958,1.0348507e-05,0.7337678,0.1493815,1,-4.7930856,False,-4.376737,False,-7.266301,False,-5.6703234,False,False,True
/Users/yuhaowang/Documents/UCL/Term3_Proj/Dataset/Paul_Mooney/OCT2017/test/NORMAL/NORMAL-758272-1.jpeg,,,Kermany,test,3,NORMAL,False,Kermany-test,3,NORMAL,1.0,7.0836904e-08,0.67367464,0.11594464,1,-2.831038,False,-4.379166,False,-7.266301,False,-5.008549,False,False,True
/Users/yuhaowang/Documents/UCL/Term3_Proj/Dataset/Paul_Mooney/OCT2017/test/NORMAL/NORMAL-76914-1.jpeg,,,Kermany,test,3,NORMAL,False,Kermany-test,3,NORMAL,1.0,3.6109077e-07,0.8711044,0.6707502,1,-8.611303,False,-4.3790975,False,-7.266301,False,-6.413681,False,False,True
/Users/yuhaowang/Documents/UCL/Term3_Proj/Dataset/Paul_Mooney/OCT2017/test/NORMAL/NORMAL-772481-1.jpeg,,,Kermany,test,3,NORMAL,False,Kermany-test,3,NORMAL,1.0,1.2214755e-08,0.90587914,-0.4674281,1,-11.478848,False,-4.37918,False,-7.266301,False,-8.809803,False,False,True
/Users/yuhaowang/Documents/UCL/Term3_Proj/Dataset/Paul_Mooney/OCT2017/test/NORMAL/NORMAL-84466-1.jpeg,,,Kermany,test,3,NORMAL,False,Kermany-test,3,NORMAL,1.0,2.814371e-07,0.902588,-0.07199233,1,-10.776915,False,-4.3791165,False,-7.266301,False,-8.082812,False,False,True
/Users/yuhaowang/Documents/UCL/Term3_Proj/Dataset/Paul_Mooney/OCT2017/test/NORMAL/NORMAL-85367-1.jpeg,,,Kermany,test,3,NORMAL,False,Kermany-test,3,NORMAL,1.0,3.1079762e-06,0.79085934,-0.4039601,1,-7.5326977,False,-4.3784485,False,-7.266301,False,-7.318509,False,False,True
/Users/yuhaowang/Documents/UCL/Term3_Proj/Dataset/Paul_Mooney/OCT2017/test/NORMAL/NORMAL-9251-1.jpeg,,,Kermany,test,3,NORMAL,False,Kermany-test,3,NORMAL,1.0,1.3474555e-09,0.89560056,0.069555275,1,-10.3311405,False,-4.3791823,False,-7.266301,False,-7.752906,False,False,True
/Users/yuhaowang/Documents/UCL/Term3_Proj/Dataset/Paul_Mooney/OCT2017/test/NORMAL/NORMAL-98720-1.jpeg,,,Kermany,test,3,NORMAL,False,Kermany-test,3,NORMAL,1.0,5.6144415e-08,0.89458746,-0.6968433,1,-11.444075,False,-4.3791695,False,-7.266301,False,-9.073098,False,False,True
/Users/yuhaowang/Documents/UCL/Term3_Proj/Dataset/RETOUCH/RETOUCH/RETOUCH-TestSet-Cirrus/TEST001/oct.mhd,TEST001,60,Cirrus,test,-1,,True,RETOUCH,1,DME,0.99943477,0.001233968,0.53380996,-2.6682577,1,-2.3143234,False,-4.087538,False,-7.266301,False,-8.004988,False,True,True
/Users/yuhaowang/Documents/UCL/Term3_Proj/Dataset/RETOUCH/RETOUCH/RETOUCH-TestSet-Cirrus/TEST001/oct.mhd,TEST001,61,Cirrus,test,-1,,True,RETOUCH,1,DME,0.9997197,0.0003541573,0.5556322,-2.8438852,1,-3.3078032,False,-4.295479,False,-7.266301,False,-8.689928,False,True,True
/Users/yuhaowang/Documents/UCL/Term3_Proj/Dataset/RETOUCH/RETOUCH/RETOUCH-TestSet-Cirrus/TEST001/oct.mhd,TEST001,62,Cirrus,test,-1,,True,RETOUCH,1,DME,0.99996626,0.00022285024,0.6254792,-3.213202,1,-6.199126,False,-4.326513,False,-7.266301,False,-10.187889,False,False,True
/Users/yuhaowang/Documents/UCL/Term3_Proj/Dataset/RETOUCH/RETOUCH/RETOUCH-TestSet-Cirrus/TEST001/oct.mhd,TEST001,63,Cirrus,test,-1,,True,RETOUCH,1,DME,0.99905354,0.002003095,0.528255,-2.8722534,1,-2.433591,False,-3.9057565,False,-7.266301,False,-8.190066,False,True,True
/Users/yuhaowang/Documents/UCL/Term3_Proj/Dataset/RETOUCH/RETOUCH/RETOUCH-TestSet-Cirrus/TEST001/oct.mhd,TEST001,64,Cirrus,test,-1,,True,RETOUCH,1,DME,0.96903753,0.011892363,0.42792138,-2.9430108,1,0.81996965,True,-1.5684538,False,-7.266301,False,-5.785908,False,True,True
/Users/yuhaowang/Documents/UCL/Term3_Proj/Dataset/RETOUCH/RETOUCH/RETOUCH-TestSet-Cirrus/TEST001/oct.mhd,TEST001,65,Cirrus,test,-1,,True,RETOUCH,1,DME,0.99753344,0.0014066324,0.5625403,-3.032237,1,-3.8209596,False,-4.046729,False,-7.266301,False,-8.959497,False,True,True
/Users/yuhaowang/Documents/UCL/Term3_Proj/Dataset/RETOUCH/RETOUCH/RETOUCH-TestSet-Cirrus/TEST001/oct.mhd,TEST001,66,Cirrus,test,-1,,True,RETOUCH,1,DME,0.9996153,0.0021258257,0.5236319,-2.567806,1,-1.8232155,False,-3.8767495,False,-7.266301,False,-7.5888867,False,True,True
/Users/yuhaowang/Documents/UCL/Term3_Proj/Dataset/RETOUCH/RETOUCH/RETOUCH-TestSet-Cirrus/TEST001/oct.mhd,TEST001,67,Cirrus,test,-1,,True,RETOUCH,1,DME,0.99915135,0.002616981,0.54700035,-2.881111,1,-3.074491,False,-3.7606661,False,-7.266301,False,-8.348339,False,True,True
/Users/yuhaowang/Documents/UCL/Term3_Proj/Dataset/RETOUCH/RETOUCH/RETOUCH-TestSet-Cirrus/TEST001/oct.mhd,TEST001,68,Cirrus,test,-1,,True,RETOUCH,1,DME,0.9995759,0.0036383886,0.6088506,-2.995592,1,-5.316718,False,-3.5192592,False,-7.266301,False,-9.153093,False,True,True
/Users/yuhaowang/Documents/UCL/Term3_Proj/Dataset/RETOUCH/RETOUCH/RETOUCH-TestSet-Cirrus/TEST002/oct.mhd,TEST002,60,Cirrus,test,-1,,True,RETOUCH,0,CNV,1.0,8.2612814e-08,0.6486978,-3.3901541,1,-7.2413416,False,-4.3791633,False,-7.266301,False,-10.803999,False,False,True
/Users/yuhaowang/Documents/UCL/Term3_Proj/Dataset/RETOUCH/RETOUCH/RETOUCH-TestSet-Cirrus/TEST002/oct.mhd,TEST002,61,Cirrus,test,-1,,True,RETOUCH,0,CNV,1.0,2.3749237e-07,0.7002428,-3.426485,1,-9.021576,False,-4.3791265,False,-7.266301,False,-11.485816,False,False,True
/Users/yuhaowang/Documents/UCL/Term3_Proj/Dataset/RETOUCH/RETOUCH/RETOUCH-TestSet-Cirrus/TEST002/oct.mhd,TEST002,62,Cirrus,test,-1,,True,RETOUCH,0,CNV,1.0,1.00177385e-05,0.5280204,-4.2262225,1,-4.451843,False,-4.3768153,False,-7.266301,False,-10.807699,False,False,True
/Users/yuhaowang/Documents/UCL/Term3_Proj/Dataset/RETOUCH/RETOUCH/RETOUCH-TestSet-Cirrus/TEST002/oct.mhd,TEST002,63,Cirrus,test,-1,,True,RETOUCH,0,CNV,1.0,6.563655e-07,0.4673914,-3.50714,1,-1.3457685,False,-4.3790274,False,-7.266301,False,-8.83114,False,False,True
/Users/yuhaowang/Documents/UCL/Term3_Proj/Dataset/RETOUCH/RETOUCH/RETOUCH-TestSet-Cirrus/TEST002/oct.mhd,TEST002,64,Cirrus,test,-1,,True,RETOUCH,0,CNV,0.9999988,0.00016472244,0.369008,-4.0618687,1,1.118268,True,-4.340251,False,-7.266301,False,-8.592708,False,False,True
/Users/yuhaowang/Documents/UCL/Term3_Proj/Dataset/RETOUCH/RETOUCH/RETOUCH-TestSet-Cirrus/TEST002/oct.mhd,TEST002,65,Cirrus,test,-1,,True,RETOUCH,0,CNV,1.0,6.211517e-07,0.70946807,-4.267854,1,-10.589504,False,-4.379036,False,-7.266301,False,-13.059185,False,False,True
/Users/yuhaowang/Documents/UCL/Term3_Proj/Dataset/RETOUCH/RETOUCH/RETOUCH-TestSet-Cirrus/TEST002/oct.mhd,TEST002,66,Cirrus,test,-1,,True,RETOUCH,0,CNV,0.99997914,0.000916302,0.45635608,-4.373236,1,-2.2723198,False,-4.162617,False,-7.266301,False,-10.08188,False,False,True
/Users/yuhaowang/Documents/UCL/Term3_Proj/Dataset/RETOUCH/RETOUCH/RETOUCH-TestSet-Cirrus/TEST002/oct.mhd,TEST002,67,Cirrus,test,-1,,True,RETOUCH,0,CNV,0.9999999,8.325616e-06,0.53769463,-4.230246,1,-4.7817836,False,-4.3772154,False,-7.266301,False,-10.931036,False,False,True
/Users/yuhaowang/Documents/UCL/Term3_Proj/Dataset/RETOUCH/RETOUCH/RETOUCH-TestSet-Cirrus/TEST002/oct.mhd,TEST002,68,Cirrus,test,-1,,True,RETOUCH,0,CNV,0.99999905,0.0008888587,0.34834397,-3.824601,1,2.1652088,True,-4.1691036,False,-7.266301,False,-7.835334,False,False,True
/Users/yuhaowang/Documents/UCL/Term3_Proj/Dataset/RETOUCH/RETOUCH/RETOUCH-TestSet-Cirrus/TEST003/oct.mhd,TEST003,60,Cirrus,test,-1,,True,RETOUCH,1,DME,0.9996698,0.0007785349,0.64348376,-2.4900537,1,-5.7198334,False,-4.195178,False,-7.266301,False,-9.072487,False,True,True
/Users/yuhaowang/Documents/UCL/Term3_Proj/Dataset/RETOUCH/RETOUCH/RETOUCH-TestSet-Cirrus/TEST003/oct.mhd,TEST003,61,Cirrus,test,-1,,True,RETOUCH,1,DME,0.9850144,0.05557272,0.4215934,-3.924509,1,-0.4368868,False,8.755283,True,-7.266301,False,-1.5730934,False,True,True
/Users/yuhaowang/Documents/UCL/Term3_Proj/Dataset/RETOUCH/RETOUCH/RETOUCH-TestSet-Cirrus/TEST003/oct.mhd,TEST003,62,Cirrus,test,-1,,True,RETOUCH,1,DME,0.9999938,0.0053301193,0.61631435,-3.6331532,1,-6.5206847,False,-3.1194232,False,-7.266301,False,-10.124754,False,False,True
/Users/yuhaowang/Documents/UCL/Term3_Proj/Dataset/RETOUCH/RETOUCH/RETOUCH-TestSet-Cirrus/TEST003/oct.mhd,TEST003,63,Cirrus,test,-1,,True,RETOUCH,1,DME,0.99739635,0.008296702,0.56440264,-3.3450584,1,-4.351428,False,-2.418279,False,-7.266301,False,-8.603989,False,True,True
/Users/yuhaowang/Documents/UCL/Term3_Proj/Dataset/RETOUCH/RETOUCH/RETOUCH-TestSet-Cirrus/TEST003/oct.mhd,TEST003,64,Cirrus,test,-1,,True,RETOUCH,1,DME,0.69436157,0.19437179,0.54381037,-3.153191,1,-3.3748279,False,41.56008,True,-7.266301,False,16.868181,True,True,True
/Users/yuhaowang/Documents/UCL/Term3_Proj/Dataset/RETOUCH/RETOUCH/RETOUCH-TestSet-Cirrus/TEST003/oct.mhd,TEST003,65,Cirrus,test,-1,,True,RETOUCH,1,DME,0.99996865,0.00081519876,0.6489532,-3.0122445,1,-6.6843815,False,-4.186513,False,-7.266301,False,-10.041042,False,False,True
/Users/yuhaowang/Documents/UCL/Term3_Proj/Dataset/RETOUCH/RETOUCH/RETOUCH-TestSet-Cirrus/TEST003/oct.mhd,TEST003,66,Cirrus,test,-1,,True,RETOUCH,3,NORMAL,0.9927724,0.023262262,0.46250194,-2.7662683,1,-0.07340193,False,1.118792,True,-7.266301,False,-4.372743,False,True,True
/Users/yuhaowang/Documents/UCL/Term3_Proj/Dataset/RETOUCH/RETOUCH/RETOUCH-TestSet-Cirrus/TEST003/oct.mhd,TEST003,67,Cirrus,test,-1,,True,RETOUCH,3,NORMAL,1.0,1.4282989e-05,0.82140034,-3.0697286,1,-12.544403,False,-4.3758073,False,-7.266301,False,-12.31794,False,False,True
/Users/yuhaowang/Documents/UCL/Term3_Proj/Dataset/RETOUCH/RETOUCH/RETOUCH-TestSet-Cirrus/TEST003/oct.mhd,TEST003,68,Cirrus,test,-1,,True,RETOUCH,3,NORMAL,1.0,2.5468316e-06,0.7922138,-3.7748647,1,-12.622337,False,-4.378581,False,-7.266301,False,-13.195051,False,False,True
/Users/yuhaowang/Documents/UCL/Term3_Proj/Dataset/RETOUCH/RETOUCH/RETOUCH-TestSet-Cirrus/TEST004/oct.mhd,TEST004,60,Cirrus,test,-1,,True,RETOUCH,0,CNV,1.0,0.00027662812,0.54857504,-5.456396,1,-6.980925,False,-4.3138027,False,-7.266301,False,-13.157362,False,False,True
/Users/yuhaowang/Documents/UCL/Term3_Proj/Dataset/RETOUCH/RETOUCH/RETOUCH-TestSet-Cirrus/TEST004/oct.mhd,TEST004,61,Cirrus,test,-1,,True,RETOUCH,0,CNV,1.0,3.886149e-06,0.5929633,-4.666485,1,-7.2851257,False,-4.3782644,False,-7.266301,False,-12.353388,False,False,True
/Users/yuhaowang/Documents/UCL/Term3_Proj/Dataset/RETOUCH/RETOUCH/RETOUCH-TestSet-Cirrus/TEST004/oct.mhd,TEST004,62,Cirrus,test,-1,,True,RETOUCH,0,CNV,1.0,1.3324329e-06,0.68613595,-4.7336617,1,-10.505325,False,-4.378868,False,-7.266301,False,-13.588835,False,False,True
/Users/yuhaowang/Documents/UCL/Term3_Proj/Dataset/RETOUCH/RETOUCH/RETOUCH-TestSet-Cirrus/TEST004/oct.mhd,TEST004,63,Cirrus,test,-1,,True,RETOUCH,0,CNV,1.0,4.0946878e-05,0.64670855,-4.676933,1,-9.100298,False,-4.369505,False,-7.266301,False,-13.011681,False,False,True
/Users/yuhaowang/Documents/UCL/Term3_Proj/Dataset/RETOUCH/RETOUCH/RETOUCH-TestSet-Cirrus/TEST004/oct.mhd,TEST004,64,Cirrus,test,-1,,True,RETOUCH,0,CNV,1.0,6.548494e-05,0.5578519,-5.0893507,1,-6.742286,False,-4.3637056,False,-7.266301,False,-12.658857,False,False,True
/Users/yuhaowang/Documents/UCL/Term3_Proj/Dataset/RETOUCH/RETOUCH/RETOUCH-TestSet-Cirrus/TEST004/oct.mhd,TEST004,65,Cirrus,test,-1,,True,RETOUCH,0,CNV,1.0,3.4286997e-05,0.6833041,-5.537797,1,-11.613831,False,-4.371079,False,-7.266301,False,-14.9484005,False,False,True
/Users/yuhaowang/Documents/UCL/Term3_Proj/Dataset/RETOUCH/RETOUCH/RETOUCH-TestSet-Cirrus/TEST004/oct.mhd,TEST004,66,Cirrus,test,-1,,True,RETOUCH,0,CNV,0.9999999,0.00010302529,0.62601084,-5.1952553,1,-9.18291,False,-4.354833,False,-7.266301,False,-13.656034,False,False,True
/Users/yuhaowang/Documents/UCL/Term3_Proj/Dataset/RETOUCH/RETOUCH/RETOUCH-TestSet-Cirrus/TEST004/oct.mhd,TEST004,67,Cirrus,test,-1,,True,RETOUCH,0,CNV,0.9999995,0.0001024346,0.61486065,-4.3928947,1,-7.6089034,False,-4.354973,False,-7.266301,False,-12.127404,False,False,True
/Users/yuhaowang/Documents/UCL/Term3_Proj/Dataset/RETOUCH/RETOUCH/RETOUCH-TestSet-Cirrus/TEST004/oct.mhd,TEST004,68,Cirrus,test,-1,,True,RETOUCH,0,CNV,0.9999995,5.1432973e-05,0.6270009,-4.9819055,1,-8.896801,False,-4.367027,False,-7.266301,False,-13.303919,False,False,True
/Users/yuhaowang/Documents/UCL/Term3_Proj/Dataset/RETOUCH/RETOUCH/RETOUCH-TestSet-Cirrus/TEST005/oct.mhd,TEST005,60,Cirrus,test,-1,,True,RETOUCH,0,CNV,1.0,6.286946e-07,0.72330016,-4.2591543,1,-11.039621,False,-4.379034,False,-7.266301,False,-13.210081,False,False,True
/Users/yuhaowang/Documents/UCL/Term3_Proj/Dataset/RETOUCH/RETOUCH/RETOUCH-TestSet-Cirrus/TEST005/oct.mhd,TEST005,61,Cirrus,test,-1,,True,RETOUCH,0,CNV,1.0,3.3777319e-09,0.78418875,-4.6077967,1,-13.600054,False,-4.379182,False,-7.266301,False,-14.547094,False,False,True
/Users/yuhaowang/Documents/UCL/Term3_Proj/Dataset/RETOUCH/RETOUCH/RETOUCH-TestSet-Cirrus/TEST005/oct.mhd,TEST005,62,Cirrus,test,-1,,True,RETOUCH,0,CNV,1.0,4.5104214e-05,0.77370167,-4.147818,1,-12.560596,False,-4.3685226,False,-7.266301,False,-13.61553,False,False,True
/Users/yuhaowang/Documents/UCL/Term3_Proj/Dataset/RETOUCH/RETOUCH/RETOUCH-TestSet-Cirrus/TEST005/oct.mhd,TEST005,63,Cirrus,test,-1,,True,RETOUCH,0,CNV,1.0,3.1060642e-07,0.74308544,-4.062566,1,-11.407908,False,-4.3791094,False,-7.266301,False,-13.105838,False,False,True
/Users/yuhaowang/Documents/UCL/Term3_Proj/Dataset/RETOUCH/RETOUCH/RETOUCH-TestSet-Cirrus/TEST005/oct.mhd,TEST005,64,Cirrus,test,-1,,True,RETOUCH,0,CNV,1.0,2.764199e-06,0.7455376,-4.332699,1,-11.894245,False,-4.3785295,False,-7.266301,False,-13.604559,False,False,True
/Users/yuhaowang/Documents/UCL/Term3_Proj/Dataset/RETOUCH/RETOUCH/RETOUCH-TestSet-Cirrus/TEST005/oct.mhd,TEST005,65,Cirrus,test,-1,,True,RETOUCH,0,CNV,1.0,6.6823286e-06,0.68407613,-4.5834327,1,-10.211552,False,-4.3776035,False,-7.266301,False,-13.302227,False,False,True
/Users/yuhaowang/Documents/UCL/Term3_Proj/Dataset/RETOUCH/RETOUCH/RETOUCH-TestSet-Cirrus/TEST005/oct.mhd,TEST005,66,Cirrus,test,-1,,True,RETOUCH,0,CNV,1.0,4.2773067e-08,0.8521517,-4.6788297,1,-15.981934,False,-4.379173,False,-7.266301,False,-15.486315,False,False,True
/Users/yuhaowang/Documents/UCL/Term3_Proj/Dataset/RETOUCH/RETOUCH/RETOUCH-TestSet-Cirrus/TEST005/oct.mhd,TEST005,67,Cirrus,test,-1,,True,RETOUCH,0,CNV,1.0,1.6946174e-08,0.7469489,-4.205165,1,-11.750656,False,-4.379179,False,-7.266301,False,-13.400152,False,False,True
/Users/yuhaowang/Documents/UCL/Term3_Proj/Dataset/RETOUCH/RETOUCH/RETOUCH-TestSet-Cirrus/TEST005/oct.mhd,TEST005,68,Cirrus,test,-1,,True,RETOUCH,0,CNV,1.0,4.753023e-11,0.8249683,-4.391191,1,-14.641331,False,-4.379183,False,-7.266301,False,-14.659994,False,False,True
/Users/yuhaowang/Documents/UCL/Term3_Proj/Dataset/RETOUCH/RETOUCH/RETOUCH-TestSet-Cirrus/TEST006/oct.mhd,TEST006,60,Cirrus,test,-1,,True,RETOUCH,0,CNV,0.9999999,0.0001682206,0.40902326,-2.2144043,1,2.5430322,True,-4.339424,False,-7.266301,False,-5.860772,False,False,True
/Users/yuhaowang/Documents/UCL/Term3_Proj/Dataset/RETOUCH/RETOUCH/RETOUCH-TestSet-Cirrus/TEST006/oct.mhd,TEST006,61,Cirrus,test,-1,,True,RETOUCH,0,CNV,1.0,4.6450677e-06,0.6219999,-1.7635669,1,-3.9133663,False,-4.378085,False,-7.266301,False,-7.655174,False,False,True
/Users/yuhaowang/Documents/UCL/Term3_Proj/Dataset/RETOUCH/RETOUCH/RETOUCH-TestSet-Cirrus/TEST006/oct.mhd,TEST006,62,Cirrus,test,-1,,True,RETOUCH,0,CNV,1.0,4.1422856e-05,0.508717,-2.080332,1,-0.5943589,False,-4.3693924,False,-7.266301,False,-6.8412437,False,False,True
/Users/yuhaowang/Documents/UCL/Term3_Proj/Dataset/RETOUCH/RETOUCH/RETOUCH-TestSet-Cirrus/TEST006/oct.mhd,TEST006,63,Cirrus,test,-1,,True,RETOUCH,0,CNV,1.0,6.815111e-08,0.80418473,-1.964858,1,-10.314627,False,-4.3791666,False,-7.266301,False,-10.192427,False,False,True
/Users/yuhaowang/Documents/UCL/Term3_Proj/Dataset/RETOUCH/RETOUCH/RETOUCH-TestSet-Cirrus/TEST006/oct.mhd,TEST006,64,Cirrus,test,-1,,True,RETOUCH,0,CNV,1.0,2.4986178e-08,0.70021534,-1.7103691,1,-6.4526258,False,-4.379177,False,-7.266301,False,-8.502102,False,False,True
/Users/yuhaowang/Documents/UCL/Term3_Proj/Dataset/RETOUCH/RETOUCH/RETOUCH-TestSet-Cirrus/TEST006/oct.mhd,TEST006,65,Cirrus,test,-1,,True,RETOUCH,0,CNV,1.0,1.1004573e-08,0.8163735,-2.451294,1,-11.450653,False,-4.37918,False,-7.266301,False,-11.184385,False,False,True
/Users/yuhaowang/Documents/UCL/Term3_Proj/Dataset/RETOUCH/RETOUCH/RETOUCH-TestSet-Cirrus/TEST006/oct.mhd,TEST006,66,Cirrus,test,-1,,True,RETOUCH,0,CNV,1.0,2.008721e-06,0.73298466,-1.9517918,1,-7.911102,False,-4.378708,False,-7.266301,False,-9.314861,False,False,True
/Users/yuhaowang/Documents/UCL/Term3_Proj/Dataset/RETOUCH/RETOUCH/RETOUCH-TestSet-Cirrus/TEST006/oct.mhd,TEST006,67,Cirrus,test,-1,,True,RETOUCH,0,CNV,1.0,1.4133293e-06,0.506514,-1.4923383,1,0.3592887,True,-4.378849,False,-7.266301,False,-5.797946,False,False,True
/Users/yuhaowang/Documents/UCL/Term3_Proj/Dataset/RETOUCH/RETOUCH/RETOUCH-TestSet-Cirrus/TEST006/oct.mhd,TEST006,68,Cirrus,test,-1,,True,RETOUCH,0,CNV,1.0,0.00015804448,0.6648811,-2.4794397,1,-6.420392,False,-4.3418293,False,-7.266301,False,-9.393864,False,False,True
/Users/yuhaowang/Documents/UCL/Term3_Proj/Dataset/RETOUCH/RETOUCH/RETOUCH-TestSet-Cirrus/TEST007/oct.mhd,TEST007,60,Cirrus,test,-1,,True,RETOUCH,1,DME,0.9999999,9.286032e-07,0.78193176,-2.3826258,1,-10.194693,False,-4.3789635,False,-7.266301,False,-10.651493,False,False,True
/Users/yuhaowang/Documents/UCL/Term3_Proj/Dataset/RETOUCH/RETOUCH/RETOUCH-TestSet-Cirrus/TEST007/oct.mhd,TEST007,61,Cirrus,test,-1,,True,RETOUCH,1,DME,0.9999908,6.654934e-05,0.7207008,-2.8463712,1,-8.83847,False,-4.363454,False,-7.266301,False,-10.713985,False,False,True
/Users/yuhaowang/Documents/UCL/Term3_Proj/Dataset/RETOUCH/RETOUCH/RETOUCH-TestSet-Cirrus/TEST007/oct.mhd,TEST007,62,Cirrus,test,-1,,True,RETOUCH,1,DME,0.99999726,1.557522e-05,0.7397859,-2.923383,1,-9.592734,False,-4.3755016,False,-7.266301,False,-11.083759,False,False,True
/Users/yuhaowang/Documents/UCL/Term3_Proj/Dataset/RETOUCH/RETOUCH/RETOUCH-TestSet-Cirrus/TEST007/oct.mhd,TEST007,63,Cirrus,test,-1,,True,RETOUCH,1,DME,0.99999857,3.957961e-06,0.73185694,-2.6099515,1,-8.858226,False,-4.3782473,False,-7.266301,False,-10.445254,False,False,True
/Users/yuhaowang/Documents/UCL/Term3_Proj/Dataset/RETOUCH/RETOUCH/RETOUCH-TestSet-Cirrus/TEST007/oct.mhd,TEST007,64,Cirrus,test,-1,,True,RETOUCH,1,DME,0.9996861,0.0010429928,0.63131946,-2.3552177,1,-5.1107683,False,-4.132674,False,-7.266301,False,-8.656698,False,True,True
/Users/yuhaowang/Documents/UCL/Term3_Proj/Dataset/RETOUCH/RETOUCH/RETOUCH-TestSet-Cirrus/TEST007/oct.mhd,TEST007,65,Cirrus,test,-1,,True,RETOUCH,1,DME,0.9999999,5.627284e-06,0.76665807,-2.627777,1,-10.050137,False,-4.377853,False,-7.266301,False,-10.893726,False,False,True
/Users/yuhaowang/Documents/UCL/Term3_Proj/Dataset/RETOUCH/RETOUCH/RETOUCH-TestSet-Cirrus/TEST007/oct.mhd,TEST007,66,Cirrus,test,-1,,True,RETOUCH,1,DME,0.99999607,4.465881e-05,0.7328263,-2.460729,1,-8.667383,False,-4.3686275,False,-7.266301,False,-10.192026,False,False,True
/Users/yuhaowang/Documents/UCL/Term3_Proj/Dataset/RETOUCH/RETOUCH/RETOUCH-TestSet-Cirrus/TEST007/oct.mhd,TEST007,67,Cirrus,test,-1,,True,RETOUCH,1,DME,1.0,7.8528274e-08,0.7890047,-2.47466,1,-10.569235,False,-4.379164,False,-7.266301,False,-10.896498,False,False,True
/Users/yuhaowang/Documents/UCL/Term3_Proj/Dataset/RETOUCH/RETOUCH/RETOUCH-TestSet-Cirrus/TEST007/oct.mhd,TEST007,68,Cirrus,test,-1,,True,RETOUCH,1,DME,0.99999857,1.0533986e-06,0.7387007,-3.1092792,1,-9.834578,False,-4.378934,False,-7.266301,False,-11.395851,False,False,True
/Users/yuhaowang/Documents/UCL/Term3_Proj/Dataset/RETOUCH/RETOUCH/RETOUCH-TestSet-Cirrus/TEST008/oct.mhd,TEST008,60,Cirrus,test,-1,,True,RETOUCH,0,CNV,0.9987602,0.010813512,0.2474554,-2.569164,1,7.4218946,True,-1.8234376,False,-7.266301,False,-3.114235,False,True,True
/Users/yuhaowang/Documents/UCL/Term3_Proj/Dataset/RETOUCH/RETOUCH/RETOUCH-TestSet-Cirrus/TEST008/oct.mhd,TEST008,61,Cirrus,test,-1,,True,RETOUCH,0,CNV,0.9999428,0.00015556859,0.48376387,-2.5079272,1,-0.39872217,False,-4.3424144,False,-7.266301,False,-7.2698307,False,False,True
/Users/yuhaowang/Documents/UCL/Term3_Proj/Dataset/RETOUCH/RETOUCH/RETOUCH-TestSet-Cirrus/TEST008/oct.mhd,TEST008,62,Cirrus,test,-1,,True,RETOUCH,0,CNV,0.9911238,0.097471,0.21809965,-2.726288,1,8.16968,True,18.657833,True,-7.266301,False,8.557217,True,True,True
/Users/yuhaowang/Documents/UCL/Term3_Proj/Dataset/RETOUCH/RETOUCH/RETOUCH-TestSet-Cirrus/TEST008/oct.mhd,TEST008,63,Cirrus,test,-1,,True,RETOUCH,0,CNV,0.99998677,0.0139211705,0.45252582,-2.6836915,1,0.38419628,True,-1.0889505,False,-7.266301,False,-5.359013,False,False,True
/Users/yuhaowang/Documents/UCL/Term3_Proj/Dataset/RETOUCH/RETOUCH/RETOUCH-TestSet-Cirrus/TEST008/oct.mhd,TEST008,64,Cirrus,test,-1,,True,RETOUCH,0,CNV,0.9933717,0.037718043,0.29464048,-2.6191654,1,5.7671857,True,4.5353785,True,-7.266301,False,-0.16846132,False,True,True
/Users/yuhaowang/Documents/UCL/Term3_Proj/Dataset/RETOUCH/RETOUCH/RETOUCH-TestSet-Cirrus/TEST008/oct.mhd,TEST008,65,Cirrus,test,-1,,True,RETOUCH,3,NORMAL,0.88799375,0.056685418,0.13080491,-3.2707078,1,10.277866,True,9.018269,True,-7.266301,False,3.202601,True,True,True
/Users/yuhaowang/Documents/UCL/Term3_Proj/Dataset/RETOUCH/RETOUCH/RETOUCH-TestSet-Cirrus/TEST008/oct.mhd,TEST008,66,Cirrus,test,-1,,True,RETOUCH,0,CNV,0.62251383,0.252105,0.22364601,-2.897336,1,7.7280145,True,55.20517,True,-7.266301,False,28.878828,True,True,True
/Users/yuhaowang/Documents/UCL/Term3_Proj/Dataset/RETOUCH/RETOUCH/RETOUCH-TestSet-Cirrus/TEST008/oct.mhd,TEST008,67,Cirrus,test,-1,,True,RETOUCH,3,NORMAL,0.82793105,0.29377455,0.11160438,-2.814703,1,11.603127,True,65.053665,True,-7.266301,False,35.941463,True,True,True
/Users/yuhaowang/Documents/UCL/Term3_Proj/Dataset/RETOUCH/RETOUCH/RETOUCH-TestSet-Cirrus/TEST008/oct.mhd,TEST008,68,Cirrus,test,-1,,True,RETOUCH,3,NORMAL,0.61505675,0.25243554,0.26462737,-3.357421,1,5.6673665,True,55.2833,True,-7.266301,False,27.631315,True,True,True
/Users/yuhaowang/Documents/UCL/Term3_Proj/Dataset/RETOUCH/RETOUCH/RETOUCH-TestSet-Cirrus/TEST009/oct.mhd,TEST009,60,Cirrus,test,-1,,True,RETOUCH,1,DME,0.9378152,0.08836889,0.51455975,-2.9934874,1,-2.156454,False,16.506573,True,-7.266301,False,3.316792,True,True,True
/Users/yuhaowang/Documents/UCL/Term3_Proj/Dataset/RETOUCH/RETOUCH/RETOUCH-TestSet-Cirrus/TEST009/oct.mhd,TEST009,61,Cirrus,test,-1,,True,RETOUCH,1,DME,0.97612584,0.019430399,0.45196864,-2.533214,1,0.62802935,True,0.2131412,True,-7.266301,False,-4.35375,False,True,True
/Users/yuhaowang/Documents/UCL/Term3_Proj/Dataset/RETOUCH/RETOUCH/RETOUCH-TestSet-Cirrus/TEST009/oct.mhd,TEST009,62,Cirrus,test,-1,,True,RETOUCH,1,DME,0.9982469,0.0015755184,0.53599083,-2.7486644,1,-2.507667,False,-4.006813,False,-7.266301,False,-8.125258,False,True,True
/Users/yuhaowang/Documents/UCL/Term3_Proj/Dataset/RETOUCH/RETOUCH/RETOUCH-TestSet-Cirrus/TEST009/oct.mhd,TEST009,63,Cirrus,test,-1,,True,RETOUCH,1,DME,0.943414,0.039696723,0.4891684,-2.7041585,1,-0.8733258,False,5.003034,True,-7.266301,False,-2.3863811,False,True,True
/Users/yuhaowang/Documents/UCL/Term3_Proj/Dataset/RETOUCH/RETOUCH/RETOUCH-TestSet-Cirrus/TEST009/oct.mhd,TEST009,64,Cirrus,test,-1,,True,RETOUCH,1,DME,0.5469392,0.08104062,0.3813911,-2.568104,1,2.9389482,True,14.774555,True,-7.266301,False,4.674374,True,True,True
/Users/yuhaowang/Documents/UCL/Term3_Proj/Dataset/RETOUCH/RETOUCH/RETOUCH-TestSet-Cirrus/TEST009/oct.mhd,TEST009,65,Cirrus,test,-1,,True,RETOUCH,0,CNV,0.90622854,0.13846222,0.30945995,-2.7150884,2,5.1274486,True,28.345997,True,5.519489,True,18.802732,True,True,True
/Users/yuhaowang/Documents/UCL/Term3_Proj/Dataset/RETOUCH/RETOUCH/RETOUCH-TestSet-Cirrus/TEST009/oct.mhd,TEST009,66,Cirrus,test,-1,,True,RETOUCH,0,CNV,0.85581964,0.09095222,0.34128264,-3.152934,2,3.4067369,True,17.117136,True,5.519489,True,11.304132,True,True,True
/Users/yuhaowang/Documents/UCL/Term3_Proj/Dataset/RETOUCH/RETOUCH/RETOUCH-TestSet-Cirrus/TEST009/oct.mhd,TEST009,67,Cirrus,test,-1,,True,RETOUCH,0,CNV,0.99731344,0.051440157,0.22710653,-2.8813977,1,7.6359982,True,7.778564,True,-7.266301,False,2.021865,True,True,True
/Users/yuhaowang/Documents/UCL/Term3_Proj/Dataset/RETOUCH/RETOUCH/RETOUCH-TestSet-Cirrus/TEST009/oct.mhd,TEST009,68,Cirrus,test,-1,,True,RETOUCH,0,CNV,0.96847576,0.06421049,0.27495393,-2.168923,3,7.100097,True,10.796799,True,18.305277,True,16.072832,True,True,True
/Users/yuhaowang/Documents/UCL/Term3_Proj/Dataset/RETOUCH/RETOUCH/RETOUCH-TestSet-Cirrus/TEST010/oct.mhd,TEST010,60,Cirrus,test,-1,,True,RETOUCH,1,DME,0.9999927,3.0045689e-05,0.73871654,-2.5277507,1,-8.964897,False,-4.3720818,False,-7.266301,False,-10.381195,False,False,True
/Users/yuhaowang/Documents/UCL/Term3_Proj/Dataset/RETOUCH/RETOUCH/RETOUCH-TestSet-Cirrus/TEST010/oct.mhd,TEST010,61,Cirrus,test,-1,,True,RETOUCH,1,DME,0.99997854,0.00026753254,0.6996337,-2.8897424,1,-8.1979885,False,-4.3159523,False,-7.266301,False,-10.509639,False,False,True
/Users/yuhaowang/Documents/UCL/Term3_Proj/Dataset/RETOUCH/RETOUCH/RETOUCH-TestSet-Cirrus/TEST010/oct.mhd,TEST010,62,Cirrus,test,-1,,True,RETOUCH,1,DME,0.9999082,0.00067710644,0.69233215,-2.710431,1,-7.685188,False,-4.2191505,False,-7.266301,False,-10.055485,False,False,True
/Users/yuhaowang/Documents/UCL/Term3_Proj/Dataset/RETOUCH/RETOUCH/RETOUCH-TestSet-Cirrus/TEST010/oct.mhd,TEST010,63,Cirrus,test,-1,,True,RETOUCH,1,DME,0.9999889,0.009906969,0.71403426,-2.2675843,1,-7.7491484,False,-2.0376966,False,-7.266301,False,-8.311405,False,False,True
/Users/yuhaowang/Documents/UCL/Term3_Proj/Dataset/RETOUCH/RETOUCH/RETOUCH-TestSet-Cirrus/TEST010/oct.mhd,TEST010,64,Cirrus,test,-1,,True,RETOUCH,1,DME,0.9923834,0.0319262,0.5556435,-2.8337333,1,-3.2929912,False,3.1664906,True,-7.266301,False,-4.4489913,False,True,True
/Users/yuhaowang/Documents/UCL/Term3_Proj/Dataset/RETOUCH/RETOUCH/RETOUCH-TestSet-Cirrus/TEST010/oct.mhd,TEST010,65,Cirrus,test,-1,,True,RETOUCH,1,DME,0.99812716,0.01182146,0.61716586,-2.9994051,1,-5.600842,False,-1.5852118,False,-7.266301,False,-8.164869,False,True,True
/Users/yuhaowang/Documents/UCL/Term3_Proj/Dataset/RETOUCH/RETOUCH/RETOUCH-TestSet-Cirrus/TEST010/oct.mhd,TEST010,66,Cirrus,test,-1,,True,RETOUCH,1,DME,0.9999937,0.00023175782,0.6983414,-2.4773095,1,-7.537547,False,-4.3244076,False,-7.266301,False,-9.781912,False,False,True
/Users/yuhaowang/Documents/UCL/Term3_Proj/Dataset/RETOUCH/RETOUCH/RETOUCH-TestSet-Cirrus/TEST010/oct.mhd,TEST010,67,Cirrus,test,-1,,True,RETOUCH,1,DME,0.99998343,0.0010843396,0.698842,-2.7026389,1,-7.8914948,False,-4.122902,False,-7.266301,False,-10.065598,False,False,True
/Users/yuhaowang/Documents/UCL/Term3_Proj/Dataset/RETOUCH/RETOUCH/RETOUCH-TestSet-Cirrus/TEST010/oct.mhd,TEST010,68,Cirrus,test,-1,,True,RETOUCH,1,DME,0.9997265,0.027187388,0.6731148,-2.7114944,1,-7.0433292,False,2.0464854,True,-7.266301,False,-6.280366,False,True,True
/Users/yuhaowang/Documents/UCL/Term3_Proj/Dataset/RETOUCH/RETOUCH/RETOUCH-TestSet-Cirrus/TEST011/oct.mhd,TEST011,60,Cirrus,test,-1,,True,RETOUCH,0,CNV,1.0,4.6970763e-07,0.6492445,-4.18649,1,-8.4513,False,-4.3790717,False,-7.266301,False,-12.194914,False,False,True
/Users/yuhaowang/Documents/UCL/Term3_Proj/Dataset/RETOUCH/RETOUCH/RETOUCH-TestSet-Cirrus/TEST011/oct.mhd,TEST011,61,Cirrus,test,-1,,True,RETOUCH,0,CNV,1.0,1.9473482e-05,0.65322906,-4.326217,1,-8.793804,False,-4.3745804,False,-7.266301,False,-12.4831085,False,False,True
/Users/yuhaowang/Documents/UCL/Term3_Proj/Dataset/RETOUCH/RETOUCH/RETOUCH-TestSet-Cirrus/TEST011/oct.mhd,TEST011,62,Cirrus,test,-1,,True,RETOUCH,0,CNV,0.99989784,0.00074137375,0.37979072,-3.9062665,1,0.9900789,True,-4.203961,False,-7.266301,False,-8.37448,False,False,True
/Users/yuhaowang/Documents/UCL/Term3_Proj/Dataset/RETOUCH/RETOUCH/RETOUCH-TestSet-Cirrus/TEST011/oct.mhd,TEST011,63,Cirrus,test,-1,,True,RETOUCH,0,CNV,1.0,6.0332386e-06,0.74924296,-4.0082564,1,-11.532808,False,-4.377757,False,-7.266301,False,-13.084564,False,False,True
/Users/yuhaowang/Documents/UCL/Term3_Proj/Dataset/RETOUCH/RETOUCH/RETOUCH-TestSet-Cirrus/TEST011/oct.mhd,TEST011,64,Cirrus,test,-1,,True,RETOUCH,0,CNV,1.0,6.011167e-06,0.6652432,-3.6733873,1,-8.219163,False,-4.377762,False,-7.266301,False,-11.494186,False,False,True
/Users/yuhaowang/Documents/UCL/Term3_Proj/Dataset/RETOUCH/RETOUCH/RETOUCH-TestSet-Cirrus/TEST011/oct.mhd,TEST011,65,Cirrus,test,-1,,True,RETOUCH,0,CNV,1.0,4.131609e-05,0.6981525,-3.7073438,1,-9.371868,False,-4.3694177,False,-7.266301,False,-11.943495,False,False,True
/Users/yuhaowang/Documents/UCL/Term3_Proj/Dataset/RETOUCH/RETOUCH/RETOUCH-TestSet-Cirrus/TEST011/oct.mhd,TEST011,66,Cirrus,test,-1,,True,RETOUCH,0,CNV,1.0,1.7745828e-05,0.4753513,-4.193497,1,-2.639367,False,-4.3749886,False,-7.266301,False,-10.117603,False,False,True
/Users/yuhaowang/Documents/UCL/Term3_Proj/Dataset/RETOUCH/RETOUCH/RETOUCH-TestSet-Cirrus/TEST011/oct.mhd,TEST011,67,Cirrus,test,-1,,True,RETOUCH,0,CNV,1.0,4.2569127e-07,0.77538925,-3.9953108,1,-12.3888855,False,-4.379082,False,-7.266301,False,-13.376633,False,False,True
/Users/yuhaowang/Documents/UCL/Term3_Proj/Dataset/RETOUCH/RETOUCH/RETOUCH-TestSet-Cirrus/TEST011/oct.mhd,TEST011,68,Cirrus,test,-1,,True,RETOUCH,0,CNV,1.0,1.8611587e-07,0.7875824,-4.3821774,1,-13.3760605,False,-4.379139,False,-7.266301,False,-14.19557,False,False,True
/Users/yuhaowang/Documents/UCL/Term3_Proj/Dataset/RETOUCH/RETOUCH/RETOUCH-TestSet-Cirrus/TEST012/oct.mhd,TEST012,60,Cirrus,test,-1,,True,RETOUCH,0,CNV,1.0,1.0746755e-09,0.83958274,-4.6271615,1,-15.483774,False,-4.379183,False,-7.266301,False,-15.245634,False,False,True
/Users/yuhaowang/Documents/UCL/Term3_Proj/Dataset/RETOUCH/RETOUCH/RETOUCH-TestSet-Cirrus/TEST012/oct.mhd,TEST012,61,Cirrus,test,-1,,True,RETOUCH,0,CNV,1.0,4.243951e-09,0.85226536,-4.5111256,1,-15.734783,False,-4.379182,False,-7.266301,False,-15.196135,False,False,True
/Users/yuhaowang/Documents/UCL/Term3_Proj/Dataset/RETOUCH/RETOUCH/RETOUCH-TestSet-Cirrus/TEST012/oct.mhd,TEST012,62,Cirrus,test,-1,,True,RETOUCH,0,CNV,1.0,2.8282955e-08,0.83710754,-4.505733,1,-15.219189,False,-4.379176,False,-7.266301,False,-15.004824,False,False,True
/Users/yuhaowang/Documents/UCL/Term3_Proj/Dataset/RETOUCH/RETOUCH/RETOUCH-TestSet-Cirrus/TEST012/oct.mhd,TEST012,63,Cirrus,test,-1,,True,RETOUCH,0,CNV,1.0,5.850444e-08,0.6904721,-4.0704217,1,-9.658026,False,-4.379169,False,-7.266301,False,-12.488028,False,False,True
/Users/yuhaowang/Documents/UCL/Term3_Proj/Dataset/RETOUCH/RETOUCH/RETOUCH-TestSet-Cirrus/TEST012/oct.mhd,TEST012,64,Cirrus,test,-1,,True,RETOUCH,0,CNV,1.0,1.5098667e-10,0.77914584,-3.7060428,1,-12.0818,False,-4.379183,False,-7.266301,False,-12.918896,False,False,True
/Users/yuhaowang/Documents/UCL/Term3_Proj/Dataset/RETOUCH/RETOUCH/RETOUCH-TestSet-Cirrus/TEST012/oct.mhd,TEST012,65,Cirrus,test,-1,,True,RETOUCH,0,CNV,1.0,5.2742507e-06,0.5619294,-4.0490966,1,-5.3221536,False,-4.3779364,False,-7.266301,False,-10.907404,False,False,True
/Users/yuhaowang/Documents/UCL/Term3_Proj/Dataset/RETOUCH/RETOUCH/RETOUCH-TestSet-Cirrus/TEST012/oct.mhd,TEST012,66,Cirrus,test,-1,,True,RETOUCH,0,CNV,0.9999988,0.00013513019,0.43475989,-3.5417566,1,-0.30497837,False,-4.347245,False,-7.266301,False,-8.481667,False,False,True
/Users/yuhaowang/Documents/UCL/Term3_Proj/Dataset/RETOUCH/RETOUCH/RETOUCH-TestSet-Cirrus/TEST012/oct.mhd,TEST012,67,Cirrus,test,-1,,True,RETOUCH,0,CNV,1.0,6.2893832e-06,0.6060166,-4.005512,1,-6.733093,False,-4.3776965,False,-7.266301,False,-11.360661,False,False,True
/Users/yuhaowang/Documents/UCL/Term3_Proj/Dataset/RETOUCH/RETOUCH/RETOUCH-TestSet-Cirrus/TEST012/oct.mhd,TEST012,68,Cirrus,test,-1,,True,RETOUCH,0,CNV,1.0,0.0022766567,0.6414249,-5.0335383,1,-9.457019,False,-3.841101,False,-7.266301,False,-13.269136,False,False,True
/Users/yuhaowang/Documents/UCL/Term3_Proj/Dataset/RETOUCH/RETOUCH/RETOUCH-TestSet-Cirrus/TEST013/oct.mhd,TEST013,60,Cirrus,test,-1,,True,RETOUCH,1,DME,0.713782,0.108933866,0.4094186,-2.72113,2,1.7715197,True,21.367052,True,5.519489,True,13.64242,True,True,True
/Users/yuhaowang/Documents/UCL/Term3_Proj/Dataset/RETOUCH/RETOUCH/RETOUCH-TestSet-Cirrus/TEST013/oct.mhd,TEST013,61,Cirrus,test,-1,,True,RETOUCH,0,CNV,0.57292604,0.14265347,0.39169466,-2.5097795,1,2.681234,True,29.336588,True,-7.266301,False,12.894112,True,True,True
/Users/yuhaowang/Documents/UCL/Term3_Proj/Dataset/RETOUCH/RETOUCH/RETOUCH-TestSet-Cirrus/TEST013/oct.mhd,TEST013,62,Cirrus,test,-1,,True,RETOUCH,1,DME,0.9851732,0.029307976,0.52906084,-2.1335528,1,-1.3551669,False,2.5476804,True,-7.266301,False,-3.2629302,False,True,True
/Users/yuhaowang/Documents/UCL/Term3_Proj/Dataset/RETOUCH/RETOUCH/RETOUCH-TestSet-Cirrus/TEST013/oct.mhd,TEST013,63,Cirrus,test,-1,,True,RETOUCH,1,DME,0.74339753,0.04281068,0.38806206,-2.7230554,2,2.4837136,True,5.7390094,True,5.519489,True,5.0500436,True,True,True
/Users/yuhaowang/Documents/UCL/Term3_Proj/Dataset/RETOUCH/RETOUCH/RETOUCH-TestSet-Cirrus/TEST013/oct.mhd,TEST013,64,Cirrus,test,-1,,True,RETOUCH,1,DME,0.9080642,0.043116957,0.473875,-2.012586,2,0.6736231,True,5.811397,True,5.519489,True,5.2961593,True,True,True
/Users/yuhaowang/Documents/UCL/Term3_Proj/Dataset/RETOUCH/RETOUCH/RETOUCH-TestSet-Cirrus/TEST013/oct.mhd,TEST013,65,Cirrus,test,-1,,True,RETOUCH,1,DME,0.9309663,0.07469645,0.48451722,-2.6861982,1,-0.69071436,False,13.275127,True,-7.266301,False,2.382617,True,True,True
/Users/yuhaowang/Documents/UCL/Term3_Proj/Dataset/RETOUCH/RETOUCH/RETOUCH-TestSet-Cirrus/TEST013/oct.mhd,TEST013,66,Cirrus,test,-1,,True,RETOUCH,1,DME,0.7645396,0.082736224,0.45022553,-2.6587064,2,0.49860382,True,15.175308,True,5.519489,True,9.756666,True,True,True
/Users/yuhaowang/Documents/UCL/Term3_Proj/Dataset/RETOUCH/RETOUCH/RETOUCH-TestSet-Cirrus/TEST013/oct.mhd,TEST013,67,Cirrus,test,-1,,True,RETOUCH,1,DME,0.60815406,0.14617705,0.4088717,-2.7812104,2,1.6999254,True,30.169382,True,5.519489,True,18.526594,True,True,True
/Users/yuhaowang/Documents/UCL/Term3_Proj/Dataset/RETOUCH/RETOUCH/RETOUCH-TestSet-Cirrus/TEST013/oct.mhd,TEST013,68,Cirrus,test,-1,,True,RETOUCH,1,DME,0.9998841,0.0009275675,0.6297703,-2.6459239,1,-5.493916,False,-4.1599545,False,-7.266301,False,-9.158928,False,False,True
/Users/yuhaowang/Documents/UCL/Term3_Proj/Dataset/RETOUCH/RETOUCH/RETOUCH-TestSet-Cirrus/TEST014/oct.mhd,TEST014,60,Cirrus,test,-1,,True,RETOUCH,0,CNV,0.9999999,1.0446285e-05,0.38046426,-3.8842263,1,1.0005088,True,-4.3767138,False,-7.266301,False,-8.442026,False,False,True
/Users/yuhaowang/Documents/UCL/Term3_Proj/Dataset/RETOUCH/RETOUCH/RETOUCH-TestSet-Cirrus/TEST014/oct.mhd,TEST014,61,Cirrus,test,-1,,True,RETOUCH,0,CNV,1.0,1.8600522e-06,0.5099855,-4.184834,1,-3.7860513,False,-4.378743,False,-7.266301,False,-10.5203705,False,False,True
/Users/yuhaowang/Documents/UCL/Term3_Proj/Dataset/RETOUCH/RETOUCH/RETOUCH-TestSet-Cirrus/TEST014/oct.mhd,TEST014,62,Cirrus,test,-1,,True,RETOUCH,0,CNV,1.0,1.2180881e-06,0.55918235,-3.7315109,1,-4.754934,False,-4.378895,False,-7.266301,False,-10.322861,False,False,True
/Users/yuhaowang/Documents/UCL/Term3_Proj/Dataset/RETOUCH/RETOUCH/RETOUCH-TestSet-Cirrus/TEST014/oct.mhd,TEST014,63,Cirrus,test,-1,,True,RETOUCH,0,CNV,1.0,1.1600328e-08,0.6514527,-4.205037,1,-8.552992,False,-4.37918,False,-7.266301,False,-12.253723,False,False,True
/Users/yuhaowang/Documents/UCL/Term3_Proj/Dataset/RETOUCH/RETOUCH/RETOUCH-TestSet-Cirrus/TEST014/oct.mhd,TEST014,64,Cirrus,test,-1,,True,RETOUCH,0,CNV,1.0,1.0469621e-06,0.4366921,-3.3375669,1,-0.06412029,False,-4.3789353,False,-7.266301,False,-8.167816,False,False,True
/Users/yuhaowang/Documents/UCL/Term3_Proj/Dataset/RETOUCH/RETOUCH/RETOUCH-TestSet-Cirrus/TEST014/oct.mhd,TEST014,65,Cirrus,test,-1,,True,RETOUCH,0,CNV,1.0,2.7396345e-07,0.48875332,-3.928793,1,-2.6919942,False,-4.379118,False,-7.266301,False,-9.820621,False,False,True
/Users/yuhaowang/Documents/UCL/Term3_Proj/Dataset/RETOUCH/RETOUCH/RETOUCH-TestSet-Cirrus/TEST014/oct.mhd,TEST014,66,Cirrus,test,-1,,True,RETOUCH,0,CNV,1.0,3.9638204e-10,0.77472514,-4.0977616,1,-12.519959,False,-4.379183,False,-7.266301,False,-13.546827,False,False,True
/Users/yuhaowang/Documents/UCL/Term3_Proj/Dataset/RETOUCH/RETOUCH/RETOUCH-TestSet-Cirrus/TEST014/oct.mhd,TEST014,67,Cirrus,test,-1,,True,RETOUCH,0,CNV,1.0,1.9413546e-06,0.5399402,-3.9436657,1,-4.428126,False,-4.378724,False,-7.266301,False,-10.460632,False,False,True
/Users/yuhaowang/Documents/UCL/Term3_Proj/Dataset/RETOUCH/RETOUCH/RETOUCH-TestSet-Cirrus/TEST014/oct.mhd,TEST014,68,Cirrus,test,-1,,True,RETOUCH,0,CNV,1.0,1.582338e-06,0.6060196,-3.6447148,1,-6.19329,False,-4.378809,False,-7.266301,False,-10.734093,False,False,True
/Users/yuhaowang/Documents/UCL/Term3_Proj/Dataset/RETOUCH/RETOUCH/RETOUCH-TestSet-Spectralis/TEST015/oct.mhd,TEST015,20,Spectralis,test,-1,,True,RETOUCH,0,CNV,0.99908817,0.0028567333,0.07637795,-1.6131024,2,14.580704,True,-3.7040014,False,5.519489,True,5.37602,True,True,True
/Users/yuhaowang/Documents/UCL/Term3_Proj/Dataset/RETOUCH/RETOUCH/RETOUCH-TestSet-Spectralis/TEST015/oct.mhd,TEST015,21,Spectralis,test,-1,,True,RETOUCH,0,CNV,0.999694,0.0036194324,0.13882586,-1.6584828,1,12.421869,True,-3.5237393,False,-7.266301,False,-1.1895616,False,True,True
/Users/yuhaowang/Documents/UCL/Term3_Proj/Dataset/RETOUCH/RETOUCH/RETOUCH-TestSet-Spectralis/TEST015/oct.mhd,TEST015,22,Spectralis,test,-1,,True,RETOUCH,0,CNV,0.9998442,0.007996229,0.32164016,-2.244505,1,5.4238124,True,-2.489295,False,-7.266301,False,-3.817111,False,False,True
/Users/yuhaowang/Documents/UCL/Term3_Proj/Dataset/RETOUCH/RETOUCH/RETOUCH-TestSet-Spectralis/TEST015/oct.mhd,TEST015,23,Spectralis,test,-1,,True,RETOUCH,0,CNV,0.9994165,0.0049125534,0.09009645,-1.7255014,1,13.953171,True,-3.2181137,False,-7.266301,False,-0.5482068,False,True,True
/Users/yuhaowang/Documents/UCL/Term3_Proj/Dataset/RETOUCH/RETOUCH/RETOUCH-TestSet-Spectralis/TEST015/oct.mhd,TEST015,24,Spectralis,test,-1,,True,RETOUCH,0,CNV,0.99920505,0.014113776,0.18892564,-1.8382893,1,10.475325,True,-1.0434288,False,-7.266301,False,-0.69964075,False,True,True
/Users/yuhaowang/Documents/UCL/Term3_Proj/Dataset/RETOUCH/RETOUCH/RETOUCH-TestSet-Spectralis/TEST015/oct.mhd,TEST015,25,Spectralis,test,-1,,True,RETOUCH,0,CNV,0.99105775,0.037008636,0.17811535,-1.2847688,2,11.665583,True,4.367711,True,5.519489,True,9.294231,True,True,True
/Users/yuhaowang/Documents/UCL/Term3_Proj/Dataset/RETOUCH/RETOUCH/RETOUCH-TestSet-Spectralis/TEST015/oct.mhd,TEST015,26,Spectralis,test,-1,,True,RETOUCH,0,CNV,0.9999765,0.0010678447,0.45529085,-2.9198349,1,-0.061754227,False,-4.1268005,False,-7.266301,False,-7.522131,False,False,True
/Users/yuhaowang/Documents/UCL/Term3_Proj/Dataset/RETOUCH/RETOUCH/RETOUCH-TestSet-Spectralis/TEST015/oct.mhd,TEST015,27,Spectralis,test,-1,,True,RETOUCH,0,CNV,0.89731646,0.054696202,0.19475384,-1.8434234,3,10.272499,True,8.548122,True,18.305277,True,16.32858,True,True,True
/Users/yuhaowang/Documents/UCL/Term3_Proj/Dataset/RETOUCH/RETOUCH/RETOUCH-TestSet-Spectralis/TEST015/oct.mhd,TEST015,28,Spectralis,test,-1,,True,RETOUCH,0,CNV,0.9994636,0.0028793719,0.19600695,-1.1475341,1,11.271883,True,-3.6986508,False,-7.266301,False,-1.086617,False,True,True
/Users/yuhaowang/Documents/UCL/Term3_Proj/Dataset/RETOUCH/RETOUCH/RETOUCH-TestSet-Spectralis/TEST016/oct.mhd,TEST016,20,Spectralis,test,-1,,True,RETOUCH,0,CNV,1.0,5.9219474e-08,0.786124,-1.1755722,1,-8.528801,False,-4.379169,False,-7.266301,False,-8.603502,False,False,True
/Users/yuhaowang/Documents/UCL/Term3_Proj/Dataset/RETOUCH/RETOUCH/RETOUCH-TestSet-Spectralis/TEST016/oct.mhd,TEST016,21,Spectralis,test,-1,,True,RETOUCH,0,CNV,1.0,3.883795e-05,0.61066693,-0.87721044,1,-2.2075455,False,-4.3700037,False,-7.266301,False,-5.9736714,False,False,True
/Users/yuhaowang/Documents/UCL/Term3_Proj/Dataset/RETOUCH/RETOUCH/RETOUCH-TestSet-Spectralis/TEST016/oct.mhd,TEST016,22,Spectralis,test,-1,,True,RETOUCH,0,CNV,0.9999995,7.174679e-05,0.44669515,-1.3687025,1,2.5471988,True,-4.3622255,False,-7.266301,False,-4.855615,False,False,True
/Users/yuhaowang/Documents/UCL/Term3_Proj/Dataset/RETOUCH/RETOUCH/RETOUCH-TestSet-Spectralis/TEST016/oct.mhd,TEST016,23,Spectralis,test,-1,,True,RETOUCH,0,CNV,1.0,1.8558829e-05,0.6566613,-1.3435687,1,-4.4454293,False,-4.3747964,False,-7.266301,False,-7.3391876,False,False,True
/Users/yuhaowang/Documents/UCL/Term3_Proj/Dataset/RETOUCH/RETOUCH/RETOUCH-TestSet-Spectralis/TEST016/oct.mhd,TEST016,24,Spectralis,test,-1,,True,RETOUCH,0,CNV,0.9749274,0.11771196,0.22912344,-1.4204545,2,9.754652,True,23.44173,True,5.519489,True,19.24188,True,True,True
/Users/yuhaowang/Documents/UCL/Term3_Proj/Dataset/RETOUCH/RETOUCH/RETOUCH-TestSet-Spectralis/TEST016/oct.mhd,TEST016,25,Spectralis,test,-1,,True,RETOUCH,0,CNV,0.968195,0.054280773,0.22539599,-1.3278925,2,10.017967,True,8.449936,True,5.519489,True,10.96228,True,True,True
/Users/yuhaowang/Documents/UCL/Term3_Proj/Dataset/RETOUCH/RETOUCH/RETOUCH-TestSet-Spectralis/TEST016/oct.mhd,TEST016,26,Spectralis,test,-1,,True,RETOUCH,0,CNV,0.9999993,0.00046276662,0.6246885,-1.2665006,1,-3.2595677,False,-4.2698092,False,-7.266301,False,-6.762027,False,False,True
/Users/yuhaowang/Documents/UCL/Term3_Proj/Dataset/RETOUCH/RETOUCH/RETOUCH-TestSet-Spectralis/TEST016/oct.mhd,TEST016,27,Spectralis,test,-1,,True,RETOUCH,0,CNV,1.0,7.709871e-05,0.7442203,-0.70032364,1,-6.41458,False,-4.360961,False,-7.266301,False,-7.264037,False,False,True
/Users/yuhaowang/Documents/UCL/Term3_Proj/Dataset/RETOUCH/RETOUCH/RETOUCH-TestSet-Spectralis/TEST016/oct.mhd,TEST016,28,Spectralis,test,-1,,True,RETOUCH,0,CNV,1.0,0.00018229423,0.7335961,-0.75323164,1,-6.1380243,False,-4.3360977,False,-7.266301,False,-7.2144246,False,False,True
/Users/yuhaowang/Documents/UCL/Term3_Proj/Dataset/RETOUCH/RETOUCH/RETOUCH-TestSet-Spectralis/TEST017/oct.mhd,TEST017,20,Spectralis,test,-1,,True,RETOUCH,2,DRUSEN,0.9993636,0.0050717797,0.6192202,0.07671274,1,-1.066462,False,-3.180481,False,-7.266301,False,-3.7447069,False,True,True
/Users/yuhaowang/Documents/UCL/Term3_Proj/Dataset/RETOUCH/RETOUCH/RETOUCH-TestSet-Spectralis/TEST017/oct.mhd,TEST017,21,Spectralis,test,-1,,True,RETOUCH,2,DRUSEN,0.99999285,0.00146743,0.7097477,0.13839507,1,-4.005266,False,-4.0323596,False,-7.266301,False,-5.206202,False,False,True
/Users/yuhaowang/Documents/UCL/Term3_Proj/Dataset/RETOUCH/RETOUCH/RETOUCH-TestSet-Spectralis/TEST017/oct.mhd,TEST017,22,Spectralis,test,-1,,True,RETOUCH,2,DRUSEN,0.6756829,0.0677014,0.42770734,-0.1493771,1,5.007585,True,11.621866,True,-7.266301,False,6.5389333,True,True,True
/Users/yuhaowang/Documents/UCL/Term3_Proj/Dataset/RETOUCH/RETOUCH/RETOUCH-TestSet-Spectralis/TEST017/oct.mhd,TEST017,23,Spectralis,test,-1,,True,RETOUCH,0,CNV,0.9998154,0.009632224,0.5136246,-0.46985453,1,1.6512718,True,-2.1026318,False,-7.266301,False,-2.8174136,False,False,True
/Users/yuhaowang/Documents/UCL/Term3_Proj/Dataset/RETOUCH/RETOUCH/RETOUCH-TestSet-Spectralis/TEST017/oct.mhd,TEST017,24,Spectralis,test,-1,,True,RETOUCH,0,CNV,0.9998535,0.0057443976,0.35018122,0.31451696,1,8.297552,True,-3.0215094,False,-7.266301,False,-0.012132168,False,False,True
/Users/yuhaowang/Documents/UCL/Term3_Proj/Dataset/RETOUCH/RETOUCH/RETOUCH-TestSet-Spectralis/TEST017/oct.mhd,TEST017,25,Spectralis,test,-1,,True,RETOUCH,0,CNV,0.9999889,4.8614223e-05,0.3039277,-0.115652144,1,9.202532,True,-4.367693,False,-7.266301,False,-0.966733,False,False,True
/Users/yuhaowang/Documents/UCL/Term3_Proj/Dataset/RETOUCH/RETOUCH/RETOUCH-TestSet-Spectralis/TEST017/oct.mhd,TEST017,26,Spectralis,test,-1,,True,RETOUCH,0,CNV,0.99995756,0.00024071266,0.641893,-0.17365365,1,-2.2002635,False,-4.322291,False,-7.266301,False,-5.0983515,False,False,True
/Users/yuhaowang/Documents/UCL/Term3_Proj/Dataset/RETOUCH/RETOUCH/RETOUCH-TestSet-Spectralis/TEST017/oct.mhd,TEST017,27,Spectralis,test,-1,,True,RETOUCH,0,CNV,0.9998721,0.0041974913,0.55665237,0.117285214,1,1.0891933,True,-3.3871167,False,-7.266301,False,-3.0401468,False,False,True
/Users/yuhaowang/Documents/UCL/Term3_Proj/Dataset/RETOUCH/RETOUCH/RETOUCH-TestSet-Spectralis/TEST017/oct.mhd,TEST017,28,Spectralis,test,-1,,True,RETOUCH,0,CNV,1.0,0.00010582301,0.7751862,-0.04212251,1,-6.466456,False,-4.3541718,False,-7.266301,False,-6.487606,False,False,True
/Users/yuhaowang/Documents/UCL/Term3_Proj/Dataset/RETOUCH/RETOUCH/RETOUCH-TestSet-Spectralis/TEST018/oct.mhd,TEST018,20,Spectralis,test,-1,,True,RETOUCH,1,DME,0.99999917,1.460714e-06,0.7914933,0.4196029,1,-6.3215275,False,-4.3788376,False,-7.266301,False,-5.8946004,False,False,True
/Users/yuhaowang/Documents/UCL/Term3_Proj/Dataset/RETOUCH/RETOUCH/RETOUCH-TestSet-Spectralis/TEST018/oct.mhd,TEST018,21,Spectralis,test,-1,,True,RETOUCH,1,DME,0.9999831,2.3450062e-05,0.7216321,0.45912465,1,-3.9232438,False,-4.3736405,False,-7.266301,False,-4.9844317,False,False,True
/Users/yuhaowang/Documents/UCL/Term3_Proj/Dataset/RETOUCH/RETOUCH/RETOUCH-TestSet-Spectralis/TEST018/oct.mhd,TEST018,22,Spectralis,test,-1,,True,RETOUCH,1,DME,0.9999614,7.394422e-05,0.6978237,0.23612282,1,-3.4597774,False,-4.3617063,False,-7.266301,False,-5.079594,False,False,True
/Users/yuhaowang/Documents/UCL/Term3_Proj/Dataset/RETOUCH/RETOUCH/RETOUCH-TestSet-Spectralis/TEST018/oct.mhd,TEST018,23,Spectralis,test,-1,,True,RETOUCH,1,DME,0.999943,6.9757574e-05,0.65792614,0.22055885,1,-2.1471884,False,-4.3626957,False,-7.266301,False,-4.628335,False,False,True
/Users/yuhaowang/Documents/UCL/Term3_Proj/Dataset/RETOUCH/RETOUCH/RETOUCH-TestSet-Spectralis/TEST018/oct.mhd,TEST018,24,Spectralis,test,-1,,True,RETOUCH,1,DME,0.9999702,0.00013200787,0.7058264,0.33175775,1,-3.5846195,False,-4.3479834,False,-7.266301,False,-5.001622,False,False,True
/Users/yuhaowang/Documents/UCL/Term3_Proj/Dataset/RETOUCH/RETOUCH/RETOUCH-TestSet-Spectralis/TEST018/oct.mhd,TEST018,25,Spectralis,test,-1,,True,RETOUCH,1,DME,0.99956447,0.0017027874,0.6260021,0.30763403,1,-0.9479823,False,-3.9767334,False,-7.266301,False,-3.8753316,False,True,True
/Users/yuhaowang/Documents/UCL/Term3_Proj/Dataset/RETOUCH/RETOUCH/RETOUCH-TestSet-Spectralis/TEST018/oct.mhd,TEST018,26,Spectralis,test,-1,,True,RETOUCH,1,DME,0.99989116,0.00028614,0.63380533,0.17668775,1,-1.4052076,False,-4.3115544,False,-7.266301,False,-4.3861437,False,False,True
/Users/yuhaowang/Documents/UCL/Term3_Proj/Dataset/RETOUCH/RETOUCH/RETOUCH-TestSet-Spectralis/TEST018/oct.mhd,TEST018,27,Spectralis,test,-1,,True,RETOUCH,1,DME,0.9999926,2.8824725e-05,0.74535197,0.17637707,1,-5.1405582,False,-4.3723702,False,-7.266301,False,-5.759961,False,False,True
/Users/yuhaowang/Documents/UCL/Term3_Proj/Dataset/RETOUCH/RETOUCH/RETOUCH-TestSet-Spectralis/TEST018/oct.mhd,TEST018,28,Spectralis,test,-1,,True,RETOUCH,1,DME,0.999998,3.8202998e-06,0.7388296,0.09518243,1,-5.043673,False,-4.3782797,False,-7.266301,False,-5.8261747,False,False,True
/Users/yuhaowang/Documents/UCL/Term3_Proj/Dataset/RETOUCH/RETOUCH/RETOUCH-TestSet-Spectralis/TEST019/oct.mhd,TEST019,20,Spectralis,test,-1,,True,RETOUCH,1,DME,0.99999833,8.202053e-05,0.7554224,-0.26836675,1,-6.1432676,False,-4.3597975,False,-7.266301,False,-6.6468906,False,False,True
/Users/yuhaowang/Documents/UCL/Term3_Proj/Dataset/RETOUCH/RETOUCH/RETOUCH-TestSet-Spectralis/TEST019/oct.mhd,TEST019,21,Spectralis,test,-1,,True,RETOUCH,1,DME,0.9999999,7.5850003e-06,0.7946138,-0.45443526,1,-7.733938,False,-4.37739,False,-7.266301,False,-7.4507227,False,False,True
/Users/yuhaowang/Documents/UCL/Term3_Proj/Dataset/RETOUCH/RETOUCH/RETOUCH-TestSet-Spectralis/TEST019/oct.mhd,TEST019,22,Spectralis,test,-1,,True,RETOUCH,1,DME,0.9999938,2.1811633e-05,0.7157347,-0.31914946,1,-4.8904076,False,-4.3740277,False,-7.266301,False,-6.266871,False,False,True
/Users/yuhaowang/Documents/UCL/Term3_Proj/Dataset/RETOUCH/RETOUCH/RETOUCH-TestSet-Spectralis/TEST019/oct.mhd,TEST019,23,Spectralis,test,-1,,True,RETOUCH,1,DME,0.99999905,8.959847e-06,0.7381775,-0.67476,1,-6.173995,False,-4.377065,False,-7.266301,False,-7.1561804,False,False,True
/Users/yuhaowang/Documents/UCL/Term3_Proj/Dataset/RETOUCH/RETOUCH/RETOUCH-TestSet-Spectralis/TEST019/oct.mhd,TEST019,24,Spectralis,test,-1,,True,RETOUCH,1,DME,0.99999726,4.934591e-06,0.7152106,-0.524873,1,-5.180708,False,-4.3780165,False,-7.266301,False,-6.6204815,False,False,True
/Users/yuhaowang/Documents/UCL/Term3_Proj/Dataset/RETOUCH/RETOUCH/RETOUCH-TestSet-Spectralis/TEST019/oct.mhd,TEST019,25,Spectralis,test,-1,,True,RETOUCH,1,DME,0.99999833,1.0212454e-05,0.7694503,-0.04638659,1,-6.280784,False,-4.376769,False,-7.266301,False,-6.438963,False,False,True
/Users/yuhaowang/Documents/UCL/Term3_Proj/Dataset/RETOUCH/RETOUCH/RETOUCH-TestSet-Spectralis/TEST019/oct.mhd,TEST019,26,Spectralis,test,-1,,True,RETOUCH,1,DME,0.9999567,0.00022403477,0.67734355,-0.65587986,1,-4.1088567,False,-4.326233,False,-7.266301,False,-6.364418,False,False,True
/Users/yuhaowang/Documents/UCL/Term3_Proj/Dataset/RETOUCH/RETOUCH/RETOUCH-TestSet-Spectralis/TEST019/oct.mhd,TEST019,27,Spectralis,test,-1,,True,RETOUCH,1,DME,0.9999931,8.482544e-06,0.75119835,-0.26141533,1,-5.991432,False,-4.377178,False,-7.266301,False,-6.5939426,False,False,True
/Users/yuhaowang/Documents/UCL/Term3_Proj/Dataset/RETOUCH/RETOUCH/RETOUCH-TestSet-Spectralis/TEST019/oct.mhd,TEST019,28,Spectralis,test,-1,,True,RETOUCH,1,DME,0.9999964,2.9026414e-05,0.7402393,-0.6611361,1,-6.2226443,False,-4.3723226,False,-7.266301,False,-7.154559,False,False,True
/Users/yuhaowang/Documents/UCL/Term3_Proj/Dataset/RETOUCH/RETOUCH/RETOUCH-TestSet-Spectralis/TEST020/oct.mhd,TEST020,20,Spectralis,test,-1,,True,RETOUCH,1,DME,0.99997187,9.7251905e-05,0.68397874,-0.9510196,1,-4.7726736,False,-4.3561974,False,-7.266301,False,-6.9741087,False,False,True
/Users/yuhaowang/Documents/UCL/Term3_Proj/Dataset/RETOUCH/RETOUCH/RETOUCH-TestSet-Spectralis/TEST020/oct.mhd,TEST020,21,Spectralis,test,-1,,True,RETOUCH,1,DME,0.99991965,0.00023894664,0.6465973,-0.8528177,1,-3.3740911,False,-4.3227086,False,-7.266301,False,-6.3357573,False,False,True
/Users/yuhaowang/Documents/UCL/Term3_Proj/Dataset/RETOUCH/RETOUCH/RETOUCH-TestSet-Spectralis/TEST020/oct.mhd,TEST020,22,Spectralis,test,-1,,True,RETOUCH,1,DME,0.9999672,1.4179561e-05,0.64124304,-0.6547761,1,-2.8984616,False,-4.3758316,False,-7.266301,False,-5.9572697,False,False,True
/Users/yuhaowang/Documents/UCL/Term3_Proj/Dataset/RETOUCH/RETOUCH/RETOUCH-TestSet-Spectralis/TEST020/oct.mhd,TEST020,23,Spectralis,test,-1,,True,RETOUCH,1,DME,1.0,3.952642e-06,0.7542805,-0.55719686,1,-6.537245,False,-4.3782487,False,-7.266301,False,-7.1457496,False,False,True
/Users/yuhaowang/Documents/UCL/Term3_Proj/Dataset/RETOUCH/RETOUCH/RETOUCH-TestSet-Spectralis/TEST020/oct.mhd,TEST020,24,Spectralis,test,-1,,True,RETOUCH,1,DME,0.9997824,0.00033582305,0.6472286,-0.38154736,1,-2.6900096,False,-4.299812,False,-7.266301,False,-5.5110865,False,True,True
/Users/yuhaowang/Documents/UCL/Term3_Proj/Dataset/RETOUCH/RETOUCH/RETOUCH-TestSet-Spectralis/TEST020/oct.mhd,TEST020,25,Spectralis,test,-1,,True,RETOUCH,1,DME,0.99953055,0.00038538454,0.6071127,-0.5498064,1,-1.5986059,False,-4.2880983,False,-7.266301,False,-5.3154716,False,True,True
/Users/yuhaowang/Documents/UCL/Term3_Proj/Dataset/RETOUCH/RETOUCH/RETOUCH-TestSet-Spectralis/TEST020/oct.mhd,TEST020,26,Spectralis,test,-1,,True,RETOUCH,0,CNV,0.9885643,0.1667781,0.35789022,-0.4189589,2,6.9418445,True,35.038383,True,5.519489,True,26.00103,True,True,True
/Users/yuhaowang/Documents/UCL/Term3_Proj/Dataset/RETOUCH/RETOUCH/RETOUCH-TestSet-Spectralis/TEST020/oct.mhd,TEST020,27,Spectralis,test,-1,,True,RETOUCH,1,DME,0.58328897,0.2141451,0.42535684,-0.40212023,1,4.708076,True,46.233448,True,-7.266301,False,25.717682,True,True,True
/Users/yuhaowang/Documents/UCL/Term3_Proj/Dataset/RETOUCH/RETOUCH/RETOUCH-TestSet-Spectralis/TEST020/oct.mhd,TEST020,28,Spectralis,test,-1,,True,RETOUCH,1,DME,0.99999964,7.90551e-07,0.78002244,-0.24572246,1,-6.9330583,False,-4.378996,False,-7.266301,False,-6.913656,False,False,True
/Users/yuhaowang/Documents/UCL/Term3_Proj/Dataset/RETOUCH/RETOUCH/RETOUCH-TestSet-Spectralis/TEST021/oct.mhd,TEST021,20,Spectralis,test,-1,,True,RETOUCH,0,CNV,0.9989976,0.18533374,0.41802707,-0.433244,1,4.906923,True,39.42396,True,-7.266301,False,21.897427,True,True,True
/Users/yuhaowang/Documents/UCL/Term3_Proj/Dataset/RETOUCH/RETOUCH/RETOUCH-TestSet-Spectralis/TEST021/oct.mhd,TEST021,21,Spectralis,test,-1,,True,RETOUCH,1,DME,0.9994617,0.0012188684,0.56820244,-0.2467678,1,0.1576891,True,-4.0911064,False,-7.266301,False,-4.2101264,False,True,True
/Users/yuhaowang/Documents/UCL/Term3_Proj/Dataset/RETOUCH/RETOUCH/RETOUCH-TestSet-Spectralis/TEST021/oct.mhd,TEST021,22,Spectralis,test,-1,,True,RETOUCH,1,DME,0.9995441,0.0034669656,0.6233232,-0.07946391,1,-1.4375477,False,-3.5597746,False,-7.266301,False,-4.2801394,False,True,True
/Users/yuhaowang/Documents/UCL/Term3_Proj/Dataset/RETOUCH/RETOUCH/RETOUCH-TestSet-Spectralis/TEST021/oct.mhd,TEST021,23,Spectralis,test,-1,,True,RETOUCH,0,CNV,0.70021695,0.14814946,0.41585365,-0.09253538,1,5.4895377,True,30.635553,True,-7.266301,False,17.541645,True,True,True
/Users/yuhaowang/Documents/UCL/Term3_Proj/Dataset/RETOUCH/RETOUCH/RETOUCH-TestSet-Spectralis/TEST021/oct.mhd,TEST021,24,Spectralis,test,-1,,True,RETOUCH,1,DME,0.97518706,0.029304728,0.5083169,-0.43592337,1,1.879765,True,2.5469127,True,-7.266301,False,-0.06310749,False,True,True
/Users/yuhaowang/Documents/UCL/Term3_Proj/Dataset/RETOUCH/RETOUCH/RETOUCH-TestSet-Spectralis/TEST021/oct.mhd,TEST021,25,Spectralis,test,-1,,True,RETOUCH,1,DME,0.99954224,0.0002056351,0.64242685,-0.2647186,1,-2.3544087,False,-4.3305817,False,-7.266301,False,-5.267765,False,True,True
/Users/yuhaowang/Documents/UCL/Term3_Proj/Dataset/RETOUCH/RETOUCH/RETOUCH-TestSet-Spectralis/TEST021/oct.mhd,TEST021,26,Spectralis,test,-1,,True,RETOUCH,1,DME,0.9993662,0.0007529324,0.63898844,0.19687785,1,-1.5485392,False,-4.201229,False,-7.266301,False,-4.3508115,False,True,True
/Users/yuhaowang/Documents/UCL/Term3_Proj/Dataset/RETOUCH/RETOUCH/RETOUCH-TestSet-Spectralis/TEST021/oct.mhd,TEST021,27,Spectralis,test,-1,,True,RETOUCH,1,DME,0.9999943,1.1248048e-05,0.71828395,-0.09905652,1,-4.6464114,False,-4.3765244,False,-7.266301,False,-5.916257,False,False,True
/Users/yuhaowang/Documents/UCL/Term3_Proj/Dataset/RETOUCH/RETOUCH/RETOUCH-TestSet-Spectralis/TEST021/oct.mhd,TEST021,28,Spectralis,test,-1,,True,RETOUCH,1,DME,0.9999949,1.6922131e-05,0.7233239,-0.32679588,1,-5.155956,False,-4.375183,False,-7.266301,False,-6.371908,False,False,True
/Users/yuhaowang/Documents/UCL/Term3_Proj/Dataset/RETOUCH/RETOUCH/RETOUCH-TestSet-Spectralis/TEST022/oct.mhd,TEST022,20,Spectralis,test,-1,,True,RETOUCH,1,DME,0.9999999,3.2427088e-06,0.77397406,-0.3647573,1,-6.9086685,False,-4.378416,False,-7.266301,False,-7.0476694,False,False,True
/Users/yuhaowang/Documents/UCL/Term3_Proj/Dataset/RETOUCH/RETOUCH/RETOUCH-TestSet-Spectralis/TEST022/oct.mhd,TEST022,21,Spectralis,test,-1,,True,RETOUCH,1,DME,0.99999654,2.9859846e-05,0.7351376,0.07351961,1,-4.952471,False,-4.3721256,False,-7.266301,False,-5.8160377,False,False,True
/Users/yuhaowang/Documents/UCL/Term3_Proj/Dataset/RETOUCH/RETOUCH/RETOUCH-TestSet-Spectralis/TEST022/oct.mhd,TEST022,22,Spectralis,test,-1,,True,RETOUCH,1,DME,0.9999893,3.8498547e-05,0.7273122,0.28454146,1,-4.374678,False,-4.370084,False,-7.266301,False,-5.354102,False,False,True
/Users/yuhaowang/Documents/UCL/Term3_Proj/Dataset/RETOUCH/RETOUCH/RETOUCH-TestSet-Spectralis/TEST022/oct.mhd,TEST022,23,Spectralis,test,-1,,True,RETOUCH,1,DME,1.0,7.184485e-07,0.76197463,0.12256223,1,-5.77766,False,-4.379013,False,-7.266301,False,-6.0567927,False,False,True
/Users/yuhaowang/Documents/UCL/Term3_Proj/Dataset/RETOUCH/RETOUCH/RETOUCH-TestSet-Spectralis/TEST022/oct.mhd,TEST022,24,Spectralis,test,-1,,True,RETOUCH,1,DME,0.8243334,0.11565566,0.39113316,0.21060577,2,6.7708745,True,22.955729,True,5.519489,True,19.857805,True,True,True
/Users/yuhaowang/Documents/UCL/Term3_Proj/Dataset/RETOUCH/RETOUCH/RETOUCH-TestSet-Spectralis/TEST022/oct.mhd,TEST022,25,Spectralis,test,-1,,True,RETOUCH,1,DME,0.99981755,0.008611957,0.6721234,0.084786095,1,-2.8257236,False,-2.3437693,False,-7.266301,False,-3.8920774,False,False,True
/Users/yuhaowang/Documents/UCL/Term3_Proj/Dataset/RETOUCH/RETOUCH/RETOUCH-TestSet-Spectralis/TEST022/oct.mhd,TEST022,26,Spectralis,test,-1,,True,RETOUCH,3,NORMAL,0.99914575,0.032202564,0.43014163,0.0487523,2,5.2225633,True,3.2318091,True,5.519489,True,7.944617,True,True,True
/Users/yuhaowang/Documents/UCL/Term3_Proj/Dataset/RETOUCH/RETOUCH/RETOUCH-TestSet-Spectralis/TEST022/oct.mhd,TEST022,27,Spectralis,test,-1,,True,RETOUCH,3,NORMAL,0.9906943,0.105568975,0.2607903,0.124275915,2,11.005922,True,20.571768,True,5.519489,True,19.922878,True,True,True
/Users/yuhaowang/Documents/UCL/Term3_Proj/Dataset/RETOUCH/RETOUCH/RETOUCH-TestSet-Spectralis/TEST022/oct.mhd,TEST022,28,Spectralis,test,-1,,True,RETOUCH,3,NORMAL,0.9999995,3.5389297e-05,0.5642365,-0.40723896,1,0.050345898,True,-4.3708186,False,-7.266301,False,-4.5998144,False,False,True
/Users/yuhaowang/Documents/UCL/Term3_Proj/Dataset/RETOUCH/RETOUCH/RETOUCH-TestSet-Spectralis/TEST023/oct.mhd,TEST023,20,Spectralis,test,-1,,True,RETOUCH,0,CNV,0.99999464,0.018002635,0.62519413,-2.242212,1,-4.7365713,False,-0.124307156,False,-7.266301,False,-6.1180124,False,False,True
/Users/yuhaowang/Documents/UCL/Term3_Proj/Dataset/RETOUCH/RETOUCH/RETOUCH-TestSet-Spectralis/TEST023/oct.mhd,TEST023,21,Spectralis,test,-1,,True,RETOUCH,0,CNV,0.998175,0.0776351,0.25556096,-1.5127021,1,8.731407,True,13.969669,True,-7.266301,False,7.563893,True,True,True
/Users/yuhaowang/Documents/UCL/Term3_Proj/Dataset/RETOUCH/RETOUCH/RETOUCH-TestSet-Spectralis/TEST023/oct.mhd,TEST023,22,Spectralis,test,-1,,True,RETOUCH,0,CNV,0.99660575,0.0138883665,0.22358805,-1.5515517,1,9.743814,True,-1.0967038,False,-7.266301,False,-0.6473508,False,True,True
/Users/yuhaowang/Documents/UCL/Term3_Proj/Dataset/RETOUCH/RETOUCH/RETOUCH-TestSet-Spectralis/TEST023/oct.mhd,TEST023,23,Spectralis,test,-1,,True,RETOUCH,0,CNV,0.54286623,0.15273213,0.41552308,-1.5152403,1,3.3716416,True,31.718657,True,-7.266301,False,15.685316,True,True,True
/Users/yuhaowang/Documents/UCL/Term3_Proj/Dataset/RETOUCH/RETOUCH/RETOUCH-TestSet-Spectralis/TEST023/oct.mhd,TEST023,24,Spectralis,test,-1,,True,RETOUCH,0,CNV,0.99908257,0.09950072,0.2634572,-1.4827436,1,8.511852,True,19.137552,True,-7.266301,False,10.446184,True,True,True
/Users/yuhaowang/Documents/UCL/Term3_Proj/Dataset/RETOUCH/RETOUCH/RETOUCH-TestSet-Spectralis/TEST023/oct.mhd,TEST023,25,Spectralis,test,-1,,True,RETOUCH,0,CNV,0.9943473,0.028751478,0.24870357,-1.3595283,1,9.190226,True,2.4161534,True,-7.266301,False,1.3732762,True,True,True
/Users/yuhaowang/Documents/UCL/Term3_Proj/Dataset/RETOUCH/RETOUCH/RETOUCH-TestSet-Spectralis/TEST023/oct.mhd,TEST023,26,Spectralis,test,-1,,True,RETOUCH,0,CNV,0.99204165,0.009595983,0.30759332,-1.2638924,1,7.361548,True,-2.1111975,False,-7.266301,False,-1.7297473,False,True,True
/Users/yuhaowang/Documents/UCL/Term3_Proj/Dataset/RETOUCH/RETOUCH/RETOUCH-TestSet-Spectralis/TEST023/oct.mhd,TEST023,27,Spectralis,test,-1,,True,RETOUCH,0,CNV,0.99585116,0.004826449,0.28715032,-1.3624861,1,7.898496,True,-3.2384644,False,-7.266301,False,-2.2938051,False,True,True
/Users/yuhaowang/Documents/UCL/Term3_Proj/Dataset/RETOUCH/RETOUCH/RETOUCH-TestSet-Spectralis/TEST023/oct.mhd,TEST023,28,Spectralis,test,-1,,True,RETOUCH,0,CNV,0.9995233,0.0021724897,0.19253518,-1.8538669,1,10.33116,True,-3.8657207,False,-7.266301,False,-2.3674436,False,True,True
/Users/yuhaowang/Documents/UCL/Term3_Proj/Dataset/RETOUCH/RETOUCH/RETOUCH-TestSet-Spectralis/TEST024/oct.mhd,TEST024,20,Spectralis,test,-1,,True,RETOUCH,0,CNV,1.0,8.6322505e-10,0.90454245,-0.61770934,1,-11.658976,False,-4.379183,False,-7.266301,False,-9.055019,False,False,True
/Users/yuhaowang/Documents/UCL/Term3_Proj/Dataset/RETOUCH/RETOUCH/RETOUCH-TestSet-Spectralis/TEST024/oct.mhd,TEST024,21,Spectralis,test,-1,,True,RETOUCH,0,CNV,1.0,9.180046e-12,0.9092188,-1.6456103,1,-13.353725,False,-4.379183,False,-7.266301,False,-10.898123,False,False,True
/Users/yuhaowang/Documents/UCL/Term3_Proj/Dataset/RETOUCH/RETOUCH/RETOUCH-TestSet-Spectralis/TEST024/oct.mhd,TEST024,22,Spectralis,test,-1,,True,RETOUCH,0,CNV,1.0,1.3182705e-07,0.89724445,-1.0665891,1,-12.086332,False,-4.3791513,False,-7.266301,False,-9.74777,False,False,True
/Users/yuhaowang/Documents/UCL/Term3_Proj/Dataset/RETOUCH/RETOUCH/RETOUCH-TestSet-Spectralis/TEST024/oct.mhd,TEST024,23,Spectralis,test,-1,,True,RETOUCH,0,CNV,1.0,7.9023055e-10,0.9097818,-0.7782125,1,-12.074585,False,-4.379183,False,-7.266301,False,-9.396936,False,False,True
/Users/yuhaowang/Documents/UCL/Term3_Proj/Dataset/RETOUCH/RETOUCH/RETOUCH-TestSet-Spectralis/TEST024/oct.mhd,TEST024,24,Spectralis,test,-1,,True,RETOUCH,0,CNV,1.0,1.8791084e-08,0.87009853,-0.41046274,1,-10.195572,False,-4.3791785,False,-7.266301,False,-8.281307,False,False,True
/Users/yuhaowang/Documents/UCL/Term3_Proj/Dataset/RETOUCH/RETOUCH/RETOUCH-TestSet-Spectralis/TEST024/oct.mhd,TEST024,25,Spectralis,test,-1,,True,RETOUCH,0,CNV,1.0,4.4221196e-08,0.886894,-0.59499127,1,-11.034061,False,-4.3791723,False,-7.266301,False,-8.803691,False,False,True
/Users/yuhaowang/Documents/UCL/Term3_Proj/Dataset/RETOUCH/RETOUCH/RETOUCH-TestSet-Spectralis/TEST024/oct.mhd,TEST024,26,Spectralis,test,-1,,True,RETOUCH,0,CNV,1.0,1.0544022e-07,0.7984538,-0.5115013,1,-7.9479074,False,-4.379158,False,-7.266301,False,-7.597021,False,False,True
/Users/yuhaowang/Documents/UCL/Term3_Proj/Dataset/RETOUCH/RETOUCH/RETOUCH-TestSet-Spectralis/TEST024/oct.mhd,TEST024,27,Spectralis,test,-1,,True,RETOUCH,0,CNV,1.0,6.9589005e-06,0.8231297,-3.417538,1,-13.122776,False,-4.377538,False,-7.266301,False,-12.944332,False,False,True
/Users/yuhaowang/Documents/UCL/Term3_Proj/Dataset/RETOUCH/RETOUCH/RETOUCH-TestSet-Spectralis/TEST024/oct.mhd,TEST024,28,Spectralis,test,-1,,True,RETOUCH,0,CNV,1.0,4.060774e-06,0.7255718,-0.44861928,1,-5.413522,False,-4.378223,False,-7.266301,False,-6.612396,False,False,True
/Users/yuhaowang/Documents/UCL/Term3_Proj/Dataset/RETOUCH/RETOUCH/RETOUCH-TestSet-Spectralis/TEST025/oct.mhd,TEST025,20,Spectralis,test,-1,,True,RETOUCH,1,DME,0.9999888,2.202057e-05,0.7376611,-0.07026192,1,-5.2521234,False,-4.373978,False,-7.266301,False,-6.097335,False,False,True
/Users/yuhaowang/Documents/UCL/Term3_Proj/Dataset/RETOUCH/RETOUCH/RETOUCH-TestSet-Spectralis/TEST025/oct.mhd,TEST025,21,Spectralis,test,-1,,True,RETOUCH,1,DME,0.9999926,8.659234e-06,0.6962055,-0.497598,1,-4.50355,False,-4.377136,False,-7.266301,False,-6.344455,False,False,True
/Users/yuhaowang/Documents/UCL/Term3_Proj/Dataset/RETOUCH/RETOUCH/RETOUCH-TestSet-Spectralis/TEST025/oct.mhd,TEST025,22,Spectralis,test,-1,,True,RETOUCH,1,DME,0.9999844,2.7755246e-05,0.68604094,0.04028878,1,-3.3583083,False,-4.372623,False,-7.266301,False,-5.2847996,False,False,True
/Users/yuhaowang/Documents/UCL/Term3_Proj/Dataset/RETOUCH/RETOUCH/RETOUCH-TestSet-Spectralis/TEST025/oct.mhd,TEST025,23,Spectralis,test,-1,,True,RETOUCH,1,DME,0.99998534,0.0001362111,0.6660428,-0.21325912,1,-3.0681305,False,-4.3469896,False,-7.266301,False,-5.4710455,False,False,True
/Users/yuhaowang/Documents/UCL/Term3_Proj/Dataset/RETOUCH/RETOUCH/RETOUCH-TestSet-Spectralis/TEST025/oct.mhd,TEST025,24,Spectralis,test,-1,,True,RETOUCH,1,DME,0.9999981,1.095792e-05,0.73439896,-0.19205473,1,-5.3251505,False,-4.376593,False,-7.266301,False,-6.271393,False,False,True
/Users/yuhaowang/Documents/UCL/Term3_Proj/Dataset/RETOUCH/RETOUCH/RETOUCH-TestSet-Spectralis/TEST025/oct.mhd,TEST025,25,Spectralis,test,-1,,True,RETOUCH,1,DME,0.9999995,2.2336917e-06,0.7771623,-0.14695798,1,-6.6895003,False,-4.378655,False,-7.266301,False,-6.7074347,False,False,True
/Users/yuhaowang/Documents/UCL/Term3_Proj/Dataset/RETOUCH/RETOUCH/RETOUCH-TestSet-Spectralis/TEST025/oct.mhd,TEST025,26,Spectralis,test,-1,,True,RETOUCH,1,DME,0.9999989,1.15500225e-05,0.7276287,-0.0804507,1,-4.9314575,False,-4.376453,False,-7.266301,False,-5.9960327,False,False,True
/Users/yuhaowang/Documents/UCL/Term3_Proj/Dataset/RETOUCH/RETOUCH/RETOUCH-TestSet-Spectralis/TEST025/oct.mhd,TEST025,27,Spectralis,test,-1,,True,RETOUCH,1,DME,0.99998057,2.3869332e-05,0.6808629,-0.4721744,1,-3.951794,False,-4.3735414,False,-7.266301,False,-6.11407,False,False,True
/Users/yuhaowang/Documents/UCL/Term3_Proj/Dataset/RETOUCH/RETOUCH/RETOUCH-TestSet-Spectralis/TEST025/oct.mhd,TEST025,28,Spectralis,test,-1,,True,RETOUCH,1,DME,0.99997663,3.584032e-05,0.69571894,-0.14193727,1,-3.955041,False,-4.370712,False,-7.266301,False,-5.716674,False,False,True
/Users/yuhaowang/Documents/UCL/Term3_Proj/Dataset/RETOUCH/RETOUCH/RETOUCH-TestSet-Spectralis/TEST026/oct.mhd,TEST026,20,Spectralis,test,-1,,True,RETOUCH,0,CNV,0.9999999,2.3051733e-05,0.6166105,-0.5922486,1,-1.9801304,False,-4.3737345,False,-7.266301,False,-5.551725,False,False,True
/Users/yuhaowang/Documents/UCL/Term3_Proj/Dataset/RETOUCH/RETOUCH/RETOUCH-TestSet-Spectralis/TEST026/oct.mhd,TEST026,21,Spectralis,test,-1,,True,RETOUCH,0,CNV,0.99882716,0.0021380223,0.36317775,0.080157295,2,7.5116925,True,-3.8738668,False,5.519489,True,4.781195,True,True,True
/Users/yuhaowang/Documents/UCL/Term3_Proj/Dataset/RETOUCH/RETOUCH/RETOUCH-TestSet-Spectralis/TEST026/oct.mhd,TEST026,22,Spectralis,test,-1,,True,RETOUCH,0,CNV,0.9999137,0.009209466,0.563327,0.13470066,1,0.89176893,True,-2.2025495,False,-7.266301,False,-2.4195273,False,False,True
/Users/yuhaowang/Documents/UCL/Term3_Proj/Dataset/RETOUCH/RETOUCH/RETOUCH-TestSet-Spectralis/TEST026/oct.mhd,TEST026,23,Spectralis,test,-1,,True,RETOUCH,0,CNV,0.9999882,0.0016252836,0.5678276,0.26385033,1,0.9343395,True,-3.9950514,False,-7.266301,False,-3.2635672,False,False,True
/Users/yuhaowang/Documents/UCL/Term3_Proj/Dataset/RETOUCH/RETOUCH/RETOUCH-TestSet-Spectralis/TEST026/oct.mhd,TEST026,24,Spectralis,test,-1,,True,RETOUCH,0,CNV,1.0,2.4803567e-06,0.8147116,0.37479278,1,-7.1659937,False,-4.3785963,False,-7.266301,False,-6.251046,False,False,True
/Users/yuhaowang/Documents/UCL/Term3_Proj/Dataset/RETOUCH/RETOUCH/RETOUCH-TestSet-Spectralis/TEST026/oct.mhd,TEST026,25,Spectralis,test,-1,,True,RETOUCH,0,CNV,0.99999976,3.3831253e-05,0.63303053,0.21558332,1,-1.3210611,False,-4.3711867,False,-7.266301,False,-4.342977,False,False,True
/Users/yuhaowang/Documents/UCL/Term3_Proj/Dataset/RETOUCH/RETOUCH/RETOUCH-TestSet-Spectralis/TEST026/oct.mhd,TEST026,26,Spectralis,test,-1,,True,RETOUCH,0,CNV,1.0,2.4716e-06,0.82264185,-0.12624022,1,-8.181276,False,-4.3785987,False,-7.266301,False,-7.2172613,False,False,True
/Users/yuhaowang/Documents/UCL/Term3_Proj/Dataset/RETOUCH/RETOUCH/RETOUCH-TestSet-Spectralis/TEST026/oct.mhd,TEST026,27,Spectralis,test,-1,,True,RETOUCH,0,CNV,1.0,7.593249e-05,0.79936504,-0.117680915,1,-7.389097,False,-4.3612366,False,-7.266301,False,-6.913171,False,False,True
/Users/yuhaowang/Documents/UCL/Term3_Proj/Dataset/RETOUCH/RETOUCH/RETOUCH-TestSet-Spectralis/TEST026/oct.mhd,TEST026,28,Spectralis,test,-1,,True,RETOUCH,0,CNV,1.0,3.1239678e-10,0.8875296,-0.22588983,1,-10.503014,False,-4.379183,False,-7.266301,False,-8.169655,False,False,True
/Users/yuhaowang/Documents/UCL/Term3_Proj/Dataset/RETOUCH/RETOUCH/RETOUCH-TestSet-Spectralis/TEST027/oct.mhd,TEST027,20,Spectralis,test,-1,,True,RETOUCH,0,CNV,0.9999999,3.715726e-06,0.6267516,-0.42215943,1,-2.0651567,False,-4.3783045,False,-7.266301,False,-5.380337,False,False,True
/Users/yuhaowang/Documents/UCL/Term3_Proj/Dataset/RETOUCH/RETOUCH/RETOUCH-TestSet-Spectralis/TEST027/oct.mhd,TEST027,21,Spectralis,test,-1,,True,RETOUCH,0,CNV,0.9998343,0.0002594057,0.21787877,-0.2329338,1,11.908182,True,-4.317873,False,-7.266301,False,-0.10960865,False,False,True
/Users/yuhaowang/Documents/UCL/Term3_Proj/Dataset/RETOUCH/RETOUCH/RETOUCH-TestSet-Spectralis/TEST027/oct.mhd,TEST027,22,Spectralis,test,-1,,True,RETOUCH,0,CNV,0.9999981,4.106741e-05,0.46126583,0.17522417,1,4.369695,True,-4.3694763,False,-7.266301,False,-2.350539,False,False,True
/Users/yuhaowang/Documents/UCL/Term3_Proj/Dataset/RETOUCH/RETOUCH/RETOUCH-TestSet-Spectralis/TEST027/oct.mhd,TEST027,23,Spectralis,test,-1,,True,RETOUCH,0,CNV,1.0,4.3815326e-06,0.7614969,-0.049776465,1,-6.019555,False,-4.378147,False,-7.266301,False,-6.350174,False,False,True
/Users/yuhaowang/Documents/UCL/Term3_Proj/Dataset/RETOUCH/RETOUCH/RETOUCH-TestSet-Spectralis/TEST027/oct.mhd,TEST027,24,Spectralis,test,-1,,True,RETOUCH,0,CNV,0.9999826,0.0010309371,0.40257654,-0.113850884,1,5.9021945,True,-4.1355233,False,-7.266301,False,-2.0162432,False,False,True
/Users/yuhaowang/Documents/UCL/Term3_Proj/Dataset/RETOUCH/RETOUCH/RETOUCH-TestSet-Spectralis/TEST027/oct.mhd,TEST027,25,Spectralis,test,-1,,True,RETOUCH,0,CNV,0.99999964,2.8779541e-05,0.51812214,-0.54662734,1,1.385798,True,-4.3723807,False,-7.266301,False,-4.289525,False,False,True
/Users/yuhaowang/Documents/UCL/Term3_Proj/Dataset/RETOUCH/RETOUCH/RETOUCH-TestSet-Spectralis/TEST027/oct.mhd,TEST027,26,Spectralis,test,-1,,True,RETOUCH,0,CNV,1.0,8.364909e-07,0.7317527,-0.52689606,1,-5.7376094,False,-4.3789854,False,-7.266301,False,-6.823096,False,False,True
/Users/yuhaowang/Documents/UCL/Term3_Proj/Dataset/RETOUCH/RETOUCH/RETOUCH-TestSet-Spectralis/TEST027/oct.mhd,TEST027,27,Spectralis,test,-1,,True,RETOUCH,0,CNV,1.0,4.0159165e-08,0.8554822,-0.7853941,1,-10.267233,False,-4.3791733,False,-7.266301,False,-8.757676,False,False,True
/Users/yuhaowang/Documents/UCL/Term3_Proj/Dataset/RETOUCH/RETOUCH/RETOUCH-TestSet-Spectralis/TEST027/oct.mhd,TEST027,28,Spectralis,test,-1,,True,RETOUCH,0,CNV,1.0,6.4103506e-07,0.7482287,-0.5294774,1,-6.2931347,False,-4.379031,False,-7.266301,False,-7.025366,False,False,True
/Users/yuhaowang/Documents/UCL/Term3_Proj/Dataset/RETOUCH/RETOUCH/RETOUCH-TestSet-Spectralis/TEST028/oct.mhd,TEST028,20,Spectralis,test,-1,,True,RETOUCH,0,CNV,0.9983424,0.011100523,0.31499353,-0.17118903,1,8.748911,True,-1.7556032,False,-7.266301,False,0.28232384,True,True,True
/Users/yuhaowang/Documents/UCL/Term3_Proj/Dataset/RETOUCH/RETOUCH/RETOUCH-TestSet-Spectralis/TEST028/oct.mhd,TEST028,21,Spectralis,test,-1,,True,RETOUCH,0,CNV,0.9971635,0.026202857,0.26684532,-0.35378858,1,10.087799,True,1.8137941,True,-7.266301,False,2.5630422,True,True,True
/Users/yuhaowang/Documents/UCL/Term3_Proj/Dataset/RETOUCH/RETOUCH/RETOUCH-TestSet-Spectralis/TEST028/oct.mhd,TEST028,22,Spectralis,test,-1,,True,RETOUCH,1,DME,0.8753596,0.030601472,0.51935,-0.21950938,1,1.8341918,True,2.853395,True,-7.266301,False,0.35416126,True,True,True
/Users/yuhaowang/Documents/UCL/Term3_Proj/Dataset/RETOUCH/RETOUCH/RETOUCH-TestSet-Spectralis/TEST028/oct.mhd,TEST028,23,Spectralis,test,-1,,True,RETOUCH,1,DME,0.98680496,0.0046678334,0.5775998,-0.23791578,1,-0.1437149,False,-3.2759526,False,-7.266301,False,-3.8461595,False,True,True
/Users/yuhaowang/Documents/UCL/Term3_Proj/Dataset/RETOUCH/RETOUCH/RETOUCH-TestSet-Spectralis/TEST028/oct.mhd,TEST028,24,Spectralis,test,-1,,True,RETOUCH,1,DME,0.9834346,0.0063743517,0.56855357,-0.431257,1,-0.13014174,False,-2.8726215,False,-7.266301,False,-3.8454154,False,True,True
/Users/yuhaowang/Documents/UCL/Term3_Proj/Dataset/RETOUCH/RETOUCH/RETOUCH-TestSet-Spectralis/TEST028/oct.mhd,TEST028,25,Spectralis,test,-1,,True,RETOUCH,1,DME,0.99994504,0.00019661675,0.666603,0.019519558,1,-2.7385535,False,-4.332713,False,-7.266301,False,-5.065011,False,False,True
/Users/yuhaowang/Documents/UCL/Term3_Proj/Dataset/RETOUCH/RETOUCH/RETOUCH-TestSet-Spectralis/TEST028/oct.mhd,TEST028,26,Spectralis,test,-1,,True,RETOUCH,1,DME,0.9927037,0.0033175386,0.56468683,-0.17232038,1,0.38680553,True,-3.5950913,False,-7.266301,False,-3.757764,False,True,True
/Users/yuhaowang/Documents/UCL/Term3_Proj/Dataset/RETOUCH/RETOUCH/RETOUCH-TestSet-Spectralis/TEST028/oct.mhd,TEST028,27,Spectralis,test,-1,,True,RETOUCH,1,DME,0.8873263,0.045371026,0.52474314,-1.3402121,1,-0.023427486,False,6.3441405,True,-7.266301,False,0.31686163,True,True,True
/Users/yuhaowang/Documents/UCL/Term3_Proj/Dataset/RETOUCH/RETOUCH/RETOUCH-TestSet-Spectralis/TEST028/oct.mhd,TEST028,28,Spectralis,test,-1,,True,RETOUCH,1,DME,0.86982167,0.05730036,0.4812029,-1.3642508,1,1.3984466,True,9.163607,True,-7.266301,False,2.3934674,True,True,True
/Users/yuhaowang/Documents/UCL/Term3_Proj/Dataset/RETOUCH/RETOUCH/RETOUCH-TestSet-Topcon/TEST029/oct.mhd,TEST029,60,Topcon,test,-1,,True,RETOUCH,1,DME,0.96729594,0.09021288,0.47747102,-22.226421,1,-29.695171,False,16.942394,True,-7.266301,False,-29.427217,False,True,True
/Users/yuhaowang/Documents/UCL/Term3_Proj/Dataset/RETOUCH/RETOUCH/RETOUCH-TestSet-Topcon/TEST029/oct.mhd,TEST029,61,Topcon,test,-1,,True,RETOUCH,1,DME,0.96889323,0.07057023,0.46288556,-21.969553,1,-28.82243,False,12.299908,True,-7.266301,False,-31.43321,False,True,True
/Users/yuhaowang/Documents/UCL/Term3_Proj/Dataset/RETOUCH/RETOUCH/RETOUCH-TestSet-Topcon/TEST029/oct.mhd,TEST029,62,Topcon,test,-1,,True,RETOUCH,1,DME,0.91108704,0.07868999,0.42954582,-22.440426,1,-28.41075,False,14.21899,True,-7.266301,False,-30.765455,False,True,True
/Users/yuhaowang/Documents/UCL/Term3_Proj/Dataset/RETOUCH/RETOUCH/RETOUCH-TestSet-Topcon/TEST029/oct.mhd,TEST029,63,Topcon,test,-1,,True,RETOUCH,0,CNV,0.5860673,0.18112183,0.37272993,-22.438486,1,-26.505497,False,38.428486,True,-7.266301,False,-16.377733,False,True,True
/Users/yuhaowang/Documents/UCL/Term3_Proj/Dataset/RETOUCH/RETOUCH/RETOUCH-TestSet-Topcon/TEST029/oct.mhd,TEST029,64,Topcon,test,-1,,True,RETOUCH,1,DME,0.7254667,0.09109962,0.44231263,-22.517344,1,-28.953318,False,17.151974,True,-7.266301,False,-29.392359,False,True,True
/Users/yuhaowang/Documents/UCL/Term3_Proj/Dataset/RETOUCH/RETOUCH/RETOUCH-TestSet-Topcon/TEST029/oct.mhd,TEST029,65,Topcon,test,-1,,True,RETOUCH,1,DME,0.84479105,0.14798269,0.37236327,-22.777445,1,-27.000439,False,30.596136,True,-7.266301,False,-21.395655,False,True,True
/Users/yuhaowang/Documents/UCL/Term3_Proj/Dataset/RETOUCH/RETOUCH/RETOUCH-TestSet-Topcon/TEST029/oct.mhd,TEST029,66,Topcon,test,-1,,True,RETOUCH,1,DME,0.9914655,0.08349198,0.46582606,-22.394083,1,-29.556164,False,15.3539295,True,-7.266301,False,-30.477983,False,True,True
/Users/yuhaowang/Documents/UCL/Term3_Proj/Dataset/RETOUCH/RETOUCH/RETOUCH-TestSet-Topcon/TEST029/oct.mhd,TEST029,67,Topcon,test,-1,,True,RETOUCH,1,DME,0.8942096,0.12305409,0.4529175,-21.838924,1,-28.293196,False,24.704329,True,-7.266301,False,-24.065657,False,True,True
/Users/yuhaowang/Documents/UCL/Term3_Proj/Dataset/RETOUCH/RETOUCH/RETOUCH-TestSet-Topcon/TEST029/oct.mhd,TEST029,68,Topcon,test,-1,,True,RETOUCH,1,DME,0.99968207,0.002071701,0.60693824,-22.17075,1,-33.946777,False,-3.8895416,False,-7.266301,False,-42.675114,False,True,True
/Users/yuhaowang/Documents/UCL/Term3_Proj/Dataset/RETOUCH/RETOUCH/RETOUCH-TestSet-Topcon/TEST030/oct.mhd,TEST030,60,Topcon,test,-1,,True,RETOUCH,0,CNV,0.99999976,0.00036348862,0.47321448,-17.754354,1,-22.860561,False,-4.293273,False,-7.266301,False,-33.62082,False,False,True
/Users/yuhaowang/Documents/UCL/Term3_Proj/Dataset/RETOUCH/RETOUCH/RETOUCH-TestSet-Topcon/TEST030/oct.mhd,TEST030,61,Topcon,test,-1,,True,RETOUCH,0,CNV,1.0,2.334833e-06,0.7130026,-17.072744,1,-29.869349,False,-4.378631,False,-7.266301,False,-35.362274,False,False,True
/Users/yuhaowang/Documents/UCL/Term3_Proj/Dataset/RETOUCH/RETOUCH/RETOUCH-TestSet-Topcon/TEST030/oct.mhd,TEST030,62,Topcon,test,-1,,True,RETOUCH,0,CNV,1.0,7.097322e-06,0.43717465,-18.118797,1,-22.19921,False,-4.3775053,False,-7.266301,False,-33.869495,False,False,True
/Users/yuhaowang/Documents/UCL/Term3_Proj/Dataset/RETOUCH/RETOUCH/RETOUCH-TestSet-Topcon/TEST030/oct.mhd,TEST030,63,Topcon,test,-1,,True,RETOUCH,0,CNV,1.0,0.0003326586,0.46310118,-17.654467,1,-22.372467,False,-4.30056,False,-7.266301,False,-33.329906,False,False,True
/Users/yuhaowang/Documents/UCL/Term3_Proj/Dataset/RETOUCH/RETOUCH/RETOUCH-TestSet-Topcon/TEST030/oct.mhd,TEST030,64,Topcon,test,-1,,True,RETOUCH,0,CNV,1.0,5.4612847e-06,0.46885753,-17.761816,1,-22.725845,False,-4.377892,False,-7.266301,False,-33.629395,False,False,True
/Users/yuhaowang/Documents/UCL/Term3_Proj/Dataset/RETOUCH/RETOUCH/RETOUCH-TestSet-Topcon/TEST030/oct.mhd,TEST030,65,Topcon,test,-1,,True,RETOUCH,0,CNV,1.0,2.0158727e-06,0.66974217,-18.026411,1,-29.847956,False,-4.3787065,False,-7.266301,False,-36.500996,False,False,True
/Users/yuhaowang/Documents/UCL/Term3_Proj/Dataset/RETOUCH/RETOUCH/RETOUCH-TestSet-Topcon/TEST030/oct.mhd,TEST030,66,Topcon,test,-1,,True,RETOUCH,0,CNV,1.0,5.4202155e-07,0.47316217,-18.215809,1,-23.54934,False,-4.3790545,False,-7.266301,False,-34.470966,False,False,True
/Users/yuhaowang/Documents/UCL/Term3_Proj/Dataset/RETOUCH/RETOUCH/RETOUCH-TestSet-Topcon/TEST030/oct.mhd,TEST030,67,Topcon,test,-1,,True,RETOUCH,0,CNV,0.9999535,0.009050097,0.23854627,-18.359716,1,-15.909107,False,-2.240216,False,-7.266301,False,-30.694567,False,False,True
/Users/yuhaowang/Documents/UCL/Term3_Proj/Dataset/RETOUCH/RETOUCH/RETOUCH-TestSet-Topcon/TEST030/oct.mhd,TEST030,68,Topcon,test,-1,,True,RETOUCH,0,CNV,1.0,6.9262387e-06,0.49538746,-17.943989,1,-23.88675,False,-4.377546,False,-7.266301,False,-34.264328,False,False,True
/Users/yuhaowang/Documents/UCL/Term3_Proj/Dataset/RETOUCH/RETOUCH/RETOUCH-TestSet-Topcon/TEST031/oct.mhd,TEST031,60,Topcon,test,-1,,True,RETOUCH,0,CNV,1.0,3.4044802e-05,0.45318004,-24.778088,1,-32.700207,False,-4.3711367,False,-7.266301,False,-45.63496,False,False,True
/Users/yuhaowang/Documents/UCL/Term3_Proj/Dataset/RETOUCH/RETOUCH/RETOUCH-TestSet-Topcon/TEST031/oct.mhd,TEST031,61,Topcon,test,-1,,True,RETOUCH,0,CNV,1.0,1.6599614e-08,0.6821833,-25.291918,1,-41.136772,False,-4.379179,False,-7.266301,False,-49.28144,False,False,True
/Users/yuhaowang/Documents/UCL/Term3_Proj/Dataset/RETOUCH/RETOUCH/RETOUCH-TestSet-Topcon/TEST031/oct.mhd,TEST031,62,Topcon,test,-1,,True,RETOUCH,0,CNV,1.0,5.701319e-07,0.6703881,-24.736464,1,-39.910645,False,-4.3790483,False,-7.266301,False,-48.174152,False,False,True
/Users/yuhaowang/Documents/UCL/Term3_Proj/Dataset/RETOUCH/RETOUCH/RETOUCH-TestSet-Topcon/TEST031/oct.mhd,TEST031,63,Topcon,test,-1,,True,RETOUCH,0,CNV,1.0,9.383066e-06,0.58899295,-25.557304,1,-38.41363,False,-4.376965,False,-7.266301,False,-48.62302,False,False,True
/Users/yuhaowang/Documents/UCL/Term3_Proj/Dataset/RETOUCH/RETOUCH/RETOUCH-TestSet-Topcon/TEST031/oct.mhd,TEST031,64,Topcon,test,-1,,True,RETOUCH,0,CNV,1.0,7.57665e-07,0.5444266,-25.148191,1,-36.309223,False,-4.3790035,False,-7.266301,False,-47.37803,False,False,True
/Users/yuhaowang/Documents/UCL/Term3_Proj/Dataset/RETOUCH/RETOUCH/RETOUCH-TestSet-Topcon/TEST031/oct.mhd,TEST031,65,Topcon,test,-1,,True,RETOUCH,0,CNV,1.0,1.6365284e-06,0.5617853,-25.182589,1,-36.94191,False,-4.378796,False,-7.266301,False,-47.646057,False,False,True
/Users/yuhaowang/Documents/UCL/Term3_Proj/Dataset/RETOUCH/RETOUCH/RETOUCH-TestSet-Topcon/TEST031/oct.mhd,TEST031,66,Topcon,test,-1,,True,RETOUCH,0,CNV,1.0,9.009404e-06,0.49659973,-24.66635,1,-33.986813,False,-4.3770533,False,-7.266301,False,-45.96521,False,False,True
/Users/yuhaowang/Documents/UCL/Term3_Proj/Dataset/RETOUCH/RETOUCH/RETOUCH-TestSet-Topcon/TEST031/oct.mhd,TEST031,67,Topcon,test,-1,,True,RETOUCH,0,CNV,1.0,1.7774873e-06,0.6324787,-23.861364,1,-37.331814,False,-4.3787627,False,-7.266301,False,-46.197643,False,False,True
/Users/yuhaowang/Documents/UCL/Term3_Proj/Dataset/RETOUCH/RETOUCH/RETOUCH-TestSet-Topcon/TEST031/oct.mhd,TEST031,68,Topcon,test,-1,,True,RETOUCH,0,CNV,0.99999964,3.1005868e-05,0.4605066,-24.4449,1,-32.446934,False,-4.371855,False,-7.266301,False,-45.144073,False,False,True
/Users/yuhaowang/Documents/UCL/Term3_Proj/Dataset/RETOUCH/RETOUCH/RETOUCH-TestSet-Topcon/TEST032/oct.mhd,TEST032,60,Topcon,test,-1,,True,RETOUCH,0,CNV,1.0,1.0762806e-06,0.50021356,-20.687561,1,-28.153873,False,-4.378928,False,-7.266301,False,-39.092648,False,False,True
/Users/yuhaowang/Documents/UCL/Term3_Proj/Dataset/RETOUCH/RETOUCH/RETOUCH-TestSet-Topcon/TEST032/oct.mhd,TEST032,61,Topcon,test,-1,,True,RETOUCH,0,CNV,1.0,1.1937032e-06,0.7100757,-19.420153,1,-33.284054,False,-4.3789005,False,-7.266301,False,-39.408188,False,False,True
/Users/yuhaowang/Documents/UCL/Term3_Proj/Dataset/RETOUCH/RETOUCH/RETOUCH-TestSet-Topcon/TEST032/oct.mhd,TEST032,62,Topcon,test,-1,,True,RETOUCH,0,CNV,1.0,2.5003665e-06,0.53172714,-19.41923,1,-27.311077,False,-4.378592,False,-7.266301,False,-37.26575,False,False,True
/Users/yuhaowang/Documents/UCL/Term3_Proj/Dataset/RETOUCH/RETOUCH/RETOUCH-TestSet-Topcon/TEST032/oct.mhd,TEST032,63,Topcon,test,-1,,True,RETOUCH,0,CNV,1.0,6.43971e-11,0.7639536,-19.292347,1,-34.896786,False,-4.379183,False,-7.266301,False,-39.83284,False,False,True
/Users/yuhaowang/Documents/UCL/Term3_Proj/Dataset/RETOUCH/RETOUCH/RETOUCH-TestSet-Topcon/TEST032/oct.mhd,TEST032,64,Topcon,test,-1,,True,RETOUCH,0,CNV,1.0,1.809332e-05,0.4104739,-19.040773,1,-22.68486,False,-4.3749065,False,-7.266301,False,-35.15037,False,False,True
/Users/yuhaowang/Documents/UCL/Term3_Proj/Dataset/RETOUCH/RETOUCH/RETOUCH-TestSet-Topcon/TEST032/oct.mhd,TEST032,65,Topcon,test,-1,,True,RETOUCH,0,CNV,1.0,1.1185239e-06,0.4446946,-20.259665,1,-25.654636,False,-4.3789186,False,-7.266301,False,-37.68238,False,False,True
/Users/yuhaowang/Documents/UCL/Term3_Proj/Dataset/RETOUCH/RETOUCH/RETOUCH-TestSet-Topcon/TEST032/oct.mhd,TEST032,66,Topcon,test,-1,,True,RETOUCH,0,CNV,1.0,2.7012493e-07,0.5617877,-19.648294,1,-28.660366,False,-4.379119,False,-7.266301,False,-38.02508,False,False,True
/Users/yuhaowang/Documents/UCL/Term3_Proj/Dataset/RETOUCH/RETOUCH/RETOUCH-TestSet-Topcon/TEST032/oct.mhd,TEST032,67,Topcon,test,-1,,True,RETOUCH,0,CNV,1.0,3.4469358e-06,0.49238268,-19.140285,1,-25.576302,False,-4.3783684,False,-7.266301,False,-36.308453,False,False,True
/Users/yuhaowang/Documents/UCL/Term3_Proj/Dataset/RETOUCH/RETOUCH/RETOUCH-TestSet-Topcon/TEST032/oct.mhd,TEST032,68,Topcon,test,-1,,True,RETOUCH,0,CNV,1.0,1.3691397e-06,0.46428218,-18.686148,1,-23.955837,False,-4.3788595,False,-7.266301,False,-35.18195,False,False,True
/Users/yuhaowang/Documents/UCL/Term3_Proj/Dataset/RETOUCH/RETOUCH/RETOUCH-TestSet-Topcon/TEST033/oct.mhd,TEST033,60,Topcon,test,-1,,True,RETOUCH,0,CNV,0.9996662,0.022019606,0.28249606,-25.396528,1,-27.91069,False,0.8250935,True,-7.266301,False,-41.72041,False,True,True
/Users/yuhaowang/Documents/UCL/Term3_Proj/Dataset/RETOUCH/RETOUCH/RETOUCH-TestSet-Topcon/TEST033/oct.mhd,TEST033,61,Topcon,test,-1,,True,RETOUCH,0,CNV,0.999949,0.0003149067,0.28183308,-24.900217,1,-27.145802,False,-4.304755,False,-7.266301,False,-43.753086,False,False,True
/Users/yuhaowang/Documents/UCL/Term3_Proj/Dataset/RETOUCH/RETOUCH/RETOUCH-TestSet-Topcon/TEST033/oct.mhd,TEST033,62,Topcon,test,-1,,True,RETOUCH,0,CNV,0.99993384,0.0065580513,0.30808988,-24.95284,1,-28.103703,False,-2.8292046,False,-7.266301,False,-43.324574,False,False,True
/Users/yuhaowang/Documents/UCL/Term3_Proj/Dataset/RETOUCH/RETOUCH/RETOUCH-TestSet-Topcon/TEST033/oct.mhd,TEST033,63,Topcon,test,-1,,True,RETOUCH,0,CNV,0.9999995,0.00010156739,0.47414207,-24.849854,1,-33.509468,False,-4.355178,False,-7.266301,False,-46.00229,False,False,True
/Users/yuhaowang/Documents/UCL/Term3_Proj/Dataset/RETOUCH/RETOUCH/RETOUCH-TestSet-Topcon/TEST033/oct.mhd,TEST033,64,Topcon,test,-1,,True,RETOUCH,0,CNV,0.9907492,0.118757434,0.2665179,-25.1172,1,-26.957708,False,23.688828,True,-7.266301,False,-28.102308,False,True,True
/Users/yuhaowang/Documents/UCL/Term3_Proj/Dataset/RETOUCH/RETOUCH/RETOUCH-TestSet-Topcon/TEST033/oct.mhd,TEST033,65,Topcon,test,-1,,True,RETOUCH,0,CNV,0.9851172,0.059739314,0.28675473,-25.034847,1,-27.512058,False,9.740047,True,-7.266301,False,-36.09695,False,True,True
/Users/yuhaowang/Documents/UCL/Term3_Proj/Dataset/RETOUCH/RETOUCH/RETOUCH-TestSet-Topcon/TEST033/oct.mhd,TEST033,66,Topcon,test,-1,,True,RETOUCH,0,CNV,0.9997789,0.06388757,0.29269496,-24.530357,1,-26.956024,False,10.720476,True,-7.266301,False,-34.736294,False,True,True
/Users/yuhaowang/Documents/UCL/Term3_Proj/Dataset/RETOUCH/RETOUCH/RETOUCH-TestSet-Topcon/TEST033/oct.mhd,TEST033,67,Topcon,test,-1,,True,RETOUCH,0,CNV,0.9999511,0.017005555,0.38410747,-25.659512,1,-31.706455,False,-0.35996437,False,-7.266301,False,-44.06794,False,False,True
/Users/yuhaowang/Documents/UCL/Term3_Proj/Dataset/RETOUCH/RETOUCH/RETOUCH-TestSet-Topcon/TEST033/oct.mhd,TEST033,68,Topcon,test,-1,,True,RETOUCH,0,CNV,0.9999999,0.00011587032,0.56658626,-25.278725,1,-37.24652,False,-4.351797,False,-7.266301,False,-47.85553,False,False,True
/Users/yuhaowang/Documents/UCL/Term3_Proj/Dataset/RETOUCH/RETOUCH/RETOUCH-TestSet-Topcon/TEST034/oct.mhd,TEST034,60,Topcon,test,-1,,True,RETOUCH,1,DME,0.9999926,0.09126931,0.6090934,-24.945723,1,-38.17147,False,17.192078,True,-7.266301,False,-35.593132,False,False,True
/Users/yuhaowang/Documents/UCL/Term3_Proj/Dataset/RETOUCH/RETOUCH/RETOUCH-TestSet-Topcon/TEST034/oct.mhd,TEST034,61,Topcon,test,-1,,True,RETOUCH,1,DME,0.9996655,0.0044213086,0.5549762,-25.716557,1,-37.512966,False,-3.334218,False,-7.266301,False,-47.901394,False,True,True
/Users/yuhaowang/Documents/UCL/Term3_Proj/Dataset/RETOUCH/RETOUCH/RETOUCH-TestSet-Topcon/TEST034/oct.mhd,TEST034,62,Topcon,test,-1,,True,RETOUCH,3,NORMAL,0.9997086,0.009288233,0.38465062,-26.069382,1,-32.337975,False,-2.1839333,False,-7.266301,False,-45.819355,False,True,True
/Users/yuhaowang/Documents/UCL/Term3_Proj/Dataset/RETOUCH/RETOUCH/RETOUCH-TestSet-Topcon/TEST034/oct.mhd,TEST034,63,Topcon,test,-1,,True,RETOUCH,1,DME,0.93259376,0.17750017,0.4173814,-24.725925,1,-31.423515,False,37.572517,True,-7.266301,False,-21.37478,False,True,True
/Users/yuhaowang/Documents/UCL/Term3_Proj/Dataset/RETOUCH/RETOUCH/RETOUCH-TestSet-Topcon/TEST034/oct.mhd,TEST034,64,Topcon,test,-1,,True,RETOUCH,3,NORMAL,0.9999927,0.005859413,0.36177298,-25.782557,1,-31.142757,False,-2.9943259,False,-7.266301,False,-45.504803,False,False,True
/Users/yuhaowang/Documents/UCL/Term3_Proj/Dataset/RETOUCH/RETOUCH/RETOUCH-TestSet-Topcon/TEST034/oct.mhd,TEST034,65,Topcon,test,-1,,True,RETOUCH,3,NORMAL,0.9996495,0.026651744,0.41041246,-25.8852,1,-32.924942,False,1.9198871,True,-7.266301,False,-43.48564,False,True,True
/Users/yuhaowang/Documents/UCL/Term3_Proj/Dataset/RETOUCH/RETOUCH/RETOUCH-TestSet-Topcon/TEST034/oct.mhd,TEST034,66,Topcon,test,-1,,True,RETOUCH,3,NORMAL,0.9999708,0.0007990338,0.38296252,-25.303522,1,-31.135406,False,-4.1903334,False,-7.266301,False,-45.603283,False,False,True
/Users/yuhaowang/Documents/UCL/Term3_Proj/Dataset/RETOUCH/RETOUCH/RETOUCH-TestSet-Topcon/TEST034/oct.mhd,TEST034,67,Topcon,test,-1,,True,RETOUCH,3,NORMAL,0.98811567,0.100240916,0.23559558,-25.737026,2,-26.849863,False,19.312496,True,5.519489,True,-25.446503,False,True,True
/Users/yuhaowang/Documents/UCL/Term3_Proj/Dataset/RETOUCH/RETOUCH/RETOUCH-TestSet-Topcon/TEST034/oct.mhd,TEST034,68,Topcon,test,-1,,True,RETOUCH,3,NORMAL,0.73172206,0.2199328,0.3080983,-25.670832,1,-29.178402,False,47.601357,True,-7.266301,False,-16.029524,False,True,True
/Users/yuhaowang/Documents/UCL/Term3_Proj/Dataset/RETOUCH/RETOUCH/RETOUCH-TestSet-Topcon/TEST035/oct.mhd,TEST035,60,Topcon,test,-1,,True,RETOUCH,1,DME,0.99875283,0.048799194,0.5451886,-24.971292,1,-36.070023,False,7.1543794,True,-7.266301,False,-40.551826,False,True,True
/Users/yuhaowang/Documents/UCL/Term3_Proj/Dataset/RETOUCH/RETOUCH/RETOUCH-TestSet-Topcon/TEST035/oct.mhd,TEST035,61,Topcon,test,-1,,True,RETOUCH,0,CNV,0.9822467,0.21828076,0.25416228,-24.564846,2,-25.717455,False,47.210907,True,5.519489,True,-7.841249,False,True,True
/Users/yuhaowang/Documents/UCL/Term3_Proj/Dataset/RETOUCH/RETOUCH/RETOUCH-TestSet-Topcon/TEST035/oct.mhd,TEST035,62,Topcon,test,-1,,True,RETOUCH,1,DME,0.9921193,0.1014079,0.48060548,-24.252657,1,-32.832222,False,19.588308,True,-7.266301,False,-31.489813,False,True,True
/Users/yuhaowang/Documents/UCL/Term3_Proj/Dataset/RETOUCH/RETOUCH/RETOUCH-TestSet-Topcon/TEST035/oct.mhd,TEST035,63,Topcon,test,-1,,True,RETOUCH,1,DME,0.96353334,0.29135585,0.4670435,-25.375307,1,-34.05809,False,64.48201,True,-7.266301,False,-7.8691993,False,True,True
/Users/yuhaowang/Documents/UCL/Term3_Proj/Dataset/RETOUCH/RETOUCH/RETOUCH-TestSet-Topcon/TEST035/oct.mhd,TEST035,64,Topcon,test,-1,,True,RETOUCH,1,DME,0.9999902,0.029625578,0.59573126,-24.87,1,-37.610752,False,2.622745,True,-7.266301,False,-43.547253,False,False,True
/Users/yuhaowang/Documents/UCL/Term3_Proj/Dataset/RETOUCH/RETOUCH/RETOUCH-TestSet-Topcon/TEST035/oct.mhd,TEST035,65,Topcon,test,-1,,True,RETOUCH,0,CNV,0.9999442,0.19820812,0.4320091,-24.499214,1,-31.574038,False,42.46679,True,-7.266301,False,-18.386097,False,False,True
/Users/yuhaowang/Documents/UCL/Term3_Proj/Dataset/RETOUCH/RETOUCH/RETOUCH-TestSet-Topcon/TEST035/oct.mhd,TEST035,66,Topcon,test,-1,,True,RETOUCH,0,CNV,0.9999999,0.031276435,0.48515144,-24.627478,1,-33.545322,False,3.0129204,True,-7.266301,False,-41.57755,False,False,True
/Users/yuhaowang/Documents/UCL/Term3_Proj/Dataset/RETOUCH/RETOUCH/RETOUCH-TestSet-Topcon/TEST035/oct.mhd,TEST035,67,Topcon,test,-1,,True,RETOUCH,1,DME,0.66447544,0.32645923,0.3229321,-24.694221,1,-28.213654,False,72.7786,True,-7.266301,False,-0.25961447,False,True,True
/Users/yuhaowang/Documents/UCL/Term3_Proj/Dataset/RETOUCH/RETOUCH/RETOUCH-TestSet-Topcon/TEST035/oct.mhd,TEST035,68,Topcon,test,-1,,True,RETOUCH,1,DME,0.5749941,0.2705346,0.31114718,-24.980167,1,-28.246958,False,59.560966,True,-7.266301,False,-8.096369,False,True,True
/Users/yuhaowang/Documents/UCL/Term3_Proj/Dataset/RETOUCH/RETOUCH/RETOUCH-TestSet-Topcon/TEST036/oct.mhd,TEST036,60,Topcon,test,-1,,True,RETOUCH,0,CNV,1.0,6.0809455e-09,0.71914136,-25.30209,1,-42.389446,False,-4.3791814,False,-7.266301,False,-49.74272,False,False,True
/Users/yuhaowang/Documents/UCL/Term3_Proj/Dataset/RETOUCH/RETOUCH/RETOUCH-TestSet-Topcon/TEST036/oct.mhd,TEST036,61,Topcon,test,-1,,True,RETOUCH,0,CNV,1.0,1.071428e-06,0.6197445,-23.919828,1,-36.992924,False,-4.3789296,False,-7.266301,False,-46.14653,False,False,True
/Users/yuhaowang/Documents/UCL/Term3_Proj/Dataset/RETOUCH/RETOUCH/RETOUCH-TestSet-Topcon/TEST036/oct.mhd,TEST036,62,Topcon,test,-1,,True,RETOUCH,0,CNV,1.0,1.2302422e-07,0.6935949,-25.155474,1,-41.314682,False,-4.3791537,False,-7.266301,False,-49.181187,False,False,True
/Users/yuhaowang/Documents/UCL/Term3_Proj/Dataset/RETOUCH/RETOUCH/RETOUCH-TestSet-Topcon/TEST036/oct.mhd,TEST036,63,Topcon,test,-1,,True,RETOUCH,0,CNV,1.0,2.3590565e-06,0.6872303,-25.451656,1,-41.54479,False,-4.3786254,False,-7.266301,False,-49.6194,False,False,True
/Users/yuhaowang/Documents/UCL/Term3_Proj/Dataset/RETOUCH/RETOUCH/RETOUCH-TestSet-Topcon/TEST036/oct.mhd,TEST036,64,Topcon,test,-1,,True,RETOUCH,0,CNV,1.0,1.2791802e-06,0.73118216,-25.739584,1,-43.44728,False,-4.3788805,False,-7.266301,False,-50.647636,False,False,True
/Users/yuhaowang/Documents/UCL/Term3_Proj/Dataset/RETOUCH/RETOUCH/RETOUCH-TestSet-Topcon/TEST036/oct.mhd,TEST036,65,Topcon,test,-1,,True,RETOUCH,0,CNV,1.0,1.4569457e-09,0.78878284,-25.39621,1,-44.862076,False,-4.3791823,False,-7.266301,False,-50.742226,False,False,True
/Users/yuhaowang/Documents/UCL/Term3_Proj/Dataset/RETOUCH/RETOUCH/RETOUCH-TestSet-Topcon/TEST036/oct.mhd,TEST036,66,Topcon,test,-1,,True,RETOUCH,0,CNV,1.0,2.2605395e-10,0.83823305,-25.811262,1,-47.138897,False,-4.379183,False,-7.266301,False,-52.057316,False,False,True
/Users/yuhaowang/Documents/UCL/Term3_Proj/Dataset/RETOUCH/RETOUCH/RETOUCH-TestSet-Topcon/TEST036/oct.mhd,TEST036,67,Topcon,test,-1,,True,RETOUCH,0,CNV,1.0,1.3810668e-11,0.81158817,-27.060404,1,-48.115993,False,-4.379183,False,-7.266301,False,-53.9091,False,False,True
/Users/yuhaowang/Documents/UCL/Term3_Proj/Dataset/RETOUCH/RETOUCH/RETOUCH-TestSet-Topcon/TEST036/oct.mhd,TEST036,68,Topcon,test,-1,,True,RETOUCH,0,CNV,1.0,3.670165e-08,0.7598352,-25.54488,1,-44.115307,False,-4.379174,False,-7.266301,False,-50.653236,False,False,True
/Users/yuhaowang/Documents/UCL/Term3_Proj/Dataset/RETOUCH/RETOUCH/RETOUCH-TestSet-Topcon/TEST037/oct.mhd,TEST037,60,Topcon,test,-1,,True,RETOUCH,1,DME,0.871614,0.4445033,0.28702185,-23.85215,1,-25.751188,False,100.678,True,-7.266301,False,17.426188,True,True,True
/Users/yuhaowang/Documents/UCL/Term3_Proj/Dataset/RETOUCH/RETOUCH/RETOUCH-TestSet-Topcon/TEST037/oct.mhd,TEST037,61,Topcon,test,-1,,True,RETOUCH,3,NORMAL,0.98007524,0.1368526,0.13715522,-24.984955,2,-22.428398,False,27.96557,True,5.519489,True,-18.059925,False,True,True
/Users/yuhaowang/Documents/UCL/Term3_Proj/Dataset/RETOUCH/RETOUCH/RETOUCH-TestSet-Topcon/TEST037/oct.mhd,TEST037,62,Topcon,test,-1,,True,RETOUCH,0,CNV,0.7310888,0.27752283,0.11793435,-24.095093,2,-20.45322,False,61.212612,True,5.519489,True,2.535376,True,True,True
/Users/yuhaowang/Documents/UCL/Term3_Proj/Dataset/RETOUCH/RETOUCH/RETOUCH-TestSet-Topcon/TEST037/oct.mhd,TEST037,63,Topcon,test,-1,,True,RETOUCH,1,DME,0.89948,0.4089436,0.31948295,-24.014408,1,-27.080883,False,92.27357,True,-7.266301,False,11.997629,True,True,True
/Users/yuhaowang/Documents/UCL/Term3_Proj/Dataset/RETOUCH/RETOUCH/RETOUCH-TestSet-Topcon/TEST037/oct.mhd,TEST037,64,Topcon,test,-1,,True,RETOUCH,1,DME,0.991621,0.24067229,0.31803954,-24.605991,1,-27.917809,False,52.503086,True,-7.266301,False,-11.52331,False,True,True
/Users/yuhaowang/Documents/UCL/Term3_Proj/Dataset/RETOUCH/RETOUCH/RETOUCH-TestSet-Topcon/TEST037/oct.mhd,TEST037,65,Topcon,test,-1,,True,RETOUCH,3,NORMAL,0.7730604,0.15334743,0.29582432,-24.911129,1,-27.630596,False,31.86408,True,-7.266301,False,-23.46868,False,True,True
/Users/yuhaowang/Documents/UCL/Term3_Proj/Dataset/RETOUCH/RETOUCH/RETOUCH-TestSet-Topcon/TEST037/oct.mhd,TEST037,66,Topcon,test,-1,,True,RETOUCH,3,NORMAL,0.7587157,0.28896934,0.20332932,-23.876879,1,-22.98594,False,63.917965,True,-7.266301,False,-2.4182029,False,True,True
/Users/yuhaowang/Documents/UCL/Term3_Proj/Dataset/RETOUCH/RETOUCH/RETOUCH-TestSet-Topcon/TEST037/oct.mhd,TEST037,67,Topcon,test,-1,,True,RETOUCH,3,NORMAL,0.63218725,0.24155426,0.30295226,-23.559582,1,-25.846775,False,52.711533,True,-7.266301,False,-9.405092,False,True,True
/Users/yuhaowang/Documents/UCL/Term3_Proj/Dataset/RETOUCH/RETOUCH/RETOUCH-TestSet-Topcon/TEST037/oct.mhd,TEST037,68,Topcon,test,-1,,True,RETOUCH,3,NORMAL,0.96120244,0.09977719,0.2678846,-24.322289,2,-25.813948,False,19.202894,True,5.519489,True,-23.436617,False,True,True
/Users/yuhaowang/Documents/UCL/Term3_Proj/Dataset/RETOUCH/RETOUCH/RETOUCH-TestSet-Topcon/TEST038/oct.mhd,TEST038,60,Topcon,test,-1,,True,RETOUCH,0,CNV,1.0,1.9446314e-05,0.5415181,-24.154253,1,-34.724487,False,-4.3745866,False,-7.266301,False,-45.61269,False,False,True
/Users/yuhaowang/Documents/UCL/Term3_Proj/Dataset/RETOUCH/RETOUCH/RETOUCH-TestSet-Topcon/TEST038/oct.mhd,TEST038,61,Topcon,test,-1,,True,RETOUCH,0,CNV,1.0,8.0350335e-05,0.5663959,-24.550531,1,-36.150467,False,-4.3601923,False,-7.266301,False,-46.59206,False,False,True
/Users/yuhaowang/Documents/UCL/Term3_Proj/Dataset/RETOUCH/RETOUCH/RETOUCH-TestSet-Topcon/TEST038/oct.mhd,TEST038,62,Topcon,test,-1,,True,RETOUCH,0,CNV,1.0,3.9594124e-06,0.54915214,-24.67407,1,-35.75796,False,-4.3782473,False,-7.266301,False,-46.610077,False,False,True
/Users/yuhaowang/Documents/UCL/Term3_Proj/Dataset/RETOUCH/RETOUCH/RETOUCH-TestSet-Topcon/TEST038/oct.mhd,TEST038,63,Topcon,test,-1,,True,RETOUCH,0,CNV,1.0,2.0456787e-07,0.61462843,-23.957191,1,-36.877537,False,-4.3791347,False,-7.266301,False,-46.1502,False,False,True
/Users/yuhaowang/Documents/UCL/Term3_Proj/Dataset/RETOUCH/RETOUCH/RETOUCH-TestSet-Topcon/TEST038/oct.mhd,TEST038,64,Topcon,test,-1,,True,RETOUCH,0,CNV,1.0,1.8689747e-08,0.68386406,-23.745829,1,-38.879448,False,-4.3791785,False,-7.266301,False,-46.613785,False,False,True
/Users/yuhaowang/Documents/UCL/Term3_Proj/Dataset/RETOUCH/RETOUCH/RETOUCH-TestSet-Topcon/TEST038/oct.mhd,TEST038,65,Topcon,test,-1,,True,RETOUCH,0,CNV,1.0,2.0573605e-09,0.7103426,-23.092031,1,-38.787666,False,-4.3791823,False,-7.266301,False,-45.794994,False,False,True
/Users/yuhaowang/Documents/UCL/Term3_Proj/Dataset/RETOUCH/RETOUCH/RETOUCH-TestSet-Topcon/TEST038/oct.mhd,TEST038,66,Topcon,test,-1,,True,RETOUCH,0,CNV,1.0,3.3217213e-05,0.48879108,-22.681684,1,-30.755466,False,-4.371332,False,-7.266301,False,-42.41797,False,False,True
/Users/yuhaowang/Documents/UCL/Term3_Proj/Dataset/RETOUCH/RETOUCH/RETOUCH-TestSet-Topcon/TEST038/oct.mhd,TEST038,67,Topcon,test,-1,,True,RETOUCH,0,CNV,1.0,2.0321277e-05,0.52109325,-23.62716,1,-33.251854,False,-4.37438,False,-7.266301,False,-44.451084,False,False,True
/Users/yuhaowang/Documents/UCL/Term3_Proj/Dataset/RETOUCH/RETOUCH/RETOUCH-TestSet-Topcon/TEST038/oct.mhd,TEST038,68,Topcon,test,-1,,True,RETOUCH,0,CNV,0.9999999,0.00010002995,0.47022176,-23.83614,1,-31.861263,False,-4.355541,False,-7.266301,False,-44.19313,False,False,True
/Users/yuhaowang/Documents/UCL/Term3_Proj/Dataset/RETOUCH/RETOUCH/RETOUCH-TestSet-Topcon/TEST039/oct.mhd,TEST039,60,Topcon,test,-1,,True,RETOUCH,0,CNV,0.9999976,0.0008469443,0.33481148,-23.180964,1,-26.34694,False,-4.17901,False,-7.266301,False,-41.328934,False,False,True
/Users/yuhaowang/Documents/UCL/Term3_Proj/Dataset/RETOUCH/RETOUCH/RETOUCH-TestSet-Topcon/TEST039/oct.mhd,TEST039,61,Topcon,test,-1,,True,RETOUCH,0,CNV,1.0,1.747545e-06,0.5549904,-22.05266,1,-32.030716,False,-4.37877,False,-7.266301,False,-42.123207,False,False,True
/Users/yuhaowang/Documents/UCL/Term3_Proj/Dataset/RETOUCH/RETOUCH/RETOUCH-TestSet-Topcon/TEST039/oct.mhd,TEST039,62,Topcon,test,-1,,True,RETOUCH,0,CNV,1.0,6.0262682e-06,0.60320836,-22.5111,1,-34.331203,False,-4.3777585,False,-7.266301,False,-43.498363,False,False,True
/Users/yuhaowang/Documents/UCL/Term3_Proj/Dataset/RETOUCH/RETOUCH/RETOUCH-TestSet-Topcon/TEST039/oct.mhd,TEST039,63,Topcon,test,-1,,True,RETOUCH,0,CNV,0.9999976,0.00016899471,0.3408667,-22.273922,1,-25.192371,False,-4.3392415,False,-7.266301,False,-39.91544,False,False,True
/Users/yuhaowang/Documents/UCL/Term3_Proj/Dataset/RETOUCH/RETOUCH/RETOUCH-TestSet-Topcon/TEST039/oct.mhd,TEST039,64,Topcon,test,-1,,True,RETOUCH,0,CNV,1.0,3.343961e-06,0.5334743,-21.78951,1,-30.916515,False,-4.378392,False,-7.266301,False,-41.40727,False,False,True
/Users/yuhaowang/Documents/UCL/Term3_Proj/Dataset/RETOUCH/RETOUCH/RETOUCH-TestSet-Topcon/TEST039/oct.mhd,TEST039,65,Topcon,test,-1,,True,RETOUCH,0,CNV,0.9999999,3.4525328e-06,0.4893112,-22.36212,1,-30.294678,False,-4.378367,False,-7.266301,False,-41.87264,False,False,True
/Users/yuhaowang/Documents/UCL/Term3_Proj/Dataset/RETOUCH/RETOUCH/RETOUCH-TestSet-Topcon/TEST039/oct.mhd,TEST039,66,Topcon,test,-1,,True,RETOUCH,0,CNV,1.0,9.253854e-07,0.6454778,-22.027405,1,-35.022686,False,-4.378964,False,-7.266301,False,-43.1655,False,False,True
/Users/yuhaowang/Documents/UCL/Term3_Proj/Dataset/RETOUCH/RETOUCH/RETOUCH-TestSet-Topcon/TEST039/oct.mhd,TEST039,67,Topcon,test,-1,,True,RETOUCH,0,CNV,1.0,0.00010953593,0.56513655,-21.495285,1,-31.536367,False,-4.3532944,False,-7.266301,False,-41.261593,False,False,True
/Users/yuhaowang/Documents/UCL/Term3_Proj/Dataset/RETOUCH/RETOUCH/RETOUCH-TestSet-Topcon/TEST039/oct.mhd,TEST039,68,Topcon,test,-1,,True,RETOUCH,0,CNV,1.0,4.552252e-06,0.53072196,-21.57828,1,-30.508268,False,-4.378107,False,-7.266301,False,-41.00685,False,False,True
/Users/yuhaowang/Documents/UCL/Term3_Proj/Dataset/RETOUCH/RETOUCH/RETOUCH-TestSet-Topcon/TEST040/oct.mhd,TEST040,60,Topcon,test,-1,,True,RETOUCH,1,DME,0.999969,1.536525e-05,0.6251828,-23.294775,1,-36.239674,False,-4.375551,False,-7.266301,False,-45.123257,False,False,True
/Users/yuhaowang/Documents/UCL/Term3_Proj/Dataset/RETOUCH/RETOUCH/RETOUCH-TestSet-Topcon/TEST040/oct.mhd,TEST040,61,Topcon,test,-1,,True,RETOUCH,1,DME,0.99999595,0.00015880901,0.63551366,-23.587267,1,-37.023266,False,-4.3416486,False,-7.266301,False,-45.736557,False,False,True
/Users/yuhaowang/Documents/UCL/Term3_Proj/Dataset/RETOUCH/RETOUCH/RETOUCH-TestSet-Topcon/TEST040/oct.mhd,TEST040,62,Topcon,test,-1,,True,RETOUCH,1,DME,0.9999988,8.785757e-05,0.652308,-23.756807,1,-37.839294,False,-4.358418,False,-7.266301,False,-46.242367,False,False,True
/Users/yuhaowang/Documents/UCL/Term3_Proj/Dataset/RETOUCH/RETOUCH/RETOUCH-TestSet-Topcon/TEST040/oct.mhd,TEST040,63,Topcon,test,-1,,True,RETOUCH,1,DME,0.9957968,0.03205064,0.4219835,-23.588493,1,-29.87553,False,3.1959019,True,-7.266301,False,-38.909554,False,True,True
/Users/yuhaowang/Documents/UCL/Term3_Proj/Dataset/RETOUCH/RETOUCH/RETOUCH-TestSet-Topcon/TEST040/oct.mhd,TEST040,64,Topcon,test,-1,,True,RETOUCH,1,DME,0.9999814,0.0004901858,0.5652424,-24.624092,1,-36.221924,False,-4.2633286,False,-7.266301,False,-46.65127,False,False,True
/Users/yuhaowang/Documents/UCL/Term3_Proj/Dataset/RETOUCH/RETOUCH/RETOUCH-TestSet-Topcon/TEST040/oct.mhd,TEST040,65,Topcon,test,-1,,True,RETOUCH,1,DME,0.6549415,0.18237537,0.30693096,-23.840887,1,-26.400948,False,38.72476,True,-7.266301,False,-17.858313,False,True,True
/Users/yuhaowang/Documents/UCL/Term3_Proj/Dataset/RETOUCH/RETOUCH/RETOUCH-TestSet-Topcon/TEST040/oct.mhd,TEST040,66,Topcon,test,-1,,True,RETOUCH,1,DME,0.9967685,0.024112664,0.4957797,-24.409475,1,-33.574963,False,1.3197823,True,-7.266301,False,-42.284428,False,True,True
/Users/yuhaowang/Documents/UCL/Term3_Proj/Dataset/RETOUCH/RETOUCH/RETOUCH-TestSet-Topcon/TEST040/oct.mhd,TEST040,67,Topcon,test,-1,,True,RETOUCH,1,DME,0.99999774,0.0011827257,0.5621473,-24.710485,1,-36.24757,False,-4.0996485,False,-7.266301,False,-46.671677,False,False,True
/Users/yuhaowang/Documents/UCL/Term3_Proj/Dataset/RETOUCH/RETOUCH/RETOUCH-TestSet-Topcon/TEST040/oct.mhd,TEST040,68,Topcon,test,-1,,True,RETOUCH,1,DME,0.9990804,0.0695414,0.49241892,-24.500698,1,-33.59894,False,12.056746,True,-7.266301,False,-36.32563,False,True,True
/Users/yuhaowang/Documents/UCL/Term3_Proj/Dataset/RETOUCH/RETOUCH/RETOUCH-TestSet-Topcon/TEST041/oct.mhd,TEST041,60,Topcon,test,-1,,True,RETOUCH,1,DME,0.9977452,0.002356235,0.565034,-23.741547,1,-34.894283,False,-3.8222928,False,-7.266301,False,-44.864872,False,True,True
/Users/yuhaowang/Documents/UCL/Term3_Proj/Dataset/RETOUCH/RETOUCH/RETOUCH-TestSet-Topcon/TEST041/oct.mhd,TEST041,61,Topcon,test,-1,,True,RETOUCH,1,DME,0.99952686,0.00023310282,0.6197172,-24.311024,1,-37.577404,False,-4.3240895,False,-7.266301,False,-46.795246,False,True,True
/Users/yuhaowang/Documents/UCL/Term3_Proj/Dataset/RETOUCH/RETOUCH/RETOUCH-TestSet-Topcon/TEST041/oct.mhd,TEST041,62,Topcon,test,-1,,True,RETOUCH,1,DME,0.9999398,0.0008984674,0.6485872,-24.224497,1,-38.414574,False,-4.1668324,False,-7.266301,False,-46.902332,False,False,True
/Users/yuhaowang/Documents/UCL/Term3_Proj/Dataset/RETOUCH/RETOUCH/RETOUCH-TestSet-Topcon/TEST041/oct.mhd,TEST041,63,Topcon,test,-1,,True,RETOUCH,1,DME,0.99824417,0.002881784,0.5265747,-24.42029,1,-34.622246,False,-3.6980808,False,-7.266301,False,-45.512928,False,True,True
/Users/yuhaowang/Documents/UCL/Term3_Proj/Dataset/RETOUCH/RETOUCH/RETOUCH-TestSet-Topcon/TEST041/oct.mhd,TEST041,64,Topcon,test,-1,,True,RETOUCH,1,DME,0.9887145,0.036681473,0.49614552,-24.47216,1,-33.681015,False,4.2903876,True,-7.266301,False,-40.716454,False,True,True
/Users/yuhaowang/Documents/UCL/Term3_Proj/Dataset/RETOUCH/RETOUCH/RETOUCH-TestSet-Topcon/TEST041/oct.mhd,TEST041,65,Topcon,test,-1,,True,RETOUCH,0,CNV,0.57544243,0.22878557,0.3153875,-23.88722,1,-26.75343,False,49.69369,True,-7.266301,False,-11.832018,False,True,True
/Users/yuhaowang/Documents/UCL/Term3_Proj/Dataset/RETOUCH/RETOUCH/RETOUCH-TestSet-Topcon/TEST041/oct.mhd,TEST041,66,Topcon,test,-1,,True,RETOUCH,1,DME,0.6697766,0.18302286,0.3911255,-24.044376,1,-29.524513,False,38.877792,True,-7.266301,False,-19.136011,False,True,True
/Users/yuhaowang/Documents/UCL/Term3_Proj/Dataset/RETOUCH/RETOUCH/RETOUCH-TestSet-Topcon/TEST041/oct.mhd,TEST041,67,Topcon,test,-1,,True,RETOUCH,1,DME,0.71056825,0.17813021,0.33614412,-23.509722,1,-26.883518,False,37.721424,True,-7.266301,False,-18.201105,False,True,True
/Users/yuhaowang/Documents/UCL/Term3_Proj/Dataset/RETOUCH/RETOUCH/RETOUCH-TestSet-Topcon/TEST041/oct.mhd,TEST041,68,Topcon,test,-1,,True,RETOUCH,0,CNV,0.9979,0.018258091,0.1738544,-23.774136,1,-21.845293,False,-0.06393075,False,-7.266301,False,-38.099125,False,True,True
/Users/yuhaowang/Documents/UCL/Term3_Proj/Dataset/RETOUCH/RETOUCH/RETOUCH-TestSet-Topcon/TEST042/oct.mhd,TEST042,60,Topcon,test,-1,,True,RETOUCH,0,CNV,0.7249282,0.12539768,0.31659934,-19.920668,2,-20.858372,False,25.258232,True,5.519489,True,-12.941965,False,True,True
/Users/yuhaowang/Documents/UCL/Term3_Proj/Dataset/RETOUCH/RETOUCH/RETOUCH-TestSet-Topcon/TEST042/oct.mhd,TEST042,61,Topcon,test,-1,,True,RETOUCH,1,DME,0.60158616,0.18860221,0.36387226,-19.616604,1,-21.986195,False,40.196457,True,-7.266301,False,-10.3650055,False,True,True
/Users/yuhaowang/Documents/UCL/Term3_Proj/Dataset/RETOUCH/RETOUCH/RETOUCH-TestSet-Topcon/TEST042/oct.mhd,TEST042,62,Topcon,test,-1,,True,RETOUCH,1,DME,0.9973387,0.013740875,0.44669417,-19.911606,1,-25.200743,False,-1.1315632,False,-7.266301,False,-35.263313,False,True,True
/Users/yuhaowang/Documents/UCL/Term3_Proj/Dataset/RETOUCH/RETOUCH/RETOUCH-TestSet-Topcon/TEST042/oct.mhd,TEST042,63,Topcon,test,-1,,True,RETOUCH,1,DME,0.86087245,0.086978436,0.37106314,-19.314247,1,-21.774513,False,16.177942,True,-7.266301,False,-23.519995,False,True,True
/Users/yuhaowang/Documents/UCL/Term3_Proj/Dataset/RETOUCH/RETOUCH/RETOUCH-TestSet-Topcon/TEST042/oct.mhd,TEST042,64,Topcon,test,-1,,True,RETOUCH,0,CNV,0.85273385,0.099883884,0.29423,-20.499672,2,-20.97582,False,19.228111,True,5.519489,True,-17.093063,False,True,True
/Users/yuhaowang/Documents/UCL/Term3_Proj/Dataset/RETOUCH/RETOUCH/RETOUCH-TestSet-Topcon/TEST042/oct.mhd,TEST042,65,Topcon,test,-1,,True,RETOUCH,0,CNV,0.7050753,0.14442658,0.2963147,-18.336628,2,-17.8088,False,29.75566,True,5.519489,True,-7.399179,False,True,True
/Users/yuhaowang/Documents/UCL/Term3_Proj/Dataset/RETOUCH/RETOUCH/RETOUCH-TestSet-Topcon/TEST042/oct.mhd,TEST042,66,Topcon,test,-1,,True,RETOUCH,0,CNV,0.8443047,0.06397709,0.27159032,-19.46071,2,-18.663061,False,10.741636,True,5.519489,True,-19.81841,False,True,True
/Users/yuhaowang/Documents/UCL/Term3_Proj/Dataset/RETOUCH/RETOUCH/RETOUCH-TestSet-Topcon/TEST042/oct.mhd,TEST042,67,Topcon,test,-1,,True,RETOUCH,1,DME,0.5536605,0.10075647,0.31791592,-20.06814,1,-21.123137,False,19.434343,True,-7.266301,False,-22.3496,False,True,True
/Users/yuhaowang/Documents/UCL/Term3_Proj/Dataset/RETOUCH/RETOUCH/RETOUCH-TestSet-Topcon/TEST042/oct.mhd,TEST042,68,Topcon,test,-1,,True,RETOUCH,0,CNV,0.9914513,0.06614883,0.16696501,-20.089441,1,-16.100765,False,11.254921,True,-7.266301,False,-25.204319,False,True,True
/Users/yuhaowang/Documents/UCL/Term3_Proj/Dataset/RETOUCH/RETOUCH/RETOUCH-TrainingSet-Cirrus/TRAIN001/oct.mhd,TRAIN001,60,Cirrus,train,-1,,True,RETOUCH,1,DME,0.99988806,0.0019258508,0.6173543,-2.8124692,1,-5.3274155,False,-3.9240131,False,-7.266301,False,-9.165895,False,False,True
/Users/yuhaowang/Documents/UCL/Term3_Proj/Dataset/RETOUCH/RETOUCH/RETOUCH-TrainingSet-Cirrus/TRAIN001/oct.mhd,TRAIN001,61,Cirrus,train,-1,,True,RETOUCH,1,DME,0.99999595,0.00025484303,0.6694105,-2.9285357,1,-7.244086,False,-4.3189516,False,-7.266301,False,-10.216019,False,False,True
/Users/yuhaowang/Documents/UCL/Term3_Proj/Dataset/RETOUCH/RETOUCH/RETOUCH-TrainingSet-Cirrus/TRAIN001/oct.mhd,TRAIN001,62,Cirrus,train,-1,,True,RETOUCH,1,DME,0.999941,0.00060802465,0.6507736,-3.237858,1,-7.0829463,False,-4.235478,False,-7.266301,False,-10.482828,False,False,True
/Users/yuhaowang/Documents/UCL/Term3_Proj/Dataset/RETOUCH/RETOUCH/RETOUCH-TrainingSet-Cirrus/TRAIN001/oct.mhd,TRAIN001,63,Cirrus,train,-1,,True,RETOUCH,1,DME,0.99406224,0.0060674846,0.5419084,-2.5606215,1,-2.4244115,False,-2.9451487,False,-7.266301,False,-7.268484,False,True,True
/Users/yuhaowang/Documents/UCL/Term3_Proj/Dataset/RETOUCH/RETOUCH/RETOUCH-TrainingSet-Cirrus/TRAIN001/oct.mhd,TRAIN001,64,Cirrus,train,-1,,True,RETOUCH,1,DME,0.9999696,0.0016126935,0.5333927,-2.733445,1,-2.3979006,False,-3.9980268,False,-7.266301,False,-8.062643,False,False,True
/Users/yuhaowang/Documents/UCL/Term3_Proj/Dataset/RETOUCH/RETOUCH/RETOUCH-TrainingSet-Cirrus/TRAIN001/oct.mhd,TRAIN001,65,Cirrus,train,-1,,True,RETOUCH,1,DME,0.999877,0.00019542454,0.61481744,-2.6262343,1,-4.96379,False,-4.3329945,False,-7.266301,False,-9.043163,False,False,True
/Users/yuhaowang/Documents/UCL/Term3_Proj/Dataset/RETOUCH/RETOUCH/RETOUCH-TrainingSet-Cirrus/TRAIN001/oct.mhd,TRAIN001,66,Cirrus,train,-1,,True,RETOUCH,1,DME,0.99999976,3.6762358e-05,0.618897,-3.2041426,1,-5.9651794,False,-4.370494,False,-7.266301,False,-10.118029,False,False,True
/Users/yuhaowang/Documents/UCL/Term3_Proj/Dataset/RETOUCH/RETOUCH/RETOUCH-TrainingSet-Cirrus/TRAIN001/oct.mhd,TRAIN001,67,Cirrus,train,-1,,True,RETOUCH,1,DME,0.9999944,0.0042580543,0.5874991,-4.0141683,1,-6.126029,False,-3.3728027,False,-7.266301,False,-10.584686,False,False,True
/Users/yuhaowang/Documents/UCL/Term3_Proj/Dataset/RETOUCH/RETOUCH/RETOUCH-TrainingSet-Cirrus/TRAIN001/oct.mhd,TRAIN001,68,Cirrus,train,-1,,True,RETOUCH,1,DME,0.9999362,0.00036468054,0.6167223,-3.1231875,1,-5.771221,False,-4.2929916,False,-7.266301,False,-9.907323,False,False,True
/Users/yuhaowang/Documents/UCL/Term3_Proj/Dataset/RETOUCH/RETOUCH/RETOUCH-TrainingSet-Cirrus/TRAIN002/oct.mhd,TRAIN002,60,Cirrus,train,-1,,True,RETOUCH,1,DME,0.99989796,8.0433674e-05,0.6952274,-2.282755,1,-7.1421447,False,-4.3601723,False,-7.266301,False,-9.426552,False,False,True
/Users/yuhaowang/Documents/UCL/Term3_Proj/Dataset/RETOUCH/RETOUCH/RETOUCH-TrainingSet-Cirrus/TRAIN002/oct.mhd,TRAIN002,61,Cirrus,train,-1,,True,RETOUCH,1,DME,0.99999225,0.00012644712,0.6805094,-2.834123,1,-7.4744244,False,-4.3492975,False,-7.266301,False,-10.202276,False,False,True
/Users/yuhaowang/Documents/UCL/Term3_Proj/Dataset/RETOUCH/RETOUCH/RETOUCH-TrainingSet-Cirrus/TRAIN002/oct.mhd,TRAIN002,62,Cirrus,train,-1,,True,RETOUCH,1,DME,0.9999912,6.7035726e-05,0.69346154,-2.4718971,1,-7.3660555,False,-4.363339,False,-7.266301,False,-9.735966,False,False,True
/Users/yuhaowang/Documents/UCL/Term3_Proj/Dataset/RETOUCH/RETOUCH/RETOUCH-TrainingSet-Cirrus/TRAIN002/oct.mhd,TRAIN002,63,Cirrus,train,-1,,True,RETOUCH,1,DME,0.99999714,3.0928553e-05,0.68841994,-2.5188081,1,-7.267448,False,-4.371873,False,-7.266301,False,-9.761837,False,False,True
/Users/yuhaowang/Documents/UCL/Term3_Proj/Dataset/RETOUCH/RETOUCH/RETOUCH-TrainingSet-Cirrus/TRAIN002/oct.mhd,TRAIN002,64,Cirrus,train,-1,,True,RETOUCH,1,DME,0.9997135,0.0013467171,0.6026744,-2.276645,1,-4.0340767,False,-4.0608897,False,-7.266301,False,-8.135656,False,True,True
/Users/yuhaowang/Documents/UCL/Term3_Proj/Dataset/RETOUCH/RETOUCH/RETOUCH-TrainingSet-Cirrus/TRAIN002/oct.mhd,TRAIN002,65,Cirrus,train,-1,,True,RETOUCH,1,DME,0.99700075,0.0023829434,0.57256365,-1.9186083,1,-2.4901123,False,-3.8159804,False,-7.266301,False,-7.0131946,False,True,True
/Users/yuhaowang/Documents/UCL/Term3_Proj/Dataset/RETOUCH/RETOUCH/RETOUCH-TrainingSet-Cirrus/TRAIN002/oct.mhd,TRAIN002,66,Cirrus,train,-1,,True,RETOUCH,1,DME,0.9341923,0.020097315,0.51402193,-2.3059406,1,-1.1095877,False,0.3707652,True,-7.266301,False,-4.6142325,False,True,True
/Users/yuhaowang/Documents/UCL/Term3_Proj/Dataset/RETOUCH/RETOUCH/RETOUCH-TrainingSet-Cirrus/TRAIN002/oct.mhd,TRAIN002,67,Cirrus,train,-1,,True,RETOUCH,1,DME,0.9999888,5.840673e-06,0.71395195,-1.9313416,1,-7.2432327,False,-4.3778024,False,-7.266301,False,-9.050354,False,False,True
/Users/yuhaowang/Documents/UCL/Term3_Proj/Dataset/RETOUCH/RETOUCH/RETOUCH-TrainingSet-Cirrus/TRAIN002/oct.mhd,TRAIN002,68,Cirrus,train,-1,,True,RETOUCH,1,DME,0.9999223,0.00011938438,0.6408311,-2.1710753,1,-5.1536894,False,-4.3509665,False,-7.266301,False,-8.574289,False,False,True
/Users/yuhaowang/Documents/UCL/Term3_Proj/Dataset/RETOUCH/RETOUCH/RETOUCH-TrainingSet-Cirrus/TRAIN003/oct.mhd,TRAIN003,60,Cirrus,train,-1,,True,RETOUCH,1,DME,0.9761227,0.044128403,0.5295252,-3.3227313,1,-3.150226,False,6.050451,True,-7.266301,False,-3.3533087,False,True,True
/Users/yuhaowang/Documents/UCL/Term3_Proj/Dataset/RETOUCH/RETOUCH/RETOUCH-TrainingSet-Cirrus/TRAIN003/oct.mhd,TRAIN003,61,Cirrus,train,-1,,True,RETOUCH,1,DME,0.99996626,0.00018507824,0.68656397,-3.4029818,1,-8.528399,False,-4.33544,False,-7.266301,False,-11.256046,False,False,True
/Users/yuhaowang/Documents/UCL/Term3_Proj/Dataset/RETOUCH/RETOUCH/RETOUCH-TrainingSet-Cirrus/TRAIN003/oct.mhd,TRAIN003,62,Cirrus,train,-1,,True,RETOUCH,1,DME,0.9997836,0.0014834604,0.6464691,-3.5317242,1,-7.3785677,False,-4.028571,False,-7.266301,False,-10.824931,False,True,True
/Users/yuhaowang/Documents/UCL/Term3_Proj/Dataset/RETOUCH/RETOUCH/RETOUCH-TrainingSet-Cirrus/TRAIN003/oct.mhd,TRAIN003,63,Cirrus,train,-1,,True,RETOUCH,1,DME,0.9358072,0.12694892,0.45216295,-2.9367983,1,0.017591476,True,25.624863,True,-7.266301,False,9.325161,True,True,True
/Users/yuhaowang/Documents/UCL/Term3_Proj/Dataset/RETOUCH/RETOUCH/RETOUCH-TrainingSet-Cirrus/TRAIN003/oct.mhd,TRAIN003,64,Cirrus,train,-1,,True,RETOUCH,1,DME,0.9585287,0.08174433,0.46407953,-2.928057,1,-0.36832666,False,14.940876,True,-7.266301,False,3.1502624,True,True,True
/Users/yuhaowang/Documents/UCL/Term3_Proj/Dataset/RETOUCH/RETOUCH/RETOUCH-TrainingSet-Cirrus/TRAIN003/oct.mhd,TRAIN003,65,Cirrus,train,-1,,True,RETOUCH,1,DME,0.9324656,0.10575232,0.46918347,-2.9301,1,-0.5422783,False,20.6151,True,-7.266301,False,6.2970243,True,True,True
/Users/yuhaowang/Documents/UCL/Term3_Proj/Dataset/RETOUCH/RETOUCH/RETOUCH-TrainingSet-Cirrus/TRAIN003/oct.mhd,TRAIN003,66,Cirrus,train,-1,,True,RETOUCH,1,DME,0.99980944,0.00060029374,0.6095524,-3.2551951,1,-5.7286916,False,-4.2373047,False,-7.266301,False,-10.0192375,False,True,True
/Users/yuhaowang/Documents/UCL/Term3_Proj/Dataset/RETOUCH/RETOUCH/RETOUCH-TrainingSet-Cirrus/TRAIN003/oct.mhd,TRAIN003,67,Cirrus,train,-1,,True,RETOUCH,1,DME,0.9993343,0.061388757,0.60043025,-2.9749553,1,-5.0039015,False,10.12989,True,-7.266301,False,-1.2908254,False,True,True
/Users/yuhaowang/Documents/UCL/Term3_Proj/Dataset/RETOUCH/RETOUCH/RETOUCH-TrainingSet-Cirrus/TRAIN003/oct.mhd,TRAIN003,68,Cirrus,train,-1,,True,RETOUCH,1,DME,0.94362336,0.017704666,0.48412585,-2.9116607,1,-1.0149975,False,-0.19473147,False,-7.266301,False,-5.6284924,False,True,True
/Users/yuhaowang/Documents/UCL/Term3_Proj/Dataset/RETOUCH/RETOUCH/RETOUCH-TrainingSet-Cirrus/TRAIN004/oct.mhd,TRAIN004,60,Cirrus,train,-1,,True,RETOUCH,0,CNV,1.0,1.4266257e-06,0.7100845,-4.1587424,1,-10.446867,False,-4.3788457,False,-7.266301,False,-12.876789,False,False,True
/Users/yuhaowang/Documents/UCL/Term3_Proj/Dataset/RETOUCH/RETOUCH/RETOUCH-TrainingSet-Cirrus/TRAIN004/oct.mhd,TRAIN004,61,Cirrus,train,-1,,True,RETOUCH,0,CNV,1.0,4.679368e-09,0.81693625,-4.563785,1,-14.630669,False,-4.379182,False,-7.266301,False,-14.863638,False,False,True
/Users/yuhaowang/Documents/UCL/Term3_Proj/Dataset/RETOUCH/RETOUCH/RETOUCH-TrainingSet-Cirrus/TRAIN004/oct.mhd,TRAIN004,62,Cirrus,train,-1,,True,RETOUCH,0,CNV,1.0,2.3371001e-07,0.8081336,-4.220262,1,-13.821877,False,-4.3791275,False,-7.266301,False,-14.160748,False,False,True
/Users/yuhaowang/Documents/UCL/Term3_Proj/Dataset/RETOUCH/RETOUCH/RETOUCH-TrainingSet-Cirrus/TRAIN004/oct.mhd,TRAIN004,63,Cirrus,train,-1,,True,RETOUCH,0,CNV,1.0,7.275432e-09,0.81219286,-4.8029165,1,-14.829689,False,-4.379181,False,-7.266301,False,-15.222427,False,False,True
/Users/yuhaowang/Documents/UCL/Term3_Proj/Dataset/RETOUCH/RETOUCH/RETOUCH-TrainingSet-Cirrus/TRAIN004/oct.mhd,TRAIN004,64,Cirrus,train,-1,,True,RETOUCH,0,CNV,1.0,4.679962e-11,0.8380391,-4.87503,1,-15.803003,False,-4.379183,False,-7.266301,False,-15.658018,False,False,True
/Users/yuhaowang/Documents/UCL/Term3_Proj/Dataset/RETOUCH/RETOUCH/RETOUCH-TrainingSet-Cirrus/TRAIN004/oct.mhd,TRAIN004,65,Cirrus,train,-1,,True,RETOUCH,0,CNV,1.0,2.3147413e-07,0.746396,-3.4618611,1,-10.619848,False,-4.379128,False,-7.266301,False,-12.101278,False,False,True
/Users/yuhaowang/Documents/UCL/Term3_Proj/Dataset/RETOUCH/RETOUCH/RETOUCH-TrainingSet-Cirrus/TRAIN004/oct.mhd,TRAIN004,66,Cirrus,train,-1,,True,RETOUCH,0,CNV,1.0,1.1381346e-08,0.741331,-4.69598,1,-12.297018,False,-4.37918,False,-7.266301,False,-14.185989,False,False,True
/Users/yuhaowang/Documents/UCL/Term3_Proj/Dataset/RETOUCH/RETOUCH/RETOUCH-TrainingSet-Cirrus/TRAIN004/oct.mhd,TRAIN004,67,Cirrus,train,-1,,True,RETOUCH,0,CNV,1.0,4.438121e-08,0.801743,-4.0162435,1,-13.302605,False,-4.3791723,False,-7.266301,False,-13.729389,False,False,True
/Users/yuhaowang/Documents/UCL/Term3_Proj/Dataset/RETOUCH/RETOUCH/RETOUCH-TrainingSet-Cirrus/TRAIN004/oct.mhd,TRAIN004,68,Cirrus,train,-1,,True,RETOUCH,0,CNV,1.0,1.1831098e-06,0.5529636,-3.9342082,1,-4.8500333,False,-4.3789034,False,-7.266301,False,-10.600607,False,False,True
/Users/yuhaowang/Documents/UCL/Term3_Proj/Dataset/RETOUCH/RETOUCH/RETOUCH-TrainingSet-Cirrus/TRAIN005/oct.mhd,TRAIN005,60,Cirrus,train,-1,,True,RETOUCH,0,CNV,1.0,4.4046872e-05,0.5929416,-5.723928,1,-8.866778,False,-4.3687725,False,-7.266301,False,-14.186087,False,False,True
/Users/yuhaowang/Documents/UCL/Term3_Proj/Dataset/RETOUCH/RETOUCH/RETOUCH-TrainingSet-Cirrus/TRAIN005/oct.mhd,TRAIN005,61,Cirrus,train,-1,,True,RETOUCH,0,CNV,1.0,6.5134824e-05,0.69812775,-5.668382,1,-12.305577,False,-4.3637886,False,-7.266301,False,-15.349215,False,False,True
/Users/yuhaowang/Documents/UCL/Term3_Proj/Dataset/RETOUCH/RETOUCH/RETOUCH-TrainingSet-Cirrus/TRAIN005/oct.mhd,TRAIN005,62,Cirrus,train,-1,,True,RETOUCH,0,CNV,1.0,7.454245e-05,0.59033555,-5.1261325,1,-7.8849673,False,-4.3615646,False,-7.266301,False,-13.111479,False,False,True
/Users/yuhaowang/Documents/UCL/Term3_Proj/Dataset/RETOUCH/RETOUCH/RETOUCH-TrainingSet-Cirrus/TRAIN005/oct.mhd,TRAIN005,63,Cirrus,train,-1,,True,RETOUCH,0,CNV,0.9999994,0.0004539661,0.4213161,-6.509773,1,-4.296242,False,-4.271889,False,-7.266301,False,-13.437456,False,False,True
/Users/yuhaowang/Documents/UCL/Term3_Proj/Dataset/RETOUCH/RETOUCH/RETOUCH-TrainingSet-Cirrus/TRAIN005/oct.mhd,TRAIN005,64,Cirrus,train,-1,,True,RETOUCH,0,CNV,1.0,0.00018617729,0.5777216,-5.772635,1,-8.430058,False,-4.3351803,False,-7.266301,False,-14.069069,False,False,True
/Users/yuhaowang/Documents/UCL/Term3_Proj/Dataset/RETOUCH/RETOUCH/RETOUCH-TrainingSet-Cirrus/TRAIN005/oct.mhd,TRAIN005,65,Cirrus,train,-1,,True,RETOUCH,0,CNV,0.999946,0.002659102,0.34488368,-6.589632,1,-1.8565793,False,-3.750711,False,-7.266301,False,-12.363912,False,False,True
/Users/yuhaowang/Documents/UCL/Term3_Proj/Dataset/RETOUCH/RETOUCH/RETOUCH-TrainingSet-Cirrus/TRAIN005/oct.mhd,TRAIN005,66,Cirrus,train,-1,,True,RETOUCH,0,CNV,1.0,0.00026094186,0.5645813,-5.8205686,1,-8.061813,False,-4.3175097,False,-7.266301,False,-13.98468,False,False,True
/Users/yuhaowang/Documents/UCL/Term3_Proj/Dataset/RETOUCH/RETOUCH/RETOUCH-TrainingSet-Cirrus/TRAIN005/oct.mhd,TRAIN005,67,Cirrus,train,-1,,True,RETOUCH,0,CNV,1.0,6.105427e-06,0.551791,-5.680321,1,-7.4236903,False,-4.37774,False,-7.266301,False,-13.621437,False,False,True
/Users/yuhaowang/Documents/UCL/Term3_Proj/Dataset/RETOUCH/RETOUCH/RETOUCH-TrainingSet-Cirrus/TRAIN005/oct.mhd,TRAIN005,68,Cirrus,train,-1,,True,RETOUCH,0,CNV,0.999997,0.0005612166,0.3517763,-5.793686,1,-0.8962941,False,-4.246541,False,-7.266301,False,-11.343552,False,False,True
/Users/yuhaowang/Documents/UCL/Term3_Proj/Dataset/RETOUCH/RETOUCH/RETOUCH-TrainingSet-Cirrus/TRAIN006/oct.mhd,TRAIN006,60,Cirrus,train,-1,,True,RETOUCH,1,DME,0.9999491,0.00029306323,0.64431244,-3.0325694,1,-6.559411,False,-4.309918,False,-7.266301,False,-10.090521,False,False,True
/Users/yuhaowang/Documents/UCL/Term3_Proj/Dataset/RETOUCH/RETOUCH/RETOUCH-TrainingSet-Cirrus/TRAIN006/oct.mhd,TRAIN006,61,Cirrus,train,-1,,True,RETOUCH,1,DME,0.999948,0.00016964984,0.63343364,-2.7608404,1,-5.788539,False,-4.3390865,False,-7.266301,False,-9.504064,False,False,True
/Users/yuhaowang/Documents/UCL/Term3_Proj/Dataset/RETOUCH/RETOUCH/RETOUCH-TrainingSet-Cirrus/TRAIN006/oct.mhd,TRAIN006,62,Cirrus,train,-1,,True,RETOUCH,1,DME,0.99996686,9.123265e-05,0.7007646,-2.5339944,1,-7.7035055,False,-4.3576202,False,-7.266301,False,-9.92834,False,False,True
/Users/yuhaowang/Documents/UCL/Term3_Proj/Dataset/RETOUCH/RETOUCH/RETOUCH-TrainingSet-Cirrus/TRAIN006/oct.mhd,TRAIN006,63,Cirrus,train,-1,,True,RETOUCH,1,DME,0.9999794,1.8078426e-05,0.6634341,-2.7374249,1,-6.7579956,False,-4.37491,False,-7.266301,False,-9.843718,False,False,True
/Users/yuhaowang/Documents/UCL/Term3_Proj/Dataset/RETOUCH/RETOUCH/RETOUCH-TrainingSet-Cirrus/TRAIN006/oct.mhd,TRAIN006,64,Cirrus,train,-1,,True,RETOUCH,1,DME,0.9999633,3.7124555e-05,0.6779592,-2.8045504,1,-7.3447843,False,-4.3704085,False,-7.266301,False,-10.132206,False,False,True
/Users/yuhaowang/Documents/UCL/Term3_Proj/Dataset/RETOUCH/RETOUCH/RETOUCH-TrainingSet-Cirrus/TRAIN006/oct.mhd,TRAIN006,65,Cirrus,train,-1,,True,RETOUCH,1,DME,0.999979,8.017378e-06,0.7006332,-2.733099,1,-7.9970512,False,-4.377288,False,-7.266301,False,-10.284032,False,False,True
/Users/yuhaowang/Documents/UCL/Term3_Proj/Dataset/RETOUCH/RETOUCH/RETOUCH-TrainingSet-Cirrus/TRAIN006/oct.mhd,TRAIN006,66,Cirrus,train,-1,,True,RETOUCH,1,DME,0.99973994,0.00025151507,0.6490328,-2.8718193,1,-6.476911,False,-4.319738,False,-7.266301,False,-9.873277,False,True,True
/Users/yuhaowang/Documents/UCL/Term3_Proj/Dataset/RETOUCH/RETOUCH/RETOUCH-TrainingSet-Cirrus/TRAIN006/oct.mhd,TRAIN006,67,Cirrus,train,-1,,True,RETOUCH,1,DME,0.99963474,0.00017001061,0.6695747,-2.638048,1,-6.81489,False,-4.339001,False,-7.266301,False,-9.724333,False,True,True
/Users/yuhaowang/Documents/UCL/Term3_Proj/Dataset/RETOUCH/RETOUCH/RETOUCH-TrainingSet-Cirrus/TRAIN006/oct.mhd,TRAIN006,68,Cirrus,train,-1,,True,RETOUCH,1,DME,0.9999349,8.845108e-05,0.69100976,-2.8874147,1,-7.9057527,False,-4.358278,False,-7.266301,False,-10.426038,False,False,True
/Users/yuhaowang/Documents/UCL/Term3_Proj/Dataset/RETOUCH/RETOUCH/RETOUCH-TrainingSet-Cirrus/TRAIN007/oct.mhd,TRAIN007,60,Cirrus,train,-1,,True,RETOUCH,1,DME,0.99998665,4.4898014e-05,0.7030754,-3.1667023,1,-8.7276745,False,-4.3685713,False,-7.266301,False,-11.062216,False,False,True
/Users/yuhaowang/Documents/UCL/Term3_Proj/Dataset/RETOUCH/RETOUCH/RETOUCH-TrainingSet-Cirrus/TRAIN007/oct.mhd,TRAIN007,61,Cirrus,train,-1,,True,RETOUCH,1,DME,0.99996495,4.1465682e-05,0.7034692,-2.8393972,1,-8.251075,False,-4.3693824,False,-7.266301,False,-10.498392,False,False,True
/Users/yuhaowang/Documents/UCL/Term3_Proj/Dataset/RETOUCH/RETOUCH/RETOUCH-TrainingSet-Cirrus/TRAIN007/oct.mhd,TRAIN007,62,Cirrus,train,-1,,True,RETOUCH,1,DME,0.9999486,0.000472622,0.6376977,-3.3901317,1,-6.8729954,False,-4.26748,False,-7.266301,False,-10.608717,False,False,True
/Users/yuhaowang/Documents/UCL/Term3_Proj/Dataset/RETOUCH/RETOUCH/RETOUCH-TrainingSet-Cirrus/TRAIN007/oct.mhd,TRAIN007,63,Cirrus,train,-1,,True,RETOUCH,1,DME,0.99999535,5.2056246e-05,0.74238133,-3.4376075,1,-10.449133,False,-4.3668795,False,-7.266301,False,-12.003994,False,False,True
/Users/yuhaowang/Documents/UCL/Term3_Proj/Dataset/RETOUCH/RETOUCH/RETOUCH-TrainingSet-Cirrus/TRAIN007/oct.mhd,TRAIN007,64,Cirrus,train,-1,,True,RETOUCH,1,DME,0.9999366,8.0548576e-05,0.6481482,-2.7634833,1,-6.2851763,False,-4.3601456,False,-7.266301,False,-9.697191,False,False,True
/Users/yuhaowang/Documents/UCL/Term3_Proj/Dataset/RETOUCH/RETOUCH/RETOUCH-TrainingSet-Cirrus/TRAIN007/oct.mhd,TRAIN007,65,Cirrus,train,-1,,True,RETOUCH,1,DME,0.999997,0.0001594057,0.7060712,-2.838205,1,-8.336412,False,-4.341508,False,-7.266301,False,-10.511774,False,False,True
/Users/yuhaowang/Documents/UCL/Term3_Proj/Dataset/RETOUCH/RETOUCH/RETOUCH-TrainingSet-Cirrus/TRAIN007/oct.mhd,TRAIN007,66,Cirrus,train,-1,,True,RETOUCH,1,DME,0.99995744,5.5054843e-05,0.72266257,-2.9330013,1,-9.033791,False,-4.366171,False,-7.266301,False,-10.889673,False,False,True
/Users/yuhaowang/Documents/UCL/Term3_Proj/Dataset/RETOUCH/RETOUCH/RETOUCH-TrainingSet-Cirrus/TRAIN007/oct.mhd,TRAIN007,67,Cirrus,train,-1,,True,RETOUCH,1,DME,0.9999939,4.1748543e-05,0.7009094,-3.1787179,1,-8.67313,False,-4.3693156,False,-7.266301,False,-11.057528,False,False,True
/Users/yuhaowang/Documents/UCL/Term3_Proj/Dataset/RETOUCH/RETOUCH/RETOUCH-TrainingSet-Cirrus/TRAIN007/oct.mhd,TRAIN007,68,Cirrus,train,-1,,True,RETOUCH,1,DME,0.99999917,5.8415826e-06,0.76109695,-3.0192666,1,-10.449768,False,-4.377802,False,-7.266301,False,-11.507542,False,False,True
/Users/yuhaowang/Documents/UCL/Term3_Proj/Dataset/RETOUCH/RETOUCH/RETOUCH-TrainingSet-Cirrus/TRAIN008/oct.mhd,TRAIN008,60,Cirrus,train,-1,,True,RETOUCH,1,DME,0.9999976,1.8765117e-05,0.701325,-2.3162003,1,-7.396358,False,-4.3747478,False,-7.266301,False,-9.566132,False,False,True
/Users/yuhaowang/Documents/UCL/Term3_Proj/Dataset/RETOUCH/RETOUCH/RETOUCH-TrainingSet-Cirrus/TRAIN008/oct.mhd,TRAIN008,61,Cirrus,train,-1,,True,RETOUCH,1,DME,0.99994195,0.00012985675,0.6094293,-2.6338172,1,-4.794728,False,-4.3484917,False,-7.266301,False,-9.000445,False,False,True
/Users/yuhaowang/Documents/UCL/Term3_Proj/Dataset/RETOUCH/RETOUCH/RETOUCH-TrainingSet-Cirrus/TRAIN008/oct.mhd,TRAIN008,62,Cirrus,train,-1,,True,RETOUCH,1,DME,0.9998919,0.00022591231,0.6266803,-2.4210465,1,-5.0539446,False,-4.325789,False,-7.266301,False,-8.824759,False,False,True
/Users/yuhaowang/Documents/UCL/Term3_Proj/Dataset/RETOUCH/RETOUCH/RETOUCH-TrainingSet-Cirrus/TRAIN008/oct.mhd,TRAIN008,63,Cirrus,train,-1,,True,RETOUCH,1,DME,0.9999927,1.6830716e-05,0.6661443,-2.696948,1,-6.788171,False,-4.375205,False,-7.266301,False,-9.806047,False,False,True
/Users/yuhaowang/Documents/UCL/Term3_Proj/Dataset/RETOUCH/RETOUCH/RETOUCH-TrainingSet-Cirrus/TRAIN008/oct.mhd,TRAIN008,64,Cirrus,train,-1,,True,RETOUCH,1,DME,0.999987,7.263757e-05,0.6588199,-2.0950246,1,-5.6422005,False,-4.3620152,False,-7.266301,False,-8.664245,False,False,True
/Users/yuhaowang/Documents/UCL/Term3_Proj/Dataset/RETOUCH/RETOUCH/RETOUCH-TrainingSet-Cirrus/TRAIN008/oct.mhd,TRAIN008,65,Cirrus,train,-1,,True,RETOUCH,1,DME,0.9999832,2.9100862e-05,0.69842243,-2.0985975,1,-6.973547,False,-4.372305,False,-7.266301,False,-9.151615,False,False,True
/Users/yuhaowang/Documents/UCL/Term3_Proj/Dataset/RETOUCH/RETOUCH/RETOUCH-TrainingSet-Cirrus/TRAIN008/oct.mhd,TRAIN008,66,Cirrus,train,-1,,True,RETOUCH,1,DME,0.9999697,3.5265984e-05,0.67568415,-2.398392,1,-6.6608257,False,-4.3708477,False,-7.266301,False,-9.399054,False,False,True
/Users/yuhaowang/Documents/UCL/Term3_Proj/Dataset/RETOUCH/RETOUCH/RETOUCH-TrainingSet-Cirrus/TRAIN008/oct.mhd,TRAIN008,67,Cirrus,train,-1,,True,RETOUCH,1,DME,0.99996054,0.00074650673,0.6506928,-2.8390183,1,-6.48341,False,-4.202748,False,-7.266301,False,-9.769962,False,False,True
/Users/yuhaowang/Documents/UCL/Term3_Proj/Dataset/RETOUCH/RETOUCH/RETOUCH-TrainingSet-Cirrus/TRAIN008/oct.mhd,TRAIN008,68,Cirrus,train,-1,,True,RETOUCH,1,DME,0.9999658,0.0003905443,0.65877855,-2.6492696,1,-6.4701986,False,-4.2868786,False,-7.266301,False,-9.584759,False,False,True
/Users/yuhaowang/Documents/UCL/Term3_Proj/Dataset/RETOUCH/RETOUCH/RETOUCH-TrainingSet-Cirrus/TRAIN009/oct.mhd,TRAIN009,60,Cirrus,train,-1,,True,RETOUCH,0,CNV,0.99611145,0.048209526,0.15517777,-4.583515,2,7.4972863,True,7.0150123,True,5.519489,True,5.333134,True,True,True
/Users/yuhaowang/Documents/UCL/Term3_Proj/Dataset/RETOUCH/RETOUCH/RETOUCH-TrainingSet-Cirrus/TRAIN009/oct.mhd,TRAIN009,61,Cirrus,train,-1,,True,RETOUCH,3,NORMAL,0.9890372,0.22091913,0.15586385,-4.041332,1,8.285648,True,47.834476,True,-7.266301,False,23.531836,True,True,True
/Users/yuhaowang/Documents/UCL/Term3_Proj/Dataset/RETOUCH/RETOUCH/RETOUCH-TrainingSet-Cirrus/TRAIN009/oct.mhd,TRAIN009,62,Cirrus,train,-1,,True,RETOUCH,3,NORMAL,0.6119286,0.36811984,0.20867015,-4.2688174,1,6.177134,True,82.62498,True,-7.266301,False,42.19373,True,True,True
/Users/yuhaowang/Documents/UCL/Term3_Proj/Dataset/RETOUCH/RETOUCH/RETOUCH-TrainingSet-Cirrus/TRAIN009/oct.mhd,TRAIN009,63,Cirrus,train,-1,,True,RETOUCH,0,CNV,0.8975516,0.14578506,0.18260165,-4.1284823,2,7.259979,True,30.07673,True,5.519489,True,18.84781,True,True,True
/Users/yuhaowang/Documents/UCL/Term3_Proj/Dataset/RETOUCH/RETOUCH/RETOUCH-TrainingSet-Cirrus/TRAIN009/oct.mhd,TRAIN009,64,Cirrus,train,-1,,True,RETOUCH,0,CNV,0.8368436,0.09026593,0.11061645,-5.101887,3,8.213617,True,16.954933,True,18.305277,True,16.431917,True,True,True
/Users/yuhaowang/Documents/UCL/Term3_Proj/Dataset/RETOUCH/RETOUCH/RETOUCH-TrainingSet-Cirrus/TRAIN009/oct.mhd,TRAIN009,65,Cirrus,train,-1,,True,RETOUCH,1,DME,0.6308577,0.16246367,0.36234355,-5.279746,1,-0.4810443,False,34.018677,True,-7.266301,False,11.080933,True,True,True
/Users/yuhaowang/Documents/UCL/Term3_Proj/Dataset/RETOUCH/RETOUCH/RETOUCH-TrainingSet-Cirrus/TRAIN009/oct.mhd,TRAIN009,66,Cirrus,train,-1,,True,RETOUCH,1,DME,0.86425185,0.27164584,0.36517036,-4.386877,1,0.76041365,True,59.823605,True,-7.266301,False,27.204641,True,True,True
/Users/yuhaowang/Documents/UCL/Term3_Proj/Dataset/RETOUCH/RETOUCH/RETOUCH-TrainingSet-Cirrus/TRAIN009/oct.mhd,TRAIN009,67,Cirrus,train,-1,,True,RETOUCH,0,CNV,0.99997044,0.0058695646,0.2804318,-5.30151,1,2.2290163,True,-2.9919267,False,-7.266301,False,-8.921492,False,False,True
/Users/yuhaowang/Documents/UCL/Term3_Proj/Dataset/RETOUCH/RETOUCH/RETOUCH-TrainingSet-Cirrus/TRAIN009/oct.mhd,TRAIN009,68,Cirrus,train,-1,,True,RETOUCH,0,CNV,0.9999502,0.00049447455,0.35222015,-5.0770884,1,0.16117573,True,-4.262315,False,-7.266301,False,-10.112025,False,False,True
/Users/yuhaowang/Documents/UCL/Term3_Proj/Dataset/RETOUCH/RETOUCH/RETOUCH-TrainingSet-Cirrus/TRAIN010/oct.mhd,TRAIN010,60,Cirrus,train,-1,,True,RETOUCH,1,DME,0.99992335,8.323323e-05,0.71647024,-2.9620352,1,-8.869902,False,-4.359511,False,-7.266301,False,-10.862055,False,False,True
/Users/yuhaowang/Documents/UCL/Term3_Proj/Dataset/RETOUCH/RETOUCH/RETOUCH-TrainingSet-Cirrus/TRAIN010/oct.mhd,TRAIN010,61,Cirrus,train,-1,,True,RETOUCH,1,DME,0.9994824,0.00069685,0.70814115,-3.1188948,1,-8.825749,False,-4.214484,False,-7.266301,False,-10.952694,False,True,True
/Users/yuhaowang/Documents/UCL/Term3_Proj/Dataset/RETOUCH/RETOUCH/RETOUCH-TrainingSet-Cirrus/TRAIN010/oct.mhd,TRAIN010,62,Cirrus,train,-1,,True,RETOUCH,1,DME,0.990522,0.004574865,0.64459574,-3.1354837,1,-6.7229,False,-3.2979255,False,-7.266301,False,-9.700054,False,True,True
/Users/yuhaowang/Documents/UCL/Term3_Proj/Dataset/RETOUCH/RETOUCH/RETOUCH-TrainingSet-Cirrus/TRAIN010/oct.mhd,TRAIN010,63,Cirrus,train,-1,,True,RETOUCH,1,DME,0.9980507,0.0020473879,0.6766609,-2.907624,1,-7.455555,False,-3.895288,False,-7.266301,False,-10.026897,False,True,True
/Users/yuhaowang/Documents/UCL/Term3_Proj/Dataset/RETOUCH/RETOUCH/RETOUCH-TrainingSet-Cirrus/TRAIN010/oct.mhd,TRAIN010,64,Cirrus,train,-1,,True,RETOUCH,1,DME,0.99972135,0.00044203782,0.696214,-2.835374,1,-8.0021305,False,-4.2747083,False,-7.266301,False,-10.350732,False,True,True
/Users/yuhaowang/Documents/UCL/Term3_Proj/Dataset/RETOUCH/RETOUCH/RETOUCH-TrainingSet-Cirrus/TRAIN010/oct.mhd,TRAIN010,65,Cirrus,train,-1,,True,RETOUCH,1,DME,0.99906284,0.0007559918,0.70508015,-2.590199,1,-7.932108,False,-4.200506,False,-7.266301,False,-9.988922,False,True,True
/Users/yuhaowang/Documents/UCL/Term3_Proj/Dataset/RETOUCH/RETOUCH/RETOUCH-TrainingSet-Cirrus/TRAIN010/oct.mhd,TRAIN010,66,Cirrus,train,-1,,True,RETOUCH,1,DME,0.9999019,6.404461e-05,0.7548908,-2.9560912,1,-10.147432,False,-4.364046,False,-7.266301,False,-11.315437,False,False,True
/Users/yuhaowang/Documents/UCL/Term3_Proj/Dataset/RETOUCH/RETOUCH/RETOUCH-TrainingSet-Cirrus/TRAIN010/oct.mhd,TRAIN010,67,Cirrus,train,-1,,True,RETOUCH,1,DME,0.9995683,0.00030583376,0.71436644,-2.964308,1,-8.802862,False,-4.3069,False,-7.266301,False,-10.810977,False,True,True
/Users/yuhaowang/Documents/UCL/Term3_Proj/Dataset/RETOUCH/RETOUCH/RETOUCH-TrainingSet-Cirrus/TRAIN010/oct.mhd,TRAIN010,68,Cirrus,train,-1,,True,RETOUCH,1,DME,0.9999862,1.5715428e-05,0.7536169,-3.1629279,1,-10.414295,False,-4.3754683,False,-7.266301,False,-11.666191,False,False,True
/Users/yuhaowang/Documents/UCL/Term3_Proj/Dataset/RETOUCH/RETOUCH/RETOUCH-TrainingSet-Cirrus/TRAIN011/oct.mhd,TRAIN011,60,Cirrus,train,-1,,True,RETOUCH,0,CNV,1.0,1.9639028e-06,0.5370383,-3.9744906,1,-4.3770914,False,-4.378719,False,-7.266301,False,-10.479387,False,False,True
/Users/yuhaowang/Documents/UCL/Term3_Proj/Dataset/RETOUCH/RETOUCH/RETOUCH-TrainingSet-Cirrus/TRAIN011/oct.mhd,TRAIN011,61,Cirrus,train,-1,,True,RETOUCH,0,CNV,0.9999969,0.00021976163,0.2884656,-3.9204803,1,4.0266232,True,-4.327243,False,-7.266301,False,-7.3728228,False,False,True
/Users/yuhaowang/Documents/UCL/Term3_Proj/Dataset/RETOUCH/RETOUCH/RETOUCH-TrainingSet-Cirrus/TRAIN011/oct.mhd,TRAIN011,62,Cirrus,train,-1,,True,RETOUCH,0,CNV,0.99998176,0.00070112664,0.18666756,-3.8958354,1,7.4719777,True,-4.2134733,False,-7.266301,False,-6.0437393,False,False,True
/Users/yuhaowang/Documents/UCL/Term3_Proj/Dataset/RETOUCH/RETOUCH/RETOUCH-TrainingSet-Cirrus/TRAIN011/oct.mhd,TRAIN011,63,Cirrus,train,-1,,True,RETOUCH,0,CNV,0.9997236,0.001017984,0.10679735,-3.5766182,1,10.623936,True,-4.138585,False,-7.266301,False,-4.4877486,False,True,True
/Users/yuhaowang/Documents/UCL/Term3_Proj/Dataset/RETOUCH/RETOUCH/RETOUCH-TrainingSet-Cirrus/TRAIN011/oct.mhd,TRAIN011,64,Cirrus,train,-1,,True,RETOUCH,0,CNV,0.99961793,0.0005983608,0.111051336,-3.6651654,2,10.348995,True,-4.2377615,False,5.519489,True,1.0902972,True,True,True
/Users/yuhaowang/Documents/UCL/Term3_Proj/Dataset/RETOUCH/RETOUCH/RETOUCH-TrainingSet-Cirrus/TRAIN011/oct.mhd,TRAIN011,65,Cirrus,train,-1,,True,RETOUCH,0,CNV,0.99994767,0.00046875374,0.04768217,-4.689096,1,10.938538,True,-4.268394,False,-7.266301,False,-5.7856874,False,False,True
/Users/yuhaowang/Documents/UCL/Term3_Proj/Dataset/RETOUCH/RETOUCH/RETOUCH-TrainingSet-Cirrus/TRAIN011/oct.mhd,TRAIN011,66,Cirrus,train,-1,,True,RETOUCH,0,CNV,0.9997904,0.0005964353,0.11059474,-4.2124205,1,9.545361,True,-4.238217,False,-7.266301,False,-5.6950407,False,True,True
/Users/yuhaowang/Documents/UCL/Term3_Proj/Dataset/RETOUCH/RETOUCH/RETOUCH-TrainingSet-Cirrus/TRAIN011/oct.mhd,TRAIN011,67,Cirrus,train,-1,,True,RETOUCH,0,CNV,0.9999858,0.00014077453,0.24395941,-4.1821046,1,5.1253114,True,-4.345911,False,-7.266301,False,-7.3040223,False,False,True
/Users/yuhaowang/Documents/UCL/Term3_Proj/Dataset/RETOUCH/RETOUCH/RETOUCH-TrainingSet-Cirrus/TRAIN011/oct.mhd,TRAIN011,68,Cirrus,train,-1,,True,RETOUCH,0,CNV,0.9973477,0.0075064152,0.13589416,-4.4927783,1,8.278732,True,-2.6050613,False,-7.266301,False,-5.5617394,False,True,True
/Users/yuhaowang/Documents/UCL/Term3_Proj/Dataset/RETOUCH/RETOUCH/RETOUCH-TrainingSet-Cirrus/TRAIN012/oct.mhd,TRAIN012,60,Cirrus,train,-1,,True,RETOUCH,0,CNV,1.0,1.886968e-09,0.85223,-5.9233694,1,-17.84691,False,-4.3791823,False,-7.266301,False,-17.650852,False,False,True
/Users/yuhaowang/Documents/UCL/Term3_Proj/Dataset/RETOUCH/RETOUCH/RETOUCH-TrainingSet-Cirrus/TRAIN012/oct.mhd,TRAIN012,61,Cirrus,train,-1,,True,RETOUCH,0,CNV,1.0,2.9781972e-08,0.66218126,-6.196366,1,-11.8920765,False,-4.3791757,False,-7.266301,False,-15.844353,False,False,True
/Users/yuhaowang/Documents/UCL/Term3_Proj/Dataset/RETOUCH/RETOUCH/RETOUCH-TrainingSet-Cirrus/TRAIN012/oct.mhd,TRAIN012,62,Cirrus,train,-1,,True,RETOUCH,0,CNV,1.0,1.659057e-06,0.6570541,-5.6619015,1,-10.920624,False,-4.378791,False,-7.266301,False,-14.853447,False,False,True
/Users/yuhaowang/Documents/UCL/Term3_Proj/Dataset/RETOUCH/RETOUCH/RETOUCH-TrainingSet-Cirrus/TRAIN012/oct.mhd,TRAIN012,63,Cirrus,train,-1,,True,RETOUCH,0,CNV,1.0,5.9057425e-07,0.5863272,-5.898355,1,-8.906326,False,-4.3790436,False,-7.266301,False,-14.415745,False,False,True
/Users/yuhaowang/Documents/UCL/Term3_Proj/Dataset/RETOUCH/RETOUCH/RETOUCH-TrainingSet-Cirrus/TRAIN012/oct.mhd,TRAIN012,64,Cirrus,train,-1,,True,RETOUCH,0,CNV,1.0,2.9042758e-06,0.5566318,-5.5782847,1,-7.4330845,False,-4.378496,False,-7.266301,False,-13.502579,False,False,True
/Users/yuhaowang/Documents/UCL/Term3_Proj/Dataset/RETOUCH/RETOUCH/RETOUCH-TrainingSet-Cirrus/TRAIN012/oct.mhd,TRAIN012,65,Cirrus,train,-1,,True,RETOUCH,0,CNV,1.0,1.6054651e-06,0.6717077,-6.322095,1,-12.399191,False,-4.3788033,False,-7.266301,False,-16.177061,False,False,True
/Users/yuhaowang/Documents/UCL/Term3_Proj/Dataset/RETOUCH/RETOUCH/RETOUCH-TrainingSet-Cirrus/TRAIN012/oct.mhd,TRAIN012,66,Cirrus,train,-1,,True,RETOUCH,0,CNV,1.0,1.4072339e-07,0.6286855,-5.4801025,1,-9.698715,False,-4.3791494,False,-7.266301,False,-14.1971,False,False,True
/Users/yuhaowang/Documents/UCL/Term3_Proj/Dataset/RETOUCH/RETOUCH/RETOUCH-TrainingSet-Cirrus/TRAIN012/oct.mhd,TRAIN012,67,Cirrus,train,-1,,True,RETOUCH,0,CNV,1.0,3.769669e-07,0.60285026,-5.625012,1,-9.050528,False,-4.3790936,False,-7.266301,False,-14.138897,False,False,True
/Users/yuhaowang/Documents/UCL/Term3_Proj/Dataset/RETOUCH/RETOUCH/RETOUCH-TrainingSet-Cirrus/TRAIN012/oct.mhd,TRAIN012,68,Cirrus,train,-1,,True,RETOUCH,0,CNV,1.0,5.7570375e-09,0.78780305,-5.76857,1,-15.458075,False,-4.3791814,False,-7.266301,False,-16.608442,False,False,True
/Users/yuhaowang/Documents/UCL/Term3_Proj/Dataset/RETOUCH/RETOUCH/RETOUCH-TrainingSet-Cirrus/TRAIN013/oct.mhd,TRAIN013,60,Cirrus,train,-1,,True,RETOUCH,0,CNV,1.0,9.467974e-06,0.47461346,-5.142705,1,-4.0350757,False,-4.376945,False,-7.266301,False,-11.760021,False,False,True
/Users/yuhaowang/Documents/UCL/Term3_Proj/Dataset/RETOUCH/RETOUCH/RETOUCH-TrainingSet-Cirrus/TRAIN013/oct.mhd,TRAIN013,61,Cirrus,train,-1,,True,RETOUCH,0,CNV,1.0,1.4467178e-06,0.5652282,-5.2506223,1,-7.2305946,False,-4.378841,False,-7.266301,False,-13.036324,False,False,True
/Users/yuhaowang/Documents/UCL/Term3_Proj/Dataset/RETOUCH/RETOUCH/RETOUCH-TrainingSet-Cirrus/TRAIN013/oct.mhd,TRAIN013,62,Cirrus,train,-1,,True,RETOUCH,0,CNV,1.0,2.0295674e-06,0.5295996,-5.475457,1,-6.3740993,False,-4.378703,False,-7.266301,False,-12.9994755,False,False,True
/Users/yuhaowang/Documents/UCL/Term3_Proj/Dataset/RETOUCH/RETOUCH/RETOUCH-TrainingSet-Cirrus/TRAIN013/oct.mhd,TRAIN013,63,Cirrus,train,-1,,True,RETOUCH,0,CNV,1.0,6.6792505e-05,0.48386326,-5.1708946,1,-4.3869686,False,-4.3633966,False,-7.266301,False,-11.912382,False,False,True
/Users/yuhaowang/Documents/UCL/Term3_Proj/Dataset/RETOUCH/RETOUCH/RETOUCH-TrainingSet-Cirrus/TRAIN013/oct.mhd,TRAIN013,64,Cirrus,train,-1,,True,RETOUCH,0,CNV,0.9999995,0.00078344997,0.38009298,-5.586474,1,-1.5343366,False,-4.1940165,False,-7.266301,False,-11.293467,False,False,True
/Users/yuhaowang/Documents/UCL/Term3_Proj/Dataset/RETOUCH/RETOUCH/RETOUCH-TrainingSet-Cirrus/TRAIN013/oct.mhd,TRAIN013,65,Cirrus,train,-1,,True,RETOUCH,0,CNV,1.0,2.071074e-07,0.6899407,-5.850437,1,-12.303884,False,-4.3791337,False,-7.266301,False,-15.57613,False,False,True
/Users/yuhaowang/Documents/UCL/Term3_Proj/Dataset/RETOUCH/RETOUCH/RETOUCH-TrainingSet-Cirrus/TRAIN013/oct.mhd,TRAIN013,66,Cirrus,train,-1,,True,RETOUCH,0,CNV,1.0,3.4064442e-06,0.6185114,-6.287413,1,-10.566135,False,-4.378378,False,-7.266301,False,-15.478029,False,False,True
/Users/yuhaowang/Documents/UCL/Term3_Proj/Dataset/RETOUCH/RETOUCH/RETOUCH-TrainingSet-Cirrus/TRAIN013/oct.mhd,TRAIN013,67,Cirrus,train,-1,,True,RETOUCH,0,CNV,1.0,9.327305e-07,0.6472535,-5.7793093,1,-10.768164,False,-4.3789625,False,-7.266301,False,-14.94002,False,False,True
/Users/yuhaowang/Documents/UCL/Term3_Proj/Dataset/RETOUCH/RETOUCH/RETOUCH-TrainingSet-Cirrus/TRAIN013/oct.mhd,TRAIN013,68,Cirrus,train,-1,,True,RETOUCH,0,CNV,1.0,1.8867411e-07,0.6009913,-5.5363765,1,-8.855649,False,-4.379138,False,-7.266301,False,-13.962519,False,False,True
/Users/yuhaowang/Documents/UCL/Term3_Proj/Dataset/RETOUCH/RETOUCH/RETOUCH-TrainingSet-Cirrus/TRAIN014/oct.mhd,TRAIN014,60,Cirrus,train,-1,,True,RETOUCH,0,CNV,1.0,6.572586e-07,0.83607364,-4.4875712,1,-15.1573925,False,-4.3790274,False,-7.266301,False,-14.960756,False,False,True
/Users/yuhaowang/Documents/UCL/Term3_Proj/Dataset/RETOUCH/RETOUCH/RETOUCH-TrainingSet-Cirrus/TRAIN014/oct.mhd,TRAIN014,61,Cirrus,train,-1,,True,RETOUCH,0,CNV,1.0,8.136042e-11,0.78258866,-4.284777,1,-13.063105,False,-4.379183,False,-7.266301,False,-13.96633,False,False,True
/Users/yuhaowang/Documents/UCL/Term3_Proj/Dataset/RETOUCH/RETOUCH/RETOUCH-TrainingSet-Cirrus/TRAIN014/oct.mhd,TRAIN014,62,Cirrus,train,-1,,True,RETOUCH,0,CNV,1.0,2.5472797e-09,0.77204865,-4.784862,1,-13.458534,False,-4.3791823,False,-7.266301,False,-14.709202,False,False,True
/Users/yuhaowang/Documents/UCL/Term3_Proj/Dataset/RETOUCH/RETOUCH/RETOUCH-TrainingSet-Cirrus/TRAIN014/oct.mhd,TRAIN014,63,Cirrus,train,-1,,True,RETOUCH,0,CNV,1.0,2.8683331e-08,0.7250915,-4.7899,1,-11.89382,False,-4.379176,False,-7.266301,False,-14.154346,False,False,True
/Users/yuhaowang/Documents/UCL/Term3_Proj/Dataset/RETOUCH/RETOUCH/RETOUCH-TrainingSet-Cirrus/TRAIN014/oct.mhd,TRAIN014,64,Cirrus,train,-1,,True,RETOUCH,0,CNV,1.0,5.9479135e-07,0.7629748,-3.9913037,1,-11.96722,False,-4.379042,False,-7.266301,False,-13.220638,False,False,True
/Users/yuhaowang/Documents/UCL/Term3_Proj/Dataset/RETOUCH/RETOUCH/RETOUCH-TrainingSet-Cirrus/TRAIN014/oct.mhd,TRAIN014,65,Cirrus,train,-1,,True,RETOUCH,0,CNV,1.0,2.4877494e-08,0.7890586,-4.6021647,1,-13.754683,False,-4.379177,False,-7.266301,False,-14.595753,False,False,True
/Users/yuhaowang/Documents/UCL/Term3_Proj/Dataset/RETOUCH/RETOUCH/RETOUCH-TrainingSet-Cirrus/TRAIN014/oct.mhd,TRAIN014,66,Cirrus,train,-1,,True,RETOUCH,0,CNV,1.0,8.0661775e-05,0.78016424,-4.4967103,1,-13.29907,False,-4.3601184,False,-7.266301,False,-14.29488,False,False,True
/Users/yuhaowang/Documents/UCL/Term3_Proj/Dataset/RETOUCH/RETOUCH/RETOUCH-TrainingSet-Cirrus/TRAIN014/oct.mhd,TRAIN014,67,Cirrus,train,-1,,True,RETOUCH,0,CNV,1.0,1.1800971e-10,0.82848644,-4.5179625,1,-14.948832,False,-4.379183,False,-7.266301,False,-14.922611,False,False,True
/Users/yuhaowang/Documents/UCL/Term3_Proj/Dataset/RETOUCH/RETOUCH/RETOUCH-TrainingSet-Cirrus/TRAIN014/oct.mhd,TRAIN014,68,Cirrus,train,-1,,True,RETOUCH,0,CNV,1.0,4.3607145e-08,0.7147274,-4.4778805,1,-11.079889,False,-4.3791723,False,-7.266301,False,-13.487513,False,False,True
/Users/yuhaowang/Documents/UCL/Term3_Proj/Dataset/RETOUCH/RETOUCH/RETOUCH-TrainingSet-Cirrus/TRAIN015/oct.mhd,TRAIN015,60,Cirrus,train,-1,,True,RETOUCH,0,CNV,1.0,5.815753e-09,0.8189438,-3.6679306,1,-13.357312,False,-4.3791814,False,-7.266301,False,-13.33032,False,False,True
/Users/yuhaowang/Documents/UCL/Term3_Proj/Dataset/RETOUCH/RETOUCH/RETOUCH-TrainingSet-Cirrus/TRAIN015/oct.mhd,TRAIN015,61,Cirrus,train,-1,,True,RETOUCH,0,CNV,1.0,7.614207e-10,0.82252604,-3.5588186,1,-13.313978,False,-4.379183,False,-7.266301,False,-13.183628,False,False,True
/Users/yuhaowang/Documents/UCL/Term3_Proj/Dataset/RETOUCH/RETOUCH/RETOUCH-TrainingSet-Cirrus/TRAIN015/oct.mhd,TRAIN015,62,Cirrus,train,-1,,True,RETOUCH,0,CNV,1.0,3.5106987e-06,0.66934425,-2.9380324,1,-7.2560773,False,-4.378353,False,-7.266301,False,-10.265354,False,False,True
/Users/yuhaowang/Documents/UCL/Term3_Proj/Dataset/RETOUCH/RETOUCH/RETOUCH-TrainingSet-Cirrus/TRAIN015/oct.mhd,TRAIN015,63,Cirrus,train,-1,,True,RETOUCH,0,CNV,1.0,8.364083e-10,0.7996181,-3.79888,1,-12.906193,False,-4.379183,False,-7.266301,False,-13.326014,False,False,True
/Users/yuhaowang/Documents/UCL/Term3_Proj/Dataset/RETOUCH/RETOUCH/RETOUCH-TrainingSet-Cirrus/TRAIN015/oct.mhd,TRAIN015,64,Cirrus,train,-1,,True,RETOUCH,0,CNV,0.9999989,6.893836e-05,0.48060077,-2.739289,1,-0.6390276,False,-4.3628893,False,-7.266301,False,-7.6456685,False,False,True
/Users/yuhaowang/Documents/UCL/Term3_Proj/Dataset/RETOUCH/RETOUCH/RETOUCH-TrainingSet-Cirrus/TRAIN015/oct.mhd,TRAIN015,65,Cirrus,train,-1,,True,RETOUCH,0,CNV,1.0,6.729683e-07,0.6836834,-3.116502,1,-8.003257,False,-4.3790236,False,-7.266301,False,-10.748105,False,False,True
/Users/yuhaowang/Documents/UCL/Term3_Proj/Dataset/RETOUCH/RETOUCH/RETOUCH-TrainingSet-Cirrus/TRAIN015/oct.mhd,TRAIN015,66,Cirrus,train,-1,,True,RETOUCH,0,CNV,1.0,3.7015106e-06,0.6087746,-2.898021,1,-5.1681666,False,-4.378308,False,-7.266301,False,-9.468773,False,False,True
/Users/yuhaowang/Documents/UCL/Term3_Proj/Dataset/RETOUCH/RETOUCH/RETOUCH-TrainingSet-Cirrus/TRAIN015/oct.mhd,TRAIN015,67,Cirrus,train,-1,,True,RETOUCH,0,CNV,1.0,5.175532e-07,0.67742014,-3.8768191,1,-8.9313,False,-4.3790607,False,-7.266301,False,-11.994738,False,False,True
/Users/yuhaowang/Documents/UCL/Term3_Proj/Dataset/RETOUCH/RETOUCH/RETOUCH-TrainingSet-Cirrus/TRAIN015/oct.mhd,TRAIN015,68,Cirrus,train,-1,,True,RETOUCH,0,CNV,1.0,2.94838e-06,0.70660603,-2.9290848,1,-8.4903145,False,-4.3784857,False,-7.266301,False,-10.697115,False,False,True
/Users/yuhaowang/Documents/UCL/Term3_Proj/Dataset/RETOUCH/RETOUCH/RETOUCH-TrainingSet-Cirrus/TRAIN016/oct.mhd,TRAIN016,60,Cirrus,train,-1,,True,RETOUCH,1,DME,0.9998306,0.0003700261,0.67040426,-2.087897,1,-6.019409,False,-4.291728,False,-7.266301,False,-8.751115,False,False,True
/Users/yuhaowang/Documents/UCL/Term3_Proj/Dataset/RETOUCH/RETOUCH/RETOUCH-TrainingSet-Cirrus/TRAIN016/oct.mhd,TRAIN016,61,Cirrus,train,-1,,True,RETOUCH,1,DME,0.99995685,0.00019407668,0.7163711,-2.1279263,1,-7.6184063,False,-4.333313,False,-7.266301,False,-9.395966,False,False,True
/Users/yuhaowang/Documents/UCL/Term3_Proj/Dataset/RETOUCH/RETOUCH/RETOUCH-TrainingSet-Cirrus/TRAIN016/oct.mhd,TRAIN016,62,Cirrus,train,-1,,True,RETOUCH,1,DME,0.99968886,0.0043078894,0.66589415,-2.3632898,1,-6.2805023,False,-3.3610244,False,-7.266301,False,-8.648971,False,True,True
/Users/yuhaowang/Documents/UCL/Term3_Proj/Dataset/RETOUCH/RETOUCH/RETOUCH-TrainingSet-Cirrus/TRAIN016/oct.mhd,TRAIN016,63,Cirrus,train,-1,,True,RETOUCH,1,DME,0.99999213,0.00018170557,0.7220098,-2.57886,1,-8.48199,False,-4.336237,False,-7.266301,False,-10.249233,False,False,True
/Users/yuhaowang/Documents/UCL/Term3_Proj/Dataset/RETOUCH/RETOUCH/RETOUCH-TrainingSet-Cirrus/TRAIN016/oct.mhd,TRAIN016,64,Cirrus,train,-1,,True,RETOUCH,1,DME,0.9999958,6.0937455e-06,0.7368307,-2.2703595,1,-8.516589,False,-4.377743,False,-7.266301,False,-9.914297,False,False,True
/Users/yuhaowang/Documents/UCL/Term3_Proj/Dataset/RETOUCH/RETOUCH/RETOUCH-TrainingSet-Cirrus/TRAIN016/oct.mhd,TRAIN016,65,Cirrus,train,-1,,True,RETOUCH,1,DME,0.999808,0.00029712915,0.6549172,-2.2412508,1,-5.7303414,False,-4.308957,False,-7.266301,False,-8.84158,False,True,True
/Users/yuhaowang/Documents/UCL/Term3_Proj/Dataset/RETOUCH/RETOUCH/RETOUCH-TrainingSet-Cirrus/TRAIN016/oct.mhd,TRAIN016,66,Cirrus,train,-1,,True,RETOUCH,1,DME,0.9999896,2.323484e-05,0.7016352,-2.5719414,1,-7.78944,False,-4.3736916,False,-7.266301,False,-10.013855,False,False,True
/Users/yuhaowang/Documents/UCL/Term3_Proj/Dataset/RETOUCH/RETOUCH/RETOUCH-TrainingSet-Cirrus/TRAIN016/oct.mhd,TRAIN016,67,Cirrus,train,-1,,True,RETOUCH,1,DME,0.9998779,0.00037000864,0.6850289,-1.8998007,1,-6.227612,False,-4.2917323,False,-7.266301,False,-8.599652,False,False,True
/Users/yuhaowang/Documents/UCL/Term3_Proj/Dataset/RETOUCH/RETOUCH/RETOUCH-TrainingSet-Cirrus/TRAIN016/oct.mhd,TRAIN016,68,Cirrus,train,-1,,True,RETOUCH,1,DME,0.99993396,0.00038324576,0.68097353,-2.3212926,1,-6.7225556,False,-4.288604,False,-7.266301,False,-9.281956,False,False,True
/Users/yuhaowang/Documents/UCL/Term3_Proj/Dataset/RETOUCH/RETOUCH/RETOUCH-TrainingSet-Cirrus/TRAIN017/oct.mhd,TRAIN017,60,Cirrus,train,-1,,True,RETOUCH,0,CNV,1.0,4.2276451e-07,0.6590094,-4.235945,1,-8.852262,False,-4.3790827,False,-7.266301,False,-12.398102,False,False,True
/Users/yuhaowang/Documents/UCL/Term3_Proj/Dataset/RETOUCH/RETOUCH/RETOUCH-TrainingSet-Cirrus/TRAIN017/oct.mhd,TRAIN017,61,Cirrus,train,-1,,True,RETOUCH,0,CNV,0.9999701,2.258076e-05,0.48781326,-4.5023785,1,-3.5188441,False,-4.373846,False,-7.266301,False,-10.8035145,False,False,True
/Users/yuhaowang/Documents/UCL/Term3_Proj/Dataset/RETOUCH/RETOUCH/RETOUCH-TrainingSet-Cirrus/TRAIN017/oct.mhd,TRAIN017,62,Cirrus,train,-1,,True,RETOUCH,0,CNV,1.0,5.7071566e-07,0.6146751,-4.588804,1,-7.895853,False,-4.379048,False,-7.266301,False,-12.479385,False,False,True
/Users/yuhaowang/Documents/UCL/Term3_Proj/Dataset/RETOUCH/RETOUCH/RETOUCH-TrainingSet-Cirrus/TRAIN017/oct.mhd,TRAIN017,63,Cirrus,train,-1,,True,RETOUCH,0,CNV,1.0,2.2005925e-06,0.5866442,-4.582531,1,-6.947914,False,-4.3786626,False,-7.266301,False,-12.131817,False,False,True
/Users/yuhaowang/Documents/UCL/Term3_Proj/Dataset/RETOUCH/RETOUCH/RETOUCH-TrainingSet-Cirrus/TRAIN017/oct.mhd,TRAIN017,64,Cirrus,train,-1,,True,RETOUCH,0,CNV,1.0,2.4569517e-06,0.5760736,-4.4911027,1,-6.457167,False,-4.378602,False,-7.266301,False,-11.845963,False,False,True
/Users/yuhaowang/Documents/UCL/Term3_Proj/Dataset/RETOUCH/RETOUCH/RETOUCH-TrainingSet-Cirrus/TRAIN017/oct.mhd,TRAIN017,65,Cirrus,train,-1,,True,RETOUCH,0,CNV,0.9999925,5.902897e-05,0.45015118,-4.3315763,1,-2.002223,False,-4.3652315,False,-7.266301,False,-10.049659,False,False,True
/Users/yuhaowang/Documents/UCL/Term3_Proj/Dataset/RETOUCH/RETOUCH/RETOUCH-TrainingSet-Cirrus/TRAIN017/oct.mhd,TRAIN017,66,Cirrus,train,-1,,True,RETOUCH,0,CNV,0.99999785,0.009023547,0.43155378,-4.1225624,1,-1.0667582,False,-2.246491,False,-7.266301,False,-8.263884,False,False,True
/Users/yuhaowang/Documents/UCL/Term3_Proj/Dataset/RETOUCH/RETOUCH/RETOUCH-TrainingSet-Cirrus/TRAIN017/oct.mhd,TRAIN017,67,Cirrus,train,-1,,True,RETOUCH,0,CNV,1.0,7.6003425e-07,0.6248835,-4.62233,1,-8.287827,False,-4.3790035,False,-7.266301,False,-12.6601715,False,False,True
/Users/yuhaowang/Documents/UCL/Term3_Proj/Dataset/RETOUCH/RETOUCH/RETOUCH-TrainingSet-Cirrus/TRAIN017/oct.mhd,TRAIN017,68,Cirrus,train,-1,,True,RETOUCH,0,CNV,1.0,1.198199e-07,0.68225986,-4.9479094,1,-10.696148,False,-4.3791547,False,-7.266301,False,-13.914936,False,False,True
/Users/yuhaowang/Documents/UCL/Term3_Proj/Dataset/RETOUCH/RETOUCH/RETOUCH-TrainingSet-Cirrus/TRAIN018/oct.mhd,TRAIN018,60,Cirrus,train,-1,,True,RETOUCH,3,NORMAL,0.99999976,1.2850414e-06,0.5875545,-2.628003,1,-4.0535994,False,-4.378879,False,-7.266301,False,-8.744981,False,False,True
/Users/yuhaowang/Documents/UCL/Term3_Proj/Dataset/RETOUCH/RETOUCH/RETOUCH-TrainingSet-Cirrus/TRAIN018/oct.mhd,TRAIN018,61,Cirrus,train,-1,,True,RETOUCH,3,NORMAL,1.0,1.6543584e-07,0.72821534,-2.90859,1,-9.183184,False,-4.3791437,False,-7.266301,False,-10.9212265,False,False,True
/Users/yuhaowang/Documents/UCL/Term3_Proj/Dataset/RETOUCH/RETOUCH/RETOUCH-TrainingSet-Cirrus/TRAIN018/oct.mhd,TRAIN018,62,Cirrus,train,-1,,True,RETOUCH,3,NORMAL,1.0,0.00011167713,0.46420926,-2.6964788,1,-0.026132584,False,-4.352788,False,-7.266301,False,-7.368786,False,False,True
/Users/yuhaowang/Documents/UCL/Term3_Proj/Dataset/RETOUCH/RETOUCH/RETOUCH-TrainingSet-Cirrus/TRAIN018/oct.mhd,TRAIN018,63,Cirrus,train,-1,,True,RETOUCH,3,NORMAL,1.0,5.244729e-08,0.786323,-2.8447585,1,-11.033268,False,-4.3791704,False,-7.266301,False,-11.507719,False,False,True
/Users/yuhaowang/Documents/UCL/Term3_Proj/Dataset/RETOUCH/RETOUCH/RETOUCH-TrainingSet-Cirrus/TRAIN018/oct.mhd,TRAIN018,64,Cirrus,train,-1,,True,RETOUCH,3,NORMAL,0.9999994,1.9758358e-05,0.5809486,-2.4529037,1,-3.5703933,False,-4.3745127,False,-7.266301,False,-8.358816,False,False,True
/Users/yuhaowang/Documents/UCL/Term3_Proj/Dataset/RETOUCH/RETOUCH/RETOUCH-TrainingSet-Cirrus/TRAIN018/oct.mhd,TRAIN018,65,Cirrus,train,-1,,True,RETOUCH,3,NORMAL,0.99999976,1.5360583e-06,0.5672167,-2.7536097,1,-3.560594,False,-4.37882,False,-7.266301,False,-8.719202,False,False,True
/Users/yuhaowang/Documents/UCL/Term3_Proj/Dataset/RETOUCH/RETOUCH/RETOUCH-TrainingSet-Cirrus/TRAIN018/oct.mhd,TRAIN018,66,Cirrus,train,-1,,True,RETOUCH,3,NORMAL,0.9973821,0.032230534,0.35514003,-1.9939008,1,4.677154,True,3.2384195,True,-7.266301,False,-0.5416846,False,True,True
/Users/yuhaowang/Documents/UCL/Term3_Proj/Dataset/RETOUCH/RETOUCH/RETOUCH-TrainingSet-Cirrus/TRAIN018/oct.mhd,TRAIN018,67,Cirrus,train,-1,,True,RETOUCH,3,NORMAL,0.99999523,0.00040307164,0.4168016,-2.224457,1,2.267548,True,-4.283918,False,-7.266301,False,-5.9401927,False,False,True
/Users/yuhaowang/Documents/UCL/Term3_Proj/Dataset/RETOUCH/RETOUCH/RETOUCH-TrainingSet-Cirrus/TRAIN018/oct.mhd,TRAIN018,68,Cirrus,train,-1,,True,RETOUCH,3,NORMAL,0.8868908,0.16055909,0.4668986,-2.8024666,1,-0.27478075,False,33.56854,True,-7.266301,False,13.87789,True,True,True
/Users/yuhaowang/Documents/UCL/Term3_Proj/Dataset/RETOUCH/RETOUCH/RETOUCH-TrainingSet-Cirrus/TRAIN019/oct.mhd,TRAIN019,60,Cirrus,train,-1,,True,RETOUCH,1,DME,0.997601,0.0016698726,0.6806081,-3.0298018,1,-7.7705474,False,-3.9845128,False,-7.266301,False,-10.337177,False,True,True
/Users/yuhaowang/Documents/UCL/Term3_Proj/Dataset/RETOUCH/RETOUCH/RETOUCH-TrainingSet-Cirrus/TRAIN019/oct.mhd,TRAIN019,61,Cirrus,train,-1,,True,RETOUCH,1,DME,0.9998616,0.0001364497,0.71902585,-2.8590577,1,-8.8013735,False,-4.3469334,False,-7.266301,False,-10.706587,False,False,True
/Users/yuhaowang/Documents/UCL/Term3_Proj/Dataset/RETOUCH/RETOUCH/RETOUCH-TrainingSet-Cirrus/TRAIN019/oct.mhd,TRAIN019,62,Cirrus,train,-1,,True,RETOUCH,1,DME,0.9989973,0.0030562524,0.5920854,-2.630333,1,-4.2087936,False,-3.6568456,False,-7.266301,False,-8.394749,False,True,True
/Users/yuhaowang/Documents/UCL/Term3_Proj/Dataset/RETOUCH/RETOUCH/RETOUCH-TrainingSet-Cirrus/TRAIN019/oct.mhd,TRAIN019,63,Cirrus,train,-1,,True,RETOUCH,1,DME,0.99999034,2.3261004e-05,0.71328145,-2.5331016,1,-8.121268,False,-4.373685,False,-7.266301,False,-10.086116,False,False,True
/Users/yuhaowang/Documents/UCL/Term3_Proj/Dataset/RETOUCH/RETOUCH/RETOUCH-TrainingSet-Cirrus/TRAIN019/oct.mhd,TRAIN019,64,Cirrus,train,-1,,True,RETOUCH,1,DME,0.9998466,0.0069546476,0.64229614,-2.8456316,1,-6.212162,False,-2.73547,False,-7.266301,False,-8.850208,False,False,True
/Users/yuhaowang/Documents/UCL/Term3_Proj/Dataset/RETOUCH/RETOUCH/RETOUCH-TrainingSet-Cirrus/TRAIN019/oct.mhd,TRAIN019,65,Cirrus,train,-1,,True,RETOUCH,1,DME,0.7573539,0.14363042,0.4520061,-2.6851046,1,0.39948225,True,29.567488,True,-7.266301,False,11.996105,True,True,True
/Users/yuhaowang/Documents/UCL/Term3_Proj/Dataset/RETOUCH/RETOUCH/RETOUCH-TrainingSet-Cirrus/TRAIN019/oct.mhd,TRAIN019,66,Cirrus,train,-1,,True,RETOUCH,1,DME,0.99998677,0.0007139582,0.7122977,-2.683463,1,-8.313333,False,-4.2104406,False,-7.266301,False,-10.243311,False,False,True
/Users/yuhaowang/Documents/UCL/Term3_Proj/Dataset/RETOUCH/RETOUCH/RETOUCH-TrainingSet-Cirrus/TRAIN019/oct.mhd,TRAIN019,67,Cirrus,train,-1,,True,RETOUCH,1,DME,0.99993277,0.0012987126,0.6760111,-2.8985794,1,-7.4202633,False,-4.0722356,False,-7.266301,False,-10.103525,False,False,True
/Users/yuhaowang/Documents/UCL/Term3_Proj/Dataset/RETOUCH/RETOUCH/RETOUCH-TrainingSet-Cirrus/TRAIN019/oct.mhd,TRAIN019,68,Cirrus,train,-1,,True,RETOUCH,1,DME,0.99993455,0.0005513788,0.65862924,-2.4033482,1,-6.0971975,False,-4.248866,False,-7.266301,False,-9.1339245,False,False,True
/Users/yuhaowang/Documents/UCL/Term3_Proj/Dataset/RETOUCH/RETOUCH/RETOUCH-TrainingSet-Cirrus/TRAIN020/oct.mhd,TRAIN020,60,Cirrus,train,-1,,True,RETOUCH,0,CNV,1.0,1.6381658e-05,0.37961096,-5.836468,1,-1.8922944,False,-4.375311,False,-7.266301,False,-11.8249,False,False,True
/Users/yuhaowang/Documents/UCL/Term3_Proj/Dataset/RETOUCH/RETOUCH/RETOUCH-TrainingSet-Cirrus/TRAIN020/oct.mhd,TRAIN020,61,Cirrus,train,-1,,True,RETOUCH,0,CNV,0.99998796,0.00018764316,0.24369693,-5.6355844,1,2.959086,True,-4.334834,False,-7.266301,False,-9.82143,False,False,True
/Users/yuhaowang/Documents/UCL/Term3_Proj/Dataset/RETOUCH/RETOUCH/RETOUCH-TrainingSet-Cirrus/TRAIN020/oct.mhd,TRAIN020,62,Cirrus,train,-1,,True,RETOUCH,0,CNV,0.99999964,1.6678256e-05,0.5023346,-5.7780395,1,-5.913983,False,-4.375241,False,-7.266301,False,-13.196295,False,False,True
/Users/yuhaowang/Documents/UCL/Term3_Proj/Dataset/RETOUCH/RETOUCH/RETOUCH-TrainingSet-Cirrus/TRAIN020/oct.mhd,TRAIN020,63,Cirrus,train,-1,,True,RETOUCH,0,CNV,1.0,3.1885775e-06,0.55961025,-5.6062217,1,-7.574616,False,-4.3784294,False,-7.266301,False,-13.586859,False,False,True
/Users/yuhaowang/Documents/UCL/Term3_Proj/Dataset/RETOUCH/RETOUCH/RETOUCH-TrainingSet-Cirrus/TRAIN020/oct.mhd,TRAIN020,64,Cirrus,train,-1,,True,RETOUCH,0,CNV,0.99977285,0.0025977697,0.2310975,-6.043634,1,2.7703338,True,-3.7652068,False,-7.266301,False,-10.05718,False,True,True
/Users/yuhaowang/Documents/UCL/Term3_Proj/Dataset/RETOUCH/RETOUCH/RETOUCH-TrainingSet-Cirrus/TRAIN020/oct.mhd,TRAIN020,65,Cirrus,train,-1,,True,RETOUCH,0,CNV,1.0,8.742418e-07,0.51020396,-5.8957653,1,-6.353638,False,-4.3789763,False,-7.266301,False,-13.497524,False,False,True
/Users/yuhaowang/Documents/UCL/Term3_Proj/Dataset/RETOUCH/RETOUCH/RETOUCH-TrainingSet-Cirrus/TRAIN020/oct.mhd,TRAIN020,66,Cirrus,train,-1,,True,RETOUCH,0,CNV,0.99999917,5.082923e-05,0.38031495,-5.938167,1,-2.06805,False,-4.3671694,False,-7.266301,False,-12.005543,False,False,True
/Users/yuhaowang/Documents/UCL/Term3_Proj/Dataset/RETOUCH/RETOUCH/RETOUCH-TrainingSet-Cirrus/TRAIN020/oct.mhd,TRAIN020,67,Cirrus,train,-1,,True,RETOUCH,0,CNV,0.9999784,0.00011065556,0.2125579,-5.9364095,1,3.5515428,True,-4.3530297,False,-7.266301,False,-9.980953,False,False,True
/Users/yuhaowang/Documents/UCL/Term3_Proj/Dataset/RETOUCH/RETOUCH/RETOUCH-TrainingSet-Cirrus/TRAIN020/oct.mhd,TRAIN020,68,Cirrus,train,-1,,True,RETOUCH,0,CNV,1.0,8.434268e-06,0.4333975,-7.0304713,1,-5.4799447,False,-4.3771896,False,-7.266301,False,-14.547281,False,False,True
/Users/yuhaowang/Documents/UCL/Term3_Proj/Dataset/RETOUCH/RETOUCH/RETOUCH-TrainingSet-Cirrus/TRAIN021/oct.mhd,TRAIN021,60,Cirrus,train,-1,,True,RETOUCH,1,DME,0.63311607,0.23919111,0.31401867,-4.1073065,2,2.8914666,True,52.15301,True,5.519489,True,29.802294,True,True,True
/Users/yuhaowang/Documents/UCL/Term3_Proj/Dataset/RETOUCH/RETOUCH/RETOUCH-TrainingSet-Cirrus/TRAIN021/oct.mhd,TRAIN021,61,Cirrus,train,-1,,True,RETOUCH,1,DME,0.9999969,2.7704693e-05,0.6650241,-4.115619,1,-8.873591,False,-4.372635,False,-7.266301,False,-12.257461,False,False,True
/Users/yuhaowang/Documents/UCL/Term3_Proj/Dataset/RETOUCH/RETOUCH/RETOUCH-TrainingSet-Cirrus/TRAIN021/oct.mhd,TRAIN021,62,Cirrus,train,-1,,True,RETOUCH,1,DME,0.9999833,5.387125e-05,0.62817997,-3.9216537,1,-7.3496957,False,-4.3664503,False,-7.266301,False,-11.47453,False,False,True
/Users/yuhaowang/Documents/UCL/Term3_Proj/Dataset/RETOUCH/RETOUCH/RETOUCH-TrainingSet-Cirrus/TRAIN021/oct.mhd,TRAIN021,63,Cirrus,train,-1,,True,RETOUCH,1,DME,0.9999956,0.0023353947,0.61062056,-4.0042253,1,-6.88532,False,-3.8272185,False,-7.266301,False,-11.102117,False,False,True
/Users/yuhaowang/Documents/UCL/Term3_Proj/Dataset/RETOUCH/RETOUCH/RETOUCH-TrainingSet-Cirrus/TRAIN021/oct.mhd,TRAIN021,64,Cirrus,train,-1,,True,RETOUCH,1,DME,0.99992585,0.0007117735,0.65642804,-4.1363063,1,-8.616729,False,-4.210957,False,-7.266301,False,-12.098741,False,False,True
/Users/yuhaowang/Documents/UCL/Term3_Proj/Dataset/RETOUCH/RETOUCH/RETOUCH-TrainingSet-Cirrus/TRAIN021/oct.mhd,TRAIN021,65,Cirrus,train,-1,,True,RETOUCH,1,DME,0.95537436,0.054086387,0.4686853,-4.010606,1,-2.1424894,False,8.403994,True,-7.266301,False,-2.4868274,False,True,True
/Users/yuhaowang/Documents/UCL/Term3_Proj/Dataset/RETOUCH/RETOUCH/RETOUCH-TrainingSet-Cirrus/TRAIN021/oct.mhd,TRAIN021,66,Cirrus,train,-1,,True,RETOUCH,1,DME,0.99966097,0.020009786,0.48824856,-4.87498,1,-4.0909867,False,0.35007787,True,-7.266301,False,-8.782785,False,True,True
/Users/yuhaowang/Documents/UCL/Term3_Proj/Dataset/RETOUCH/RETOUCH/RETOUCH-TrainingSet-Cirrus/TRAIN021/oct.mhd,TRAIN021,67,Cirrus,train,-1,,True,RETOUCH,1,DME,0.61692125,0.19788212,0.22733405,-4.393812,1,5.365171,True,42.38974,True,-7.266301,False,18.979536,True,True,True
/Users/yuhaowang/Documents/UCL/Term3_Proj/Dataset/RETOUCH/RETOUCH/RETOUCH-TrainingSet-Cirrus/TRAIN021/oct.mhd,TRAIN021,68,Cirrus,train,-1,,True,RETOUCH,1,DME,0.9889557,0.016394697,0.4206392,-3.835015,1,-0.27101707,False,-0.504339,False,-7.266301,False,-6.6469417,False,True,True
/Users/yuhaowang/Documents/UCL/Term3_Proj/Dataset/RETOUCH/RETOUCH/RETOUCH-TrainingSet-Cirrus/TRAIN022/oct.mhd,TRAIN022,60,Cirrus,train,-1,,True,RETOUCH,1,DME,0.9998418,0.0016407538,0.6146904,-2.9821596,1,-5.492151,False,-3.991395,False,-7.266301,False,-9.46706,False,False,True
/Users/yuhaowang/Documents/UCL/Term3_Proj/Dataset/RETOUCH/RETOUCH/RETOUCH-TrainingSet-Cirrus/TRAIN022/oct.mhd,TRAIN022,61,Cirrus,train,-1,,True,RETOUCH,1,DME,0.9999032,0.00033275154,0.6326334,-3.004068,1,-6.1257143,False,-4.300538,False,-7.266301,False,-9.895483,False,False,True
/Users/yuhaowang/Documents/UCL/Term3_Proj/Dataset/RETOUCH/RETOUCH/RETOUCH-TrainingSet-Cirrus/TRAIN022/oct.mhd,TRAIN022,62,Cirrus,train,-1,,True,RETOUCH,1,DME,0.9999651,0.003956372,0.6618047,-2.7797303,1,-6.7667456,False,-3.4441047,False,-7.266301,False,-9.370878,False,False,True
/Users/yuhaowang/Documents/UCL/Term3_Proj/Dataset/RETOUCH/RETOUCH/RETOUCH-TrainingSet-Cirrus/TRAIN022/oct.mhd,TRAIN022,63,Cirrus,train,-1,,True,RETOUCH,1,DME,0.9958792,0.005539473,0.55247456,-2.6706297,1,-2.9428148,False,-3.0699427,False,-7.266301,False,-7.6571846,False,True,True
/Users/yuhaowang/Documents/UCL/Term3_Proj/Dataset/RETOUCH/RETOUCH/RETOUCH-TrainingSet-Cirrus/TRAIN022/oct.mhd,TRAIN022,64,Cirrus,train,-1,,True,RETOUCH,1,DME,0.99999344,3.231442e-05,0.71027714,-2.7362108,1,-8.324613,False,-4.3715453,False,-7.266301,False,-10.401943,False,False,True
/Users/yuhaowang/Documents/UCL/Term3_Proj/Dataset/RETOUCH/RETOUCH/RETOUCH-TrainingSet-Cirrus/TRAIN022/oct.mhd,TRAIN022,65,Cirrus,train,-1,,True,RETOUCH,1,DME,0.99998987,0.0015903767,0.6898818,-3.744778,1,-9.150961,False,-4.0033016,False,-7.266301,False,-11.702084,False,False,True
/Users/yuhaowang/Documents/UCL/Term3_Proj/Dataset/RETOUCH/RETOUCH/RETOUCH-TrainingSet-Cirrus/TRAIN022/oct.mhd,TRAIN022,66,Cirrus,train,-1,,True,RETOUCH,1,DME,0.9999777,0.018156167,0.6262244,-3.0497835,1,-5.9795337,False,-0.088020325,False,-7.266301,False,-7.5137773,False,False,True
/Users/yuhaowang/Documents/UCL/Term3_Proj/Dataset/RETOUCH/RETOUCH/RETOUCH-TrainingSet-Cirrus/TRAIN022/oct.mhd,TRAIN022,67,Cirrus,train,-1,,True,RETOUCH,1,DME,0.9997423,0.00056361454,0.59678346,-3.0439277,1,-4.9850082,False,-4.245974,False,-7.266301,False,-9.503601,False,True,True
/Users/yuhaowang/Documents/UCL/Term3_Proj/Dataset/RETOUCH/RETOUCH/RETOUCH-TrainingSet-Cirrus/TRAIN022/oct.mhd,TRAIN022,68,Cirrus,train,-1,,True,RETOUCH,1,DME,0.9881032,0.027739733,0.51487803,-3.3233273,1,-2.6606903,False,2.1770306,True,-7.266301,False,-5.3708687,False,True,True
/Users/yuhaowang/Documents/UCL/Term3_Proj/Dataset/RETOUCH/RETOUCH/RETOUCH-TrainingSet-Cirrus/TRAIN023/oct.mhd,TRAIN023,60,Cirrus,train,-1,,True,RETOUCH,0,CNV,1.0,6.8664043e-09,0.79723847,-5.345528,1,-15.140949,False,-4.379181,False,-7.266301,False,-15.986248,False,False,True
/Users/yuhaowang/Documents/UCL/Term3_Proj/Dataset/RETOUCH/RETOUCH/RETOUCH-TrainingSet-Cirrus/TRAIN023/oct.mhd,TRAIN023,61,Cirrus,train,-1,,True,RETOUCH,0,CNV,0.99978656,0.023422413,0.6969144,-4.60042,1,-10.66683,False,1.1566429,True,-7.266301,False,-10.353506,False,True,True
/Users/yuhaowang/Documents/UCL/Term3_Proj/Dataset/RETOUCH/RETOUCH/RETOUCH-TrainingSet-Cirrus/TRAIN023/oct.mhd,TRAIN023,62,Cirrus,train,-1,,True,RETOUCH,0,CNV,0.99983084,0.018019468,0.5480867,-4.634235,1,-5.734276,False,-0.1203289,False,-7.266301,False,-9.348722,False,False,True
/Users/yuhaowang/Documents/UCL/Term3_Proj/Dataset/RETOUCH/RETOUCH/RETOUCH-TrainingSet-Cirrus/TRAIN023/oct.mhd,TRAIN023,63,Cirrus,train,-1,,True,RETOUCH,0,CNV,1.0,2.4644214e-07,0.7463234,-5.2279344,1,-13.260204,False,-4.3791246,False,-7.266301,False,-15.170666,False,False,True
/Users/yuhaowang/Documents/UCL/Term3_Proj/Dataset/RETOUCH/RETOUCH/RETOUCH-TrainingSet-Cirrus/TRAIN023/oct.mhd,TRAIN023,64,Cirrus,train,-1,,True,RETOUCH,0,CNV,0.9999188,0.012005648,0.5208958,-4.6970987,1,-4.9179196,False,-1.5416794,False,-7.266301,False,-9.936121,False,False,True
/Users/yuhaowang/Documents/UCL/Term3_Proj/Dataset/RETOUCH/RETOUCH/RETOUCH-TrainingSet-Cirrus/TRAIN023/oct.mhd,TRAIN023,65,Cirrus,train,-1,,True,RETOUCH,0,CNV,1.0,0.0003300649,0.6846377,-4.738836,1,-10.462904,False,-4.3011727,False,-7.266301,False,-13.5358715,False,False,True
/Users/yuhaowang/Documents/UCL/Term3_Proj/Dataset/RETOUCH/RETOUCH/RETOUCH-TrainingSet-Cirrus/TRAIN023/oct.mhd,TRAIN023,66,Cirrus,train,-1,,True,RETOUCH,0,CNV,0.9999974,0.0003628767,0.4791108,-5.075299,1,-4.084791,False,-4.293418,False,-7.266301,False,-11.649542,False,False,True
/Users/yuhaowang/Documents/UCL/Term3_Proj/Dataset/RETOUCH/RETOUCH/RETOUCH-TrainingSet-Cirrus/TRAIN023/oct.mhd,TRAIN023,67,Cirrus,train,-1,,True,RETOUCH,0,CNV,0.9999397,0.17091155,0.45389917,-4.7911835,1,-2.8154817,False,36.015316,True,-7.266301,False,11.961458,True,False,True
/Users/yuhaowang/Documents/UCL/Term3_Proj/Dataset/RETOUCH/RETOUCH/RETOUCH-TrainingSet-Cirrus/TRAIN023/oct.mhd,TRAIN023,68,Cirrus,train,-1,,True,RETOUCH,0,CNV,0.9999982,0.0015181538,0.45485225,-4.470086,1,-2.366897,False,-4.020371,False,-7.266301,False,-10.15169,False,False,True
/Users/yuhaowang/Documents/UCL/Term3_Proj/Dataset/RETOUCH/RETOUCH/RETOUCH-TrainingSet-Cirrus/TRAIN024/oct.mhd,TRAIN024,60,Cirrus,train,-1,,True,RETOUCH,0,CNV,0.99999964,3.865527e-05,0.3856667,-5.90007,1,-2.1902318,False,-4.3700466,False,-7.266301,False,-12.005175,False,False,True
/Users/yuhaowang/Documents/UCL/Term3_Proj/Dataset/RETOUCH/RETOUCH/RETOUCH-TrainingSet-Cirrus/TRAIN024/oct.mhd,TRAIN024,61,Cirrus,train,-1,,True,RETOUCH,0,CNV,1.0,1.2673281e-05,0.57161945,-6.2681627,1,-8.967258,False,-4.3761873,False,-7.266301,False,-14.880495,False,False,True
/Users/yuhaowang/Documents/UCL/Term3_Proj/Dataset/RETOUCH/RETOUCH/RETOUCH-TrainingSet-Cirrus/TRAIN024/oct.mhd,TRAIN024,62,Cirrus,train,-1,,True,RETOUCH,0,CNV,0.9997024,0.0003130529,0.11282205,-6.335782,1,6.293341,True,-4.305194,False,-7.266301,False,-9.451078,False,True,True
/Users/yuhaowang/Documents/UCL/Term3_Proj/Dataset/RETOUCH/RETOUCH/RETOUCH-TrainingSet-Cirrus/TRAIN024/oct.mhd,TRAIN024,63,Cirrus,train,-1,,True,RETOUCH,0,CNV,1.0,2.0881642e-05,0.5676677,-6.3630447,1,-8.976929,False,-4.3742476,False,-7.266301,False,-14.996916,False,False,True
/Users/yuhaowang/Documents/UCL/Term3_Proj/Dataset/RETOUCH/RETOUCH/RETOUCH-TrainingSet-Cirrus/TRAIN024/oct.mhd,TRAIN024,64,Cirrus,train,-1,,True,RETOUCH,0,CNV,0.99999917,7.372946e-05,0.38868123,-5.587066,1,-1.822782,False,-4.3617573,False,-7.266301,False,-11.492517,False,False,True
/Users/yuhaowang/Documents/UCL/Term3_Proj/Dataset/RETOUCH/RETOUCH/RETOUCH-TrainingSet-Cirrus/TRAIN024/oct.mhd,TRAIN024,65,Cirrus,train,-1,,True,RETOUCH,0,CNV,0.99999607,5.5707176e-05,0.4409879,-6.024956,1,-4.22942,False,-4.3660164,False,-7.266301,False,-12.8840065,False,False,True
/Users/yuhaowang/Documents/UCL/Term3_Proj/Dataset/RETOUCH/RETOUCH/RETOUCH-TrainingSet-Cirrus/TRAIN024/oct.mhd,TRAIN024,66,Cirrus,train,-1,,True,RETOUCH,0,CNV,1.0,2.8299596e-08,0.59855294,-6.980677,1,-10.9352865,False,-4.379176,False,-7.266301,False,-16.444143,False,False,True
/Users/yuhaowang/Documents/UCL/Term3_Proj/Dataset/RETOUCH/RETOUCH/RETOUCH-TrainingSet-Cirrus/TRAIN024/oct.mhd,TRAIN024,67,Cirrus,train,-1,,True,RETOUCH,0,CNV,1.0,6.5218137e-07,0.6424712,-6.408828,1,-11.550062,False,-4.379029,False,-7.266301,False,-15.977055,False,False,True
/Users/yuhaowang/Documents/UCL/Term3_Proj/Dataset/RETOUCH/RETOUCH/RETOUCH-TrainingSet-Cirrus/TRAIN024/oct.mhd,TRAIN024,68,Cirrus,train,-1,,True,RETOUCH,0,CNV,1.0,1.4066842e-07,0.6816927,-5.6472745,1,-11.7237015,False,-4.3791494,False,-7.266301,False,-15.123949,False,False,True
/Users/yuhaowang/Documents/UCL/Term3_Proj/Dataset/RETOUCH/RETOUCH/RETOUCH-TrainingSet-Spectralis/TRAIN025/oct.mhd,TRAIN025,20,Spectralis,train,-1,,True,RETOUCH,0,CNV,0.99999976,0.000111336354,0.4983081,-0.922049,1,1.4874382,True,-4.352869,False,-7.266301,False,-4.6933184,False,False,True
/Users/yuhaowang/Documents/UCL/Term3_Proj/Dataset/RETOUCH/RETOUCH/RETOUCH-TrainingSet-Spectralis/TRAIN025/oct.mhd,TRAIN025,21,Spectralis,train,-1,,True,RETOUCH,0,CNV,0.9999733,0.00019644329,0.30354518,-1.4158307,1,7.2697263,True,-4.332754,False,-7.266301,False,-3.202685,False,False,True
/Users/yuhaowang/Documents/UCL/Term3_Proj/Dataset/RETOUCH/RETOUCH/RETOUCH-TrainingSet-Spectralis/TRAIN025/oct.mhd,TRAIN025,22,Spectralis,train,-1,,True,RETOUCH,0,CNV,0.99995303,0.00045942166,0.28669646,-2.2725506,1,6.5518537,True,-4.2705994,False,-7.266301,False,-4.454656,False,False,True
/Users/yuhaowang/Documents/UCL/Term3_Proj/Dataset/RETOUCH/RETOUCH/RETOUCH-TrainingSet-Spectralis/TRAIN025/oct.mhd,TRAIN025,23,Spectralis,train,-1,,True,RETOUCH,0,CNV,0.99984515,0.00062905066,0.14235845,-0.79908854,1,13.5896,True,-4.2305083,False,-7.266301,False,-0.137959,False,False,True
/Users/yuhaowang/Documents/UCL/Term3_Proj/Dataset/RETOUCH/RETOUCH/RETOUCH-TrainingSet-Spectralis/TRAIN025/oct.mhd,TRAIN025,24,Spectralis,train,-1,,True,RETOUCH,0,CNV,0.9709845,0.020788655,0.232204,-0.71189064,3,10.711813,True,0.5341611,True,18.305277,True,13.310366,True,True,True
/Users/yuhaowang/Documents/UCL/Term3_Proj/Dataset/RETOUCH/RETOUCH/RETOUCH-TrainingSet-Spectralis/TRAIN025/oct.mhd,TRAIN025,25,Spectralis,train,-1,,True,RETOUCH,0,CNV,0.994206,0.0127405,0.13187271,-0.6321259,2,14.19054,True,-1.367999,False,5.519489,True,7.737492,True,True,True
/Users/yuhaowang/Documents/UCL/Term3_Proj/Dataset/RETOUCH/RETOUCH/RETOUCH-TrainingSet-Spectralis/TRAIN025/oct.mhd,TRAIN025,26,Spectralis,train,-1,,True,RETOUCH,0,CNV,0.9997192,0.00068070367,0.19502485,-1.175801,1,11.262468,True,-4.2183003,False,-7.266301,False,-1.4180884,False,True,True
/Users/yuhaowang/Documents/UCL/Term3_Proj/Dataset/RETOUCH/RETOUCH/RETOUCH-TrainingSet-Spectralis/TRAIN025/oct.mhd,TRAIN025,27,Spectralis,train,-1,,True,RETOUCH,0,CNV,0.99862134,0.0013308339,0.15945753,-1.8082824,2,11.506901,True,-4.064644,False,5.519489,True,3.8354087,True,True,True
/Users/yuhaowang/Documents/UCL/Term3_Proj/Dataset/RETOUCH/RETOUCH/RETOUCH-TrainingSet-Spectralis/TRAIN025/oct.mhd,TRAIN025,28,Spectralis,train,-1,,True,RETOUCH,0,CNV,0.99918145,0.0016862582,0.12149635,-1.283872,2,13.562681,True,-3.9806402,False,5.519489,True,5.250259,True,True,True
/Users/yuhaowang/Documents/UCL/Term3_Proj/Dataset/RETOUCH/RETOUCH/RETOUCH-TrainingSet-Spectralis/TRAIN026/oct.mhd,TRAIN026,20,Spectralis,train,-1,,True,RETOUCH,1,DME,0.9999869,3.339263e-05,0.72276455,-0.5184233,1,-5.423983,False,-4.3712907,False,-7.266301,False,-6.69613,False,False,True
/Users/yuhaowang/Documents/UCL/Term3_Proj/Dataset/RETOUCH/RETOUCH/RETOUCH-TrainingSet-Spectralis/TRAIN026/oct.mhd,TRAIN026,21,Spectralis,train,-1,,True,RETOUCH,1,DME,0.99993813,0.00015961786,0.7198464,-0.5019658,1,-5.301649,False,-4.3414574,False,-7.266301,False,-6.615608,False,False,True
/Users/yuhaowang/Documents/UCL/Term3_Proj/Dataset/RETOUCH/RETOUCH/RETOUCH-TrainingSet-Spectralis/TRAIN026/oct.mhd,TRAIN026,22,Spectralis,train,-1,,True,RETOUCH,1,DME,0.9994455,0.00064901914,0.6753791,-0.49530628,1,-3.802796,False,-4.225789,False,-7.266301,False,-6.004837,False,True,True
/Users/yuhaowang/Documents/UCL/Term3_Proj/Dataset/RETOUCH/RETOUCH/RETOUCH-TrainingSet-Spectralis/TRAIN026/oct.mhd,TRAIN026,23,Spectralis,train,-1,,True,RETOUCH,1,DME,0.9999925,1.5109457e-05,0.7357416,-0.09652801,1,-5.227158,False,-4.375612,False,-7.266301,False,-6.120883,False,False,True
/Users/yuhaowang/Documents/UCL/Term3_Proj/Dataset/RETOUCH/RETOUCH/RETOUCH-TrainingSet-Spectralis/TRAIN026/oct.mhd,TRAIN026,24,Spectralis,train,-1,,True,RETOUCH,1,DME,0.9999989,7.187693e-06,0.7390633,-0.5513693,1,-6.0190115,False,-4.3774843,False,-7.266301,False,-6.952539,False,False,True
/Users/yuhaowang/Documents/UCL/Term3_Proj/Dataset/RETOUCH/RETOUCH/RETOUCH-TrainingSet-Spectralis/TRAIN026/oct.mhd,TRAIN026,25,Spectralis,train,-1,,True,RETOUCH,1,DME,0.8832066,0.11577052,0.39451137,-1.1414194,1,4.634565,True,22.982874,True,-7.266301,False,11.642996,True,True,True
/Users/yuhaowang/Documents/UCL/Term3_Proj/Dataset/RETOUCH/RETOUCH/RETOUCH-TrainingSet-Spectralis/TRAIN026/oct.mhd,TRAIN026,26,Spectralis,train,-1,,True,RETOUCH,1,DME,0.9999722,0.0018227622,0.5949914,-0.4962665,1,-1.1126332,False,-3.9483776,False,-7.266301,False,-4.8846273,False,False,True
/Users/yuhaowang/Documents/UCL/Term3_Proj/Dataset/RETOUCH/RETOUCH/RETOUCH-TrainingSet-Spectralis/TRAIN026/oct.mhd,TRAIN026,27,Spectralis,train,-1,,True,RETOUCH,1,DME,0.99988556,0.0008524023,0.5810451,-0.4749153,1,-0.6137228,False,-4.1777196,False,-7.266301,False,-4.809922,False,False,True
/Users/yuhaowang/Documents/UCL/Term3_Proj/Dataset/RETOUCH/RETOUCH/RETOUCH-TrainingSet-Spectralis/TRAIN026/oct.mhd,TRAIN026,28,Spectralis,train,-1,,True,RETOUCH,1,DME,1.0,5.809561e-07,0.7503153,-0.119809635,1,-5.749964,False,-4.3790455,False,-7.266301,False,-6.338224,False,False,True
/Users/yuhaowang/Documents/UCL/Term3_Proj/Dataset/RETOUCH/RETOUCH/RETOUCH-TrainingSet-Spectralis/TRAIN027/oct.mhd,TRAIN027,20,Spectralis,train,-1,,True,RETOUCH,1,DME,0.9999988,4.551297e-06,0.72469264,-0.5434589,1,-5.526005,False,-4.378107,False,-7.266301,False,-6.7666535,False,False,True
/Users/yuhaowang/Documents/UCL/Term3_Proj/Dataset/RETOUCH/RETOUCH/RETOUCH-TrainingSet-Spectralis/TRAIN027/oct.mhd,TRAIN027,21,Spectralis,train,-1,,True,RETOUCH,1,DME,0.99999106,4.124432e-05,0.7116993,-0.4480356,1,-4.948159,False,-4.369435,False,-7.266301,False,-6.4399,False,False,True
/Users/yuhaowang/Documents/UCL/Term3_Proj/Dataset/RETOUCH/RETOUCH/RETOUCH-TrainingSet-Spectralis/TRAIN027/oct.mhd,TRAIN027,22,Spectralis,train,-1,,True,RETOUCH,1,DME,0.99999845,1.7749175e-05,0.72571254,-0.3307209,1,-5.241808,False,-4.3749876,False,-7.266301,False,-6.4072914,False,False,True
/Users/yuhaowang/Documents/UCL/Term3_Proj/Dataset/RETOUCH/RETOUCH/RETOUCH-TrainingSet-Spectralis/TRAIN027/oct.mhd,TRAIN027,23,Spectralis,train,-1,,True,RETOUCH,1,DME,0.9999999,3.84928e-06,0.758996,-0.08667669,1,-5.991037,False,-4.378273,False,-7.266301,False,-6.3843775,False,False,True
/Users/yuhaowang/Documents/UCL/Term3_Proj/Dataset/RETOUCH/RETOUCH/RETOUCH-TrainingSet-Spectralis/TRAIN027/oct.mhd,TRAIN027,24,Spectralis,train,-1,,True,RETOUCH,1,DME,0.9999957,6.33116e-06,0.7053911,-0.38059518,1,-4.636024,False,-4.3776865,False,-7.266301,False,-6.251612,False,False,True
/Users/yuhaowang/Documents/UCL/Term3_Proj/Dataset/RETOUCH/RETOUCH/RETOUCH-TrainingSet-Spectralis/TRAIN027/oct.mhd,TRAIN027,25,Spectralis,train,-1,,True,RETOUCH,1,DME,0.9999999,6.670425e-07,0.72912407,-0.42827445,1,-5.5020165,False,-4.3790255,False,-7.266301,False,-6.620117,False,False,True
/Users/yuhaowang/Documents/UCL/Term3_Proj/Dataset/RETOUCH/RETOUCH/RETOUCH-TrainingSet-Spectralis/TRAIN027/oct.mhd,TRAIN027,26,Spectralis,train,-1,,True,RETOUCH,1,DME,0.99999774,1.2620338e-05,0.7277537,-0.14785318,1,-5.0365047,False,-4.3762,False,-7.266301,False,-6.114567,False,False,True
/Users/yuhaowang/Documents/UCL/Term3_Proj/Dataset/RETOUCH/RETOUCH/RETOUCH-TrainingSet-Spectralis/TRAIN027/oct.mhd,TRAIN027,27,Spectralis,train,-1,,True,RETOUCH,1,DME,0.9999999,2.0041443e-06,0.75048316,-0.40750185,1,-6.1860924,False,-4.378709,False,-7.266301,False,-6.840192,False,False,True
/Users/yuhaowang/Documents/UCL/Term3_Proj/Dataset/RETOUCH/RETOUCH/RETOUCH-TrainingSet-Spectralis/TRAIN027/oct.mhd,TRAIN027,28,Spectralis,train,-1,,True,RETOUCH,1,DME,0.9999925,4.4526038e-05,0.7015061,-0.32509917,1,-4.4228973,False,-4.368659,False,-7.266301,False,-6.103394,False,False,True
/Users/yuhaowang/Documents/UCL/Term3_Proj/Dataset/RETOUCH/RETOUCH/RETOUCH-TrainingSet-Spectralis/TRAIN028/oct.mhd,TRAIN028,20,Spectralis,train,-1,,True,RETOUCH,0,CNV,1.0,3.1414147e-06,0.76367575,0.008949072,1,-6.004631,False,-4.3784404,False,-7.266301,False,-6.2743993,False,False,True
/Users/yuhaowang/Documents/UCL/Term3_Proj/Dataset/RETOUCH/RETOUCH/RETOUCH-TrainingSet-Spectralis/TRAIN028/oct.mhd,TRAIN028,21,Spectralis,train,-1,,True,RETOUCH,0,CNV,0.9999999,2.1192602e-05,0.7175012,-0.43642837,1,-5.1250534,False,-4.374174,False,-7.266301,False,-6.492042,False,False,True
/Users/yuhaowang/Documents/UCL/Term3_Proj/Dataset/RETOUCH/RETOUCH/RETOUCH-TrainingSet-Spectralis/TRAIN028/oct.mhd,TRAIN028,22,Spectralis,train,-1,,True,RETOUCH,0,CNV,1.0,5.4183715e-09,0.77114636,-0.013385906,1,-6.28819,False,-4.3791814,False,-7.266301,False,-6.4033146,False,False,True
/Users/yuhaowang/Documents/UCL/Term3_Proj/Dataset/RETOUCH/RETOUCH/RETOUCH-TrainingSet-Spectralis/TRAIN028/oct.mhd,TRAIN028,23,Spectralis,train,-1,,True,RETOUCH,0,CNV,1.0,4.9679244e-08,0.82316375,-0.4272076,1,-8.649125,False,-4.379171,False,-7.266301,False,-7.7470713,False,False,True
/Users/yuhaowang/Documents/UCL/Term3_Proj/Dataset/RETOUCH/RETOUCH/RETOUCH-TrainingSet-Spectralis/TRAIN028/oct.mhd,TRAIN028,24,Spectralis,train,-1,,True,RETOUCH,0,CNV,1.0,2.0665884e-06,0.83907974,-0.4502135,1,-9.216462,False,-4.3786945,False,-7.266301,False,-7.977831,False,False,True
/Users/yuhaowang/Documents/UCL/Term3_Proj/Dataset/RETOUCH/RETOUCH/RETOUCH-TrainingSet-Spectralis/TRAIN028/oct.mhd,TRAIN028,25,Spectralis,train,-1,,True,RETOUCH,0,CNV,1.0,2.1808944e-08,0.78806734,-0.74036723,1,-7.94262,False,-4.3791776,False,-7.266301,False,-7.870243,False,False,True
/Users/yuhaowang/Documents/UCL/Term3_Proj/Dataset/RETOUCH/RETOUCH/RETOUCH-TrainingSet-Spectralis/TRAIN028/oct.mhd,TRAIN028,26,Spectralis,train,-1,,True,RETOUCH,0,CNV,1.0,1.5821361e-06,0.79514015,-0.11535259,1,-7.244152,False,-4.378809,False,-7.266301,False,-6.8683586,False,False,True
/Users/yuhaowang/Documents/UCL/Term3_Proj/Dataset/RETOUCH/RETOUCH/RETOUCH-TrainingSet-Spectralis/TRAIN028/oct.mhd,TRAIN028,27,Spectralis,train,-1,,True,RETOUCH,0,CNV,1.0,9.752889e-07,0.74807495,0.12831089,1,-5.303658,False,-4.3789525,False,-7.266301,False,-5.8799314,False,False,True
/Users/yuhaowang/Documents/UCL/Term3_Proj/Dataset/RETOUCH/RETOUCH/RETOUCH-TrainingSet-Spectralis/TRAIN028/oct.mhd,TRAIN028,28,Spectralis,train,-1,,True,RETOUCH,0,CNV,1.0,7.6419747e-07,0.8286739,-0.041049108,1,-8.255764,False,-4.379002,False,-7.266301,False,-7.1417885,False,False,True
/Users/yuhaowang/Documents/UCL/Term3_Proj/Dataset/RETOUCH/RETOUCH/RETOUCH-TrainingSet-Spectralis/TRAIN029/oct.mhd,TRAIN029,20,Spectralis,train,-1,,True,RETOUCH,1,DME,1.0,1.711528e-07,0.83705443,0.07836086,1,-8.35768,False,-4.3791423,False,-7.266301,False,-7.034866,False,False,True
/Users/yuhaowang/Documents/UCL/Term3_Proj/Dataset/RETOUCH/RETOUCH/RETOUCH-TrainingSet-Spectralis/TRAIN029/oct.mhd,TRAIN029,21,Spectralis,train,-1,,True,RETOUCH,1,DME,0.999998,2.6879934e-06,0.78333604,-0.060203444,1,-6.766392,False,-4.3785477,False,-7.266301,False,-6.6306553,False,False,True
/Users/yuhaowang/Documents/UCL/Term3_Proj/Dataset/RETOUCH/RETOUCH/RETOUCH-TrainingSet-Spectralis/TRAIN029/oct.mhd,TRAIN029,22,Spectralis,train,-1,,True,RETOUCH,1,DME,0.9999865,3.0300638e-05,0.7825851,-0.011272544,1,-6.668027,False,-4.372021,False,-7.266301,False,-6.532883,False,False,True
/Users/yuhaowang/Documents/UCL/Term3_Proj/Dataset/RETOUCH/RETOUCH/RETOUCH-TrainingSet-Spectralis/TRAIN029/oct.mhd,TRAIN029,23,Spectralis,train,-1,,True,RETOUCH,1,DME,0.99999917,7.762734e-06,0.79876417,0.22104596,1,-6.8621006,False,-4.377348,False,-7.266301,False,-6.326212,False,False,True
/Users/yuhaowang/Documents/UCL/Term3_Proj/Dataset/RETOUCH/RETOUCH/RETOUCH-TrainingSet-Spectralis/TRAIN029/oct.mhd,TRAIN029,24,Spectralis,train,-1,,True,RETOUCH,1,DME,0.99998677,6.9542264e-05,0.70895153,-0.11470493,1,-4.357353,False,-4.3627467,False,-7.266301,False,-5.8236494,False,False,True
/Users/yuhaowang/Documents/UCL/Term3_Proj/Dataset/RETOUCH/RETOUCH/RETOUCH-TrainingSet-Spectralis/TRAIN029/oct.mhd,TRAIN029,25,Spectralis,train,-1,,True,RETOUCH,1,DME,0.99999666,1.2313394e-05,0.73015064,0.04574882,1,-4.827051,False,-4.3762727,False,-7.266301,False,-5.8068066,False,False,True
/Users/yuhaowang/Documents/UCL/Term3_Proj/Dataset/RETOUCH/RETOUCH/RETOUCH-TrainingSet-Spectralis/TRAIN029/oct.mhd,TRAIN029,26,Spectralis,train,-1,,True,RETOUCH,1,DME,0.999972,2.0609645e-05,0.7238703,-0.068192594,1,-4.7872715,False,-4.374312,False,-7.266301,False,-5.9283996,False,False,True
/Users/yuhaowang/Documents/UCL/Term3_Proj/Dataset/RETOUCH/RETOUCH/RETOUCH-TrainingSet-Spectralis/TRAIN029/oct.mhd,TRAIN029,27,Spectralis,train,-1,,True,RETOUCH,1,DME,0.9999958,1.0378179e-05,0.71091187,0.20068304,1,-3.951038,False,-4.37673,False,-7.266301,False,-5.306801,False,False,True
/Users/yuhaowang/Documents/UCL/Term3_Proj/Dataset/RETOUCH/RETOUCH/RETOUCH-TrainingSet-Spectralis/TRAIN029/oct.mhd,TRAIN029,28,Spectralis,train,-1,,True,RETOUCH,1,DME,0.9999989,7.6033393e-07,0.7481909,-0.2570951,1,-5.884269,False,-4.379003,False,-7.266301,False,-6.5513678,False,False,True
/Users/yuhaowang/Documents/UCL/Term3_Proj/Dataset/RETOUCH/RETOUCH/RETOUCH-TrainingSet-Spectralis/TRAIN030/oct.mhd,TRAIN030,20,Spectralis,train,-1,,True,RETOUCH,0,CNV,1.0,0.0001555261,0.83797014,0.079737514,1,-8.38628,False,-4.3424244,False,-7.266301,False,-7.0226817,False,False,True
/Users/yuhaowang/Documents/UCL/Term3_Proj/Dataset/RETOUCH/RETOUCH/RETOUCH-TrainingSet-Spectralis/TRAIN030/oct.mhd,TRAIN030,21,Spectralis,train,-1,,True,RETOUCH,0,CNV,1.0,6.200662e-08,0.8972861,-0.6129102,1,-11.408833,False,-4.379168,False,-7.266301,False,-8.959574,False,False,True
/Users/yuhaowang/Documents/UCL/Term3_Proj/Dataset/RETOUCH/RETOUCH/RETOUCH-TrainingSet-Spectralis/TRAIN030/oct.mhd,TRAIN030,22,Spectralis,train,-1,,True,RETOUCH,0,CNV,1.0,8.819505e-09,0.84725547,-0.38162675,1,-9.387573,False,-4.379181,False,-7.266301,False,-7.9570007,False,False,True
/Users/yuhaowang/Documents/UCL/Term3_Proj/Dataset/RETOUCH/RETOUCH/RETOUCH-TrainingSet-Spectralis/TRAIN030/oct.mhd,TRAIN030,23,Spectralis,train,-1,,True,RETOUCH,0,CNV,1.0,4.1277344e-06,0.6834112,-0.15731116,1,-3.5659494,False,-4.378207,False,-7.266301,False,-5.5999174,False,False,True
/Users/yuhaowang/Documents/UCL/Term3_Proj/Dataset/RETOUCH/RETOUCH/RETOUCH-TrainingSet-Spectralis/TRAIN030/oct.mhd,TRAIN030,24,Spectralis,train,-1,,True,RETOUCH,0,CNV,0.99965227,0.013536895,0.32076213,0.06123077,1,8.903561,True,-1.1797732,False,-7.266301,False,0.9430561,True,True,True
/Users/yuhaowang/Documents/UCL/Term3_Proj/Dataset/RETOUCH/RETOUCH/RETOUCH-TrainingSet-Spectralis/TRAIN030/oct.mhd,TRAIN030,25,Spectralis,train,-1,,True,RETOUCH,0,CNV,0.99999917,0.0002716257,0.6060866,-0.061834022,1,-0.83403826,False,-4.314985,False,-7.266301,False,-4.4700494,False,False,True
/Users/yuhaowang/Documents/UCL/Term3_Proj/Dataset/RETOUCH/RETOUCH/RETOUCH-TrainingSet-Spectralis/TRAIN030/oct.mhd,TRAIN030,26,Spectralis,train,-1,,True,RETOUCH,0,CNV,1.0,1.7512521e-06,0.7457918,-0.9392075,1,-6.824668,False,-4.378769,False,-7.266301,False,-7.70827,False,False,True
/Users/yuhaowang/Documents/UCL/Term3_Proj/Dataset/RETOUCH/RETOUCH/RETOUCH-TrainingSet-Spectralis/TRAIN030/oct.mhd,TRAIN030,27,Spectralis,train,-1,,True,RETOUCH,0,CNV,0.99999964,0.00096854253,0.5203163,-0.22883031,1,1.787889,True,-4.1502705,False,-7.266301,False,-3.6376681,False,False,True
/Users/yuhaowang/Documents/UCL/Term3_Proj/Dataset/RETOUCH/RETOUCH/RETOUCH-TrainingSet-Spectralis/TRAIN030/oct.mhd,TRAIN030,28,Spectralis,train,-1,,True,RETOUCH,0,CNV,0.99999905,8.834968e-05,0.4697402,-0.47826678,1,3.1080537,True,-4.3583016,False,-7.266301,False,-3.5820022,False,False,True
/Users/yuhaowang/Documents/UCL/Term3_Proj/Dataset/RETOUCH/RETOUCH/RETOUCH-TrainingSet-Spectralis/TRAIN031/oct.mhd,TRAIN031,20,Spectralis,train,-1,,True,RETOUCH,0,CNV,1.0,3.7479344e-07,0.6900628,-0.426093,1,-4.190875,False,-4.379094,False,-7.266301,False,-6.1475253,False,False,True
/Users/yuhaowang/Documents/UCL/Term3_Proj/Dataset/RETOUCH/RETOUCH/RETOUCH-TrainingSet-Spectralis/TRAIN031/oct.mhd,TRAIN031,21,Spectralis,train,-1,,True,RETOUCH,0,CNV,1.0,3.6252004e-08,0.6307238,-0.27539393,1,-1.9785328,False,-4.379174,False,-7.266301,False,-5.173359,False,False,True
/Users/yuhaowang/Documents/UCL/Term3_Proj/Dataset/RETOUCH/RETOUCH/RETOUCH-TrainingSet-Spectralis/TRAIN031/oct.mhd,TRAIN031,22,Spectralis,train,-1,,True,RETOUCH,0,CNV,1.0,4.2664672e-10,0.7293398,-0.1007732,1,-5.0191593,False,-4.379183,False,-7.266301,False,-6.0534453,False,False,True
/Users/yuhaowang/Documents/UCL/Term3_Proj/Dataset/RETOUCH/RETOUCH/RETOUCH-TrainingSet-Spectralis/TRAIN031/oct.mhd,TRAIN031,23,Spectralis,train,-1,,True,RETOUCH,0,CNV,1.0,3.0950167e-09,0.7841609,-0.040595736,1,-6.76467,False,-4.379182,False,-7.266301,False,-6.6068277,False,False,True
/Users/yuhaowang/Documents/UCL/Term3_Proj/Dataset/RETOUCH/RETOUCH/RETOUCH-TrainingSet-Spectralis/TRAIN031/oct.mhd,TRAIN031,24,Spectralis,train,-1,,True,RETOUCH,0,CNV,1.0,2.088778e-09,0.7452612,-0.2048508,1,-5.707996,False,-4.3791823,False,-7.266301,False,-6.42548,False,False,True
/Users/yuhaowang/Documents/UCL/Term3_Proj/Dataset/RETOUCH/RETOUCH/RETOUCH-TrainingSet-Spectralis/TRAIN031/oct.mhd,TRAIN031,25,Spectralis,train,-1,,True,RETOUCH,0,CNV,1.0,8.9379455e-09,0.5456834,-0.4237111,1,0.6469064,True,-4.379181,False,-7.266301,False,-4.410496,False,False,True
/Users/yuhaowang/Documents/UCL/Term3_Proj/Dataset/RETOUCH/RETOUCH/RETOUCH-TrainingSet-Spectralis/TRAIN031/oct.mhd,TRAIN031,26,Spectralis,train,-1,,True,RETOUCH,0,CNV,1.0,1.3798467e-06,0.6089253,-0.7047031,1,-1.8910868,False,-4.3788567,False,-7.266301,False,-5.6578794,False,False,True
/Users/yuhaowang/Documents/UCL/Term3_Proj/Dataset/RETOUCH/RETOUCH/RETOUCH-TrainingSet-Spectralis/TRAIN031/oct.mhd,TRAIN031,27,Spectralis,train,-1,,True,RETOUCH,0,CNV,1.0,6.2631193e-07,0.7978615,-0.3989097,1,-7.759592,False,-4.379035,False,-7.266301,False,-7.3941054,False,False,True
/Users/yuhaowang/Documents/UCL/Term3_Proj/Dataset/RETOUCH/RETOUCH/RETOUCH-TrainingSet-Spectralis/TRAIN031/oct.mhd,TRAIN031,28,Spectralis,train,-1,,True,RETOUCH,0,CNV,1.0,4.1499493e-10,0.876331,0.12972489,1,-9.595903,False,-4.379183,False,-7.266301,False,-7.417017,False,False,True
/Users/yuhaowang/Documents/UCL/Term3_Proj/Dataset/RETOUCH/RETOUCH/RETOUCH-TrainingSet-Spectralis/TRAIN032/oct.mhd,TRAIN032,20,Spectralis,train,-1,,True,RETOUCH,1,DME,1.0,1.0425929e-06,0.7787715,-1.4358053,1,-8.672038,False,-4.3789363,False,-7.266301,False,-8.967529,False,False,True
/Users/yuhaowang/Documents/UCL/Term3_Proj/Dataset/RETOUCH/RETOUCH/RETOUCH-TrainingSet-Spectralis/TRAIN032/oct.mhd,TRAIN032,21,Spectralis,train,-1,,True,RETOUCH,1,DME,1.0,9.795976e-07,0.7693352,-1.0781662,1,-7.8209066,False,-4.378951,False,-7.266301,False,-8.2325325,False,False,True
/Users/yuhaowang/Documents/UCL/Term3_Proj/Dataset/RETOUCH/RETOUCH/RETOUCH-TrainingSet-Spectralis/TRAIN032/oct.mhd,TRAIN032,22,Spectralis,train,-1,,True,RETOUCH,1,DME,1.0,4.42908e-08,0.80308205,-1.0437791,1,-8.899385,False,-4.3791723,False,-7.266301,False,-8.577929,False,False,True
/Users/yuhaowang/Documents/UCL/Term3_Proj/Dataset/RETOUCH/RETOUCH/RETOUCH-TrainingSet-Spectralis/TRAIN032/oct.mhd,TRAIN032,23,Spectralis,train,-1,,True,RETOUCH,1,DME,0.99999917,2.2141685e-05,0.73374856,-1.2300231,1,-6.85661,False,-4.37395,False,-7.266301,False,-8.0665655,False,False,True
/Users/yuhaowang/Documents/UCL/Term3_Proj/Dataset/RETOUCH/RETOUCH/RETOUCH-TrainingSet-Spectralis/TRAIN032/oct.mhd,TRAIN032,24,Spectralis,train,-1,,True,RETOUCH,1,DME,0.9999895,3.874174e-05,0.71268857,-0.9216147,1,-5.689955,False,-4.3700266,False,-7.266301,False,-7.2754107,False,False,True
/Users/yuhaowang/Documents/UCL/Term3_Proj/Dataset/RETOUCH/RETOUCH/RETOUCH-TrainingSet-Spectralis/TRAIN032/oct.mhd,TRAIN032,25,Spectralis,train,-1,,True,RETOUCH,1,DME,1.0,6.4198193e-06,0.7634089,-0.9092048,1,-7.36964,False,-4.3776655,False,-7.266301,False,-7.866939,False,False,True
/Users/yuhaowang/Documents/UCL/Term3_Proj/Dataset/RETOUCH/RETOUCH/RETOUCH-TrainingSet-Spectralis/TRAIN032/oct.mhd,TRAIN032,26,Spectralis,train,-1,,True,RETOUCH,1,DME,1.0,3.3708648e-07,0.7522873,-1.0235969,1,-7.168438,False,-4.379103,False,-7.266301,False,-7.933131,False,False,True
/Users/yuhaowang/Documents/UCL/Term3_Proj/Dataset/RETOUCH/RETOUCH/RETOUCH-TrainingSet-Spectralis/TRAIN032/oct.mhd,TRAIN032,27,Spectralis,train,-1,,True,RETOUCH,1,DME,1.0,1.9391678e-08,0.78573924,-0.60009617,1,-7.6547647,False,-4.379178,False,-7.266301,False,-7.598443,False,False,True
/Users/yuhaowang/Documents/UCL/Term3_Proj/Dataset/RETOUCH/RETOUCH/RETOUCH-TrainingSet-Spectralis/TRAIN032/oct.mhd,TRAIN032,28,Spectralis,train,-1,,True,RETOUCH,1,DME,0.99999607,1.4617239e-05,0.7325244,-0.87782675,1,-6.2885876,False,-4.375728,False,-7.266301,False,-7.4405966,False,False,True
/Users/yuhaowang/Documents/UCL/Term3_Proj/Dataset/RETOUCH/RETOUCH/RETOUCH-TrainingSet-Spectralis/TRAIN033/oct.mhd,TRAIN033,20,Spectralis,train,-1,,True,RETOUCH,0,CNV,0.9986399,0.004149571,0.48723507,-0.07591457,1,3.1243653,True,-3.3984425,False,-7.266301,False,-2.5492368,False,True,True
/Users/yuhaowang/Documents/UCL/Term3_Proj/Dataset/RETOUCH/RETOUCH/RETOUCH-TrainingSet-Spectralis/TRAIN033/oct.mhd,TRAIN033,21,Spectralis,train,-1,,True,RETOUCH,0,CNV,1.0,1.7634844e-05,0.74506235,-0.51989233,1,-6.1727724,False,-4.375015,False,-7.266301,False,-6.9684243,False,False,True
/Users/yuhaowang/Documents/UCL/Term3_Proj/Dataset/RETOUCH/RETOUCH/RETOUCH-TrainingSet-Spectralis/TRAIN033/oct.mhd,TRAIN033,22,Spectralis,train,-1,,True,RETOUCH,0,CNV,1.0,1.3378013e-08,0.8285255,-0.2590421,1,-8.577004,False,-4.3791795,False,-7.266301,False,-7.519081,False,False,True
/Users/yuhaowang/Documents/UCL/Term3_Proj/Dataset/RETOUCH/RETOUCH/RETOUCH-TrainingSet-Spectralis/TRAIN033/oct.mhd,TRAIN033,23,Spectralis,train,-1,,True,RETOUCH,0,CNV,0.9999999,1.6346356e-05,0.6612578,-0.22614776,1,-2.9272025,False,-4.3753195,False,-7.266301,False,-5.4520535,False,False,True
/Users/yuhaowang/Documents/UCL/Term3_Proj/Dataset/RETOUCH/RETOUCH/RETOUCH-TrainingSet-Spectralis/TRAIN033/oct.mhd,TRAIN033,24,Spectralis,train,-1,,True,RETOUCH,0,CNV,0.9999989,0.021710187,0.7254692,-0.21293338,1,-5.0573997,False,0.7519629,True,-7.266301,False,-3.297781,False,False,True
/Users/yuhaowang/Documents/UCL/Term3_Proj/Dataset/RETOUCH/RETOUCH/RETOUCH-TrainingSet-Spectralis/TRAIN033/oct.mhd,TRAIN033,25,Spectralis,train,-1,,True,RETOUCH,0,CNV,0.9999608,0.0007942389,0.347563,-0.5427938,1,7.1023192,True,-4.1914663,False,-7.266301,False,-2.1333015,False,False,True
/Users/yuhaowang/Documents/UCL/Term3_Proj/Dataset/RETOUCH/RETOUCH/RETOUCH-TrainingSet-Spectralis/TRAIN033/oct.mhd,TRAIN033,26,Spectralis,train,-1,,True,RETOUCH,0,CNV,0.99997735,0.00025835691,0.45139357,-0.3686556,1,3.886373,True,-4.318121,False,-7.266301,False,-3.148496,False,False,True
/Users/yuhaowang/Documents/UCL/Term3_Proj/Dataset/RETOUCH/RETOUCH/RETOUCH-TrainingSet-Spectralis/TRAIN033/oct.mhd,TRAIN033,27,Spectralis,train,-1,,True,RETOUCH,0,CNV,0.9723965,0.08739287,0.25540063,-0.52221406,2,10.218964,True,16.275892,True,5.519489,True,16.43223,True,True,True
/Users/yuhaowang/Documents/UCL/Term3_Proj/Dataset/RETOUCH/RETOUCH/RETOUCH-TrainingSet-Spectralis/TRAIN033/oct.mhd,TRAIN033,28,Spectralis,train,-1,,True,RETOUCH,0,CNV,0.9744966,0.02671872,0.3304785,-0.17291677,2,8.227848,True,1.9357166,True,5.519489,True,8.021896,True,True,True
/Users/yuhaowang/Documents/UCL/Term3_Proj/Dataset/RETOUCH/RETOUCH/RETOUCH-TrainingSet-Spectralis/TRAIN034/oct.mhd,TRAIN034,20,Spectralis,train,-1,,True,RETOUCH,1,DME,0.9999982,2.0226653e-06,0.744573,-0.79595965,1,-6.5695,False,-4.378705,False,-7.266301,False,-7.4445734,False,False,True
/Users/yuhaowang/Documents/UCL/Term3_Proj/Dataset/RETOUCH/RETOUCH/RETOUCH-TrainingSet-Spectralis/TRAIN034/oct.mhd,TRAIN034,21,Spectralis,train,-1,,True,RETOUCH,1,DME,0.99999785,4.26756e-06,0.7418234,-0.43886524,1,-5.9430723,False,-4.378174,False,-7.266301,False,-6.790473,False,False,True
/Users/yuhaowang/Documents/UCL/Term3_Proj/Dataset/RETOUCH/RETOUCH/RETOUCH-TrainingSet-Spectralis/TRAIN034/oct.mhd,TRAIN034,22,Spectralis,train,-1,,True,RETOUCH,1,DME,1.0,2.2270797e-07,0.80687517,-0.7482066,1,-8.584088,False,-4.3791304,False,-7.266301,False,-8.109589,False,False,True
/Users/yuhaowang/Documents/UCL/Term3_Proj/Dataset/RETOUCH/RETOUCH/RETOUCH-TrainingSet-Spectralis/TRAIN034/oct.mhd,TRAIN034,23,Spectralis,train,-1,,True,RETOUCH,1,DME,0.9997328,0.0003370575,0.7003145,-0.85167295,1,-5.1709766,False,-4.29952,False,-7.266301,False,-6.9653916,False,True,True
/Users/yuhaowang/Documents/UCL/Term3_Proj/Dataset/RETOUCH/RETOUCH/RETOUCH-TrainingSet-Spectralis/TRAIN034/oct.mhd,TRAIN034,24,Spectralis,train,-1,,True,RETOUCH,1,DME,0.9999982,2.649398e-06,0.807862,-0.7193775,1,-8.573989,False,-4.3785567,False,-7.266301,False,-8.07099,False,False,True
/Users/yuhaowang/Documents/UCL/Term3_Proj/Dataset/RETOUCH/RETOUCH/RETOUCH-TrainingSet-Spectralis/TRAIN034/oct.mhd,TRAIN034,25,Spectralis,train,-1,,True,RETOUCH,1,DME,0.99998224,0.09575767,0.72445893,-0.8255986,1,-5.9403787,False,18.252892,True,-7.266301,False,5.5546527,True,False,True
/Users/yuhaowang/Documents/UCL/Term3_Proj/Dataset/RETOUCH/RETOUCH/RETOUCH-TrainingSet-Spectralis/TRAIN034/oct.mhd,TRAIN034,26,Spectralis,train,-1,,True,RETOUCH,1,DME,1.0,1.3234603e-07,0.7950505,-0.41857594,1,-7.6949005,False,-4.3791513,False,-7.266301,False,-7.394621,False,False,True
/Users/yuhaowang/Documents/UCL/Term3_Proj/Dataset/RETOUCH/RETOUCH/RETOUCH-TrainingSet-Spectralis/TRAIN034/oct.mhd,TRAIN034,27,Spectralis,train,-1,,True,RETOUCH,1,DME,0.9999999,1.129878e-06,0.7416974,-0.7967623,1,-6.4744177,False,-4.378916,False,-7.266301,False,-7.411573,False,False,True
/Users/yuhaowang/Documents/UCL/Term3_Proj/Dataset/RETOUCH/RETOUCH/RETOUCH-TrainingSet-Spectralis/TRAIN034/oct.mhd,TRAIN034,28,Spectralis,train,-1,,True,RETOUCH,1,DME,0.999951,0.00015206984,0.6874537,-0.3684954,1,-4.017324,False,-4.3432417,False,-7.266301,False,-5.9957848,False,False,True
/Users/yuhaowang/Documents/UCL/Term3_Proj/Dataset/RETOUCH/RETOUCH/RETOUCH-TrainingSet-Spectralis/TRAIN035/oct.mhd,TRAIN035,20,Spectralis,train,-1,,True,RETOUCH,0,CNV,0.9999995,8.967574e-06,0.56910866,-0.35507342,1,-0.034724712,False,-4.3770633,False,-7.266301,False,-4.571139,False,False,True
/Users/yuhaowang/Documents/UCL/Term3_Proj/Dataset/RETOUCH/RETOUCH/RETOUCH-TrainingSet-Spectralis/TRAIN035/oct.mhd,TRAIN035,21,Spectralis,train,-1,,True,RETOUCH,0,CNV,1.0,1.1135057e-06,0.79108685,-0.74258775,1,-8.047045,False,-4.3789196,False,-7.266301,False,-7.910199,False,False,True
/Users/yuhaowang/Documents/UCL/Term3_Proj/Dataset/RETOUCH/RETOUCH/RETOUCH-TrainingSet-Spectralis/TRAIN035/oct.mhd,TRAIN035,22,Spectralis,train,-1,,True,RETOUCH,0,CNV,1.0,7.34303e-08,0.83645654,-1.1659347,1,-10.19965,False,-4.3791656,False,-7.266301,False,-9.19087,False,False,True
/Users/yuhaowang/Documents/UCL/Term3_Proj/Dataset/RETOUCH/RETOUCH/RETOUCH-TrainingSet-Spectralis/TRAIN035/oct.mhd,TRAIN035,23,Spectralis,train,-1,,True,RETOUCH,0,CNV,1.0,4.9200878e-08,0.7856067,-0.8709632,1,-8.055656,False,-4.3791714,False,-7.266301,False,-8.067741,False,False,True
/Users/yuhaowang/Documents/UCL/Term3_Proj/Dataset/RETOUCH/RETOUCH/RETOUCH-TrainingSet-Spectralis/TRAIN035/oct.mhd,TRAIN035,24,Spectralis,train,-1,,True,RETOUCH,0,CNV,1.0,2.096069e-09,0.80427104,-0.9796259,1,-8.843195,False,-4.3791823,False,-7.266301,False,-8.480677,False,False,True
/Users/yuhaowang/Documents/UCL/Term3_Proj/Dataset/RETOUCH/RETOUCH/RETOUCH-TrainingSet-Spectralis/TRAIN035/oct.mhd,TRAIN035,25,Spectralis,train,-1,,True,RETOUCH,0,CNV,1.0,6.7132824e-09,0.81528664,-1.5217106,1,-10.023214,False,-4.3791814,False,-7.266301,False,-9.55529,False,False,True
/Users/yuhaowang/Documents/UCL/Term3_Proj/Dataset/RETOUCH/RETOUCH/RETOUCH-TrainingSet-Spectralis/TRAIN035/oct.mhd,TRAIN035,26,Spectralis,train,-1,,True,RETOUCH,0,CNV,1.0,0.00012891332,0.74723506,-0.5409437,1,-6.2770224,False,-4.348715,False,-7.266301,False,-7.0162134,False,False,True
/Users/yuhaowang/Documents/UCL/Term3_Proj/Dataset/RETOUCH/RETOUCH/RETOUCH-TrainingSet-Spectralis/TRAIN035/oct.mhd,TRAIN035,27,Spectralis,train,-1,,True,RETOUCH,0,CNV,1.0,2.1482341e-05,0.84548837,-0.58621335,1,-9.634554,False,-4.3741055,False,-7.266301,False,-8.288586,False,False,True
/Users/yuhaowang/Documents/UCL/Term3_Proj/Dataset/RETOUCH/RETOUCH/RETOUCH-TrainingSet-Spectralis/TRAIN035/oct.mhd,TRAIN035,28,Spectralis,train,-1,,True,RETOUCH,0,CNV,1.0,5.968997e-08,0.79089403,-0.47300574,1,-7.6371803,False,-4.3791685,False,-7.266301,False,-7.4393663,False,False,True
/Users/yuhaowang/Documents/UCL/Term3_Proj/Dataset/RETOUCH/RETOUCH/RETOUCH-TrainingSet-Spectralis/TRAIN036/oct.mhd,TRAIN036,20,Spectralis,train,-1,,True,RETOUCH,3,NORMAL,0.52767336,0.21938673,0.45408037,-0.23377137,1,3.9982543,True,47.472294,True,-7.266301,False,26.366768,True,True,True
/Users/yuhaowang/Documents/UCL/Term3_Proj/Dataset/RETOUCH/RETOUCH/RETOUCH-TrainingSet-Spectralis/TRAIN036/oct.mhd,TRAIN036,21,Spectralis,train,-1,,True,RETOUCH,1,DME,0.9950127,0.033675596,0.596275,-0.0150865065,1,-0.43556356,False,3.579956,True,-7.266301,False,0.19746828,True,True,True
/Users/yuhaowang/Documents/UCL/Term3_Proj/Dataset/RETOUCH/RETOUCH/RETOUCH-TrainingSet-Spectralis/TRAIN036/oct.mhd,TRAIN036,22,Spectralis,train,-1,,True,RETOUCH,1,DME,0.9999999,3.739413e-06,0.7913903,-0.35679197,1,-7.479892,False,-4.378299,False,-7.266301,False,-7.242797,False,False,True
/Users/yuhaowang/Documents/UCL/Term3_Proj/Dataset/RETOUCH/RETOUCH/RETOUCH-TrainingSet-Spectralis/TRAIN036/oct.mhd,TRAIN036,23,Spectralis,train,-1,,True,RETOUCH,1,DME,0.9999931,1.2084609e-05,0.7710125,-0.028092412,1,-6.3057146,False,-4.3763266,False,-7.266301,False,-6.425659,False,False,True
/Users/yuhaowang/Documents/UCL/Term3_Proj/Dataset/RETOUCH/RETOUCH/RETOUCH-TrainingSet-Spectralis/TRAIN036/oct.mhd,TRAIN036,24,Spectralis,train,-1,,True,RETOUCH,1,DME,0.99997914,5.2440795e-05,0.6802718,-0.17348236,1,-3.4850335,False,-4.3667884,False,-7.266301,False,-5.5838866,False,False,True
/Users/yuhaowang/Documents/UCL/Term3_Proj/Dataset/RETOUCH/RETOUCH/RETOUCH-TrainingSet-Spectralis/TRAIN036/oct.mhd,TRAIN036,25,Spectralis,train,-1,,True,RETOUCH,1,DME,0.9999975,1.8619743e-05,0.7054515,-0.35946468,1,-4.606426,False,-4.374782,False,-7.266301,False,-6.2139583,False,False,True
/Users/yuhaowang/Documents/UCL/Term3_Proj/Dataset/RETOUCH/RETOUCH/RETOUCH-TrainingSet-Spectralis/TRAIN036/oct.mhd,TRAIN036,26,Spectralis,train,-1,,True,RETOUCH,1,DME,0.9999988,7.862698e-06,0.7625552,-0.6226177,1,-6.9122005,False,-4.3773246,False,-7.266301,False,-7.3582764,False,False,True
/Users/yuhaowang/Documents/UCL/Term3_Proj/Dataset/RETOUCH/RETOUCH/RETOUCH-TrainingSet-Spectralis/TRAIN036/oct.mhd,TRAIN036,27,Spectralis,train,-1,,True,RETOUCH,1,DME,0.9999994,2.5375084e-06,0.7829559,-0.9405808,1,-8.071078,False,-4.378583,False,-7.266301,False,-8.15662,False,False,True
/Users/yuhaowang/Documents/UCL/Term3_Proj/Dataset/RETOUCH/RETOUCH/RETOUCH-TrainingSet-Spectralis/TRAIN036/oct.mhd,TRAIN036,28,Spectralis,train,-1,,True,RETOUCH,1,DME,0.9999919,5.7098077e-05,0.7567653,-0.8279768,1,-7.0256433,False,-4.365688,False,-7.266301,False,-7.639207,False,False,True
/Users/yuhaowang/Documents/UCL/Term3_Proj/Dataset/RETOUCH/RETOUCH/RETOUCH-TrainingSet-Spectralis/TRAIN037/oct.mhd,TRAIN037,20,Spectralis,train,-1,,True,RETOUCH,1,DME,0.999995,2.6912341e-05,0.7177913,-0.36389968,1,-5.026233,False,-4.372822,False,-7.266301,False,-6.36867,False,False,True
/Users/yuhaowang/Documents/UCL/Term3_Proj/Dataset/RETOUCH/RETOUCH/RETOUCH-TrainingSet-Spectralis/TRAIN037/oct.mhd,TRAIN037,21,Spectralis,train,-1,,True,RETOUCH,1,DME,0.999977,6.281433e-05,0.70189494,-0.41904375,1,-4.576498,False,-4.364337,False,-7.266301,False,-6.2689347,False,False,True
/Users/yuhaowang/Documents/UCL/Term3_Proj/Dataset/RETOUCH/RETOUCH/RETOUCH-TrainingSet-Spectralis/TRAIN037/oct.mhd,TRAIN037,22,Spectralis,train,-1,,True,RETOUCH,1,DME,0.9999951,7.5309217e-06,0.7227868,-0.8034788,1,-5.85129,False,-4.377403,False,-7.266301,False,-7.1954155,False,False,True
/Users/yuhaowang/Documents/UCL/Term3_Proj/Dataset/RETOUCH/RETOUCH/RETOUCH-TrainingSet-Spectralis/TRAIN037/oct.mhd,TRAIN037,23,Spectralis,train,-1,,True,RETOUCH,1,DME,0.99991953,9.338942e-05,0.687918,-1.14524,1,-5.1952066,False,-4.3571105,False,-7.266301,False,-7.3595533,False,False,True
/Users/yuhaowang/Documents/UCL/Term3_Proj/Dataset/RETOUCH/RETOUCH/RETOUCH-TrainingSet-Spectralis/TRAIN037/oct.mhd,TRAIN037,24,Spectralis,train,-1,,True,RETOUCH,1,DME,0.999998,3.6466896e-05,0.7377402,-1.2086841,1,-6.958329,False,-4.370564,False,-7.266301,False,-8.075462,False,False,True
/Users/yuhaowang/Documents/UCL/Term3_Proj/Dataset/RETOUCH/RETOUCH/RETOUCH-TrainingSet-Spectralis/TRAIN037/oct.mhd,TRAIN037,25,Spectralis,train,-1,,True,RETOUCH,1,DME,0.9999219,6.9890404e-05,0.67046344,-1.2539463,1,-4.773451,False,-4.362664,False,-7.266301,False,-7.342178,False,False,True
/Users/yuhaowang/Documents/UCL/Term3_Proj/Dataset/RETOUCH/RETOUCH/RETOUCH-TrainingSet-Spectralis/TRAIN037/oct.mhd,TRAIN037,26,Spectralis,train,-1,,True,RETOUCH,1,DME,0.9998982,9.4532035e-05,0.6718762,-1.781521,1,-5.6102266,False,-4.35684,False,-7.266301,False,-8.27301,False,False,True
/Users/yuhaowang/Documents/UCL/Term3_Proj/Dataset/RETOUCH/RETOUCH/RETOUCH-TrainingSet-Spectralis/TRAIN037/oct.mhd,TRAIN037,27,Spectralis,train,-1,,True,RETOUCH,1,DME,0.9999213,6.296276e-05,0.65992683,-0.97004193,1,-3.9958158,False,-4.3643017,False,-7.266301,False,-6.7230787,False,False,True
/Users/yuhaowang/Documents/UCL/Term3_Proj/Dataset/RETOUCH/RETOUCH/RETOUCH-TrainingSet-Spectralis/TRAIN037/oct.mhd,TRAIN037,28,Spectralis,train,-1,,True,RETOUCH,1,DME,0.9994499,0.0008112639,0.6449142,-0.6752082,1,-3.0519574,False,-4.187443,False,-7.266301,False,-5.9302273,False,True,True
/Users/yuhaowang/Documents/UCL/Term3_Proj/Dataset/RETOUCH/RETOUCH/RETOUCH-TrainingSet-Spectralis/TRAIN038/oct.mhd,TRAIN038,20,Spectralis,train,-1,,True,RETOUCH,0,CNV,0.9999877,0.00018249545,0.56876427,-0.5147907,1,-0.2621975,False,-4.3360505,False,-7.266301,False,-4.821456,False,False,True
/Users/yuhaowang/Documents/UCL/Term3_Proj/Dataset/RETOUCH/RETOUCH/RETOUCH-TrainingSet-Spectralis/TRAIN038/oct.mhd,TRAIN038,21,Spectralis,train,-1,,True,RETOUCH,0,CNV,0.9999968,9.558047e-06,0.52014476,-0.3145268,1,1.6653953,True,-4.3769236,False,-7.266301,False,-3.912874,False,False,True
/Users/yuhaowang/Documents/UCL/Term3_Proj/Dataset/RETOUCH/RETOUCH/RETOUCH-TrainingSet-Spectralis/TRAIN038/oct.mhd,TRAIN038,22,Spectralis,train,-1,,True,RETOUCH,0,CNV,1.0,2.0629905e-06,0.7386047,-0.5144658,1,-5.948433,False,-4.3786955,False,-7.266301,False,-6.883565,False,False,True
/Users/yuhaowang/Documents/UCL/Term3_Proj/Dataset/RETOUCH/RETOUCH/RETOUCH-TrainingSet-Spectralis/TRAIN038/oct.mhd,TRAIN038,23,Spectralis,train,-1,,True,RETOUCH,0,CNV,1.0,5.916977e-07,0.7471181,-0.50451875,1,-6.2186,False,-4.3790426,False,-7.266301,False,-6.9686522,False,False,True
/Users/yuhaowang/Documents/UCL/Term3_Proj/Dataset/RETOUCH/RETOUCH/RETOUCH-TrainingSet-Spectralis/TRAIN038/oct.mhd,TRAIN038,24,Spectralis,train,-1,,True,RETOUCH,0,CNV,1.0,1.2001289e-09,0.8507364,-0.6308368,1,-9.877047,False,-4.3791823,False,-7.266301,False,-8.432026,False,False,True
/Users/yuhaowang/Documents/UCL/Term3_Proj/Dataset/RETOUCH/RETOUCH/RETOUCH-TrainingSet-Spectralis/TRAIN038/oct.mhd,TRAIN038,25,Spectralis,train,-1,,True,RETOUCH,0,CNV,1.0,3.6161785e-10,0.84616715,-0.876852,1,-10.092198,False,-4.379183,False,-7.266301,False,-8.8048725,False,False,True
/Users/yuhaowang/Documents/UCL/Term3_Proj/Dataset/RETOUCH/RETOUCH/RETOUCH-TrainingSet-Spectralis/TRAIN038/oct.mhd,TRAIN038,26,Spectralis,train,-1,,True,RETOUCH,0,CNV,1.0,1.0423996e-08,0.8974217,-0.9847924,1,-11.969866,False,-4.3791804,False,-7.266301,False,-9.607714,False,False,True
/Users/yuhaowang/Documents/UCL/Term3_Proj/Dataset/RETOUCH/RETOUCH/RETOUCH-TrainingSet-Spectralis/TRAIN038/oct.mhd,TRAIN038,27,Spectralis,train,-1,,True,RETOUCH,0,CNV,1.0,8.058027e-05,0.7467648,-0.94301724,1,-6.862947,False,-4.360138,False,-7.266301,False,-7.7160263,False,False,True
/Users/yuhaowang/Documents/UCL/Term3_Proj/Dataset/RETOUCH/RETOUCH/RETOUCH-TrainingSet-Spectralis/TRAIN038/oct.mhd,TRAIN038,28,Spectralis,train,-1,,True,RETOUCH,0,CNV,0.9990687,0.00088693295,0.12283942,-0.7481856,2,14.319326,True,-4.1695585,False,5.519489,True,6.0584865,True,True,True
/Users/yuhaowang/Documents/UCL/Term3_Proj/Dataset/RETOUCH/RETOUCH/RETOUCH-TrainingSet-Spectralis/TRAIN039/oct.mhd,TRAIN039,20,Spectralis,train,-1,,True,RETOUCH,1,DME,0.9999975,2.9920106e-05,0.7595048,-0.46687305,1,-6.577006,False,-4.3721113,False,-7.266301,False,-7.047956,False,False,True
/Users/yuhaowang/Documents/UCL/Term3_Proj/Dataset/RETOUCH/RETOUCH/RETOUCH-TrainingSet-Spectralis/TRAIN039/oct.mhd,TRAIN039,21,Spectralis,train,-1,,True,RETOUCH,1,DME,0.9999975,4.7984213e-06,0.7360596,-0.7828317,1,-6.264804,False,-4.378049,False,-7.266301,False,-7.319196,False,False,True
/Users/yuhaowang/Documents/UCL/Term3_Proj/Dataset/RETOUCH/RETOUCH/RETOUCH-TrainingSet-Spectralis/TRAIN039/oct.mhd,TRAIN039,22,Spectralis,train,-1,,True,RETOUCH,1,DME,0.9999901,6.781021e-05,0.7032446,-0.88297725,1,-5.3159285,False,-4.3631563,False,-7.266301,False,-7.0909996,False,False,True
/Users/yuhaowang/Documents/UCL/Term3_Proj/Dataset/RETOUCH/RETOUCH/RETOUCH-TrainingSet-Spectralis/TRAIN039/oct.mhd,TRAIN039,23,Spectralis,train,-1,,True,RETOUCH,1,DME,0.999987,2.2048858e-05,0.7276058,-0.54351884,1,-5.6236353,False,-4.3739715,False,-7.266301,False,-6.7993827,False,False,True
/Users/yuhaowang/Documents/UCL/Term3_Proj/Dataset/RETOUCH/RETOUCH/RETOUCH-TrainingSet-Spectralis/TRAIN039/oct.mhd,TRAIN039,24,Spectralis,train,-1,,True,RETOUCH,1,DME,0.999943,7.7905366e-05,0.7075327,-0.6955522,1,-5.1790385,False,-4.36077,False,-7.266301,False,-6.815285,False,False,True
/Users/yuhaowang/Documents/UCL/Term3_Proj/Dataset/RETOUCH/RETOUCH/RETOUCH-TrainingSet-Spectralis/TRAIN039/oct.mhd,TRAIN039,25,Spectralis,train,-1,,True,RETOUCH,1,DME,0.999982,2.7958537e-05,0.77264786,-0.29774362,1,-6.763983,False,-4.372575,False,-7.266301,False,-6.9119444,False,False,True
/Users/yuhaowang/Documents/UCL/Term3_Proj/Dataset/RETOUCH/RETOUCH/RETOUCH-TrainingSet-Spectralis/TRAIN039/oct.mhd,TRAIN039,26,Spectralis,train,-1,,True,RETOUCH,1,DME,0.99999654,1.0374468e-05,0.7634769,-0.6515141,1,-6.9863033,False,-4.376731,False,-7.266301,False,-7.419239,False,False,True
/Users/yuhaowang/Documents/UCL/Term3_Proj/Dataset/RETOUCH/RETOUCH/RETOUCH-TrainingSet-Spectralis/TRAIN039/oct.mhd,TRAIN039,27,Spectralis,train,-1,,True,RETOUCH,1,DME,0.9999975,1.0090822e-05,0.8064826,-0.6790087,1,-8.467396,False,-4.3767977,False,-7.266301,False,-7.9832587,False,False,True
/Users/yuhaowang/Documents/UCL/Term3_Proj/Dataset/RETOUCH/RETOUCH/RETOUCH-TrainingSet-Spectralis/TRAIN039/oct.mhd,TRAIN039,28,Spectralis,train,-1,,True,RETOUCH,1,DME,0.9999416,6.9057685e-05,0.72070706,-0.40754795,1,-5.1891766,False,-4.362861,False,-7.266301,False,-6.47391,False,False,True
/Users/yuhaowang/Documents/UCL/Term3_Proj/Dataset/RETOUCH/RETOUCH/RETOUCH-TrainingSet-Spectralis/TRAIN040/oct.mhd,TRAIN040,20,Spectralis,train,-1,,True,RETOUCH,1,DME,0.999998,8.844072e-06,0.7215754,-0.4412699,1,-5.2687125,False,-4.3770924,False,-7.266301,False,-6.5510116,False,False,True
/Users/yuhaowang/Documents/UCL/Term3_Proj/Dataset/RETOUCH/RETOUCH/RETOUCH-TrainingSet-Spectralis/TRAIN040/oct.mhd,TRAIN040,21,Spectralis,train,-1,,True,RETOUCH,1,DME,0.9999956,6.2576146e-06,0.73457426,-0.55933964,1,-5.8806324,False,-4.3777037,False,-7.266301,False,-6.9126387,False,False,True
/Users/yuhaowang/Documents/UCL/Term3_Proj/Dataset/RETOUCH/RETOUCH/RETOUCH-TrainingSet-Spectralis/TRAIN040/oct.mhd,TRAIN040,22,Spectralis,train,-1,,True,RETOUCH,1,DME,0.99999726,3.6825586e-06,0.74524236,-0.4382523,1,-6.056632,False,-4.3783126,False,-7.266301,False,-6.8305225,False,False,True
/Users/yuhaowang/Documents/UCL/Term3_Proj/Dataset/RETOUCH/RETOUCH/RETOUCH-TrainingSet-Spectralis/TRAIN040/oct.mhd,TRAIN040,23,Spectralis,train,-1,,True,RETOUCH,1,DME,1.0,6.59069e-07,0.7629191,-0.35756695,1,-6.527759,False,-4.3790274,False,-7.266301,False,-6.9028263,False,False,True
/Users/yuhaowang/Documents/UCL/Term3_Proj/Dataset/RETOUCH/RETOUCH/RETOUCH-TrainingSet-Spectralis/TRAIN040/oct.mhd,TRAIN040,24,Spectralis,train,-1,,True,RETOUCH,1,DME,0.99924845,0.0026730206,0.59136117,-0.714107,1,-1.3170643,False,-3.7474213,False,-7.266301,False,-5.1060233,False,True,True
/Users/yuhaowang/Documents/UCL/Term3_Proj/Dataset/RETOUCH/RETOUCH/RETOUCH-TrainingSet-Spectralis/TRAIN040/oct.mhd,TRAIN040,25,Spectralis,train,-1,,True,RETOUCH,1,DME,0.9877429,0.021928206,0.5295304,-1.8154546,1,-0.8948808,False,0.80349135,True,-7.266301,False,-3.7027624,False,True,True
/Users/yuhaowang/Documents/UCL/Term3_Proj/Dataset/RETOUCH/RETOUCH/RETOUCH-TrainingSet-Spectralis/TRAIN040/oct.mhd,TRAIN040,26,Spectralis,train,-1,,True,RETOUCH,1,DME,0.99999964,3.1877025e-06,0.7328781,-1.0802244,1,-6.6033025,False,-4.3784294,False,-7.266301,False,-7.7982326,False,False,True
/Users/yuhaowang/Documents/UCL/Term3_Proj/Dataset/RETOUCH/RETOUCH/RETOUCH-TrainingSet-Spectralis/TRAIN040/oct.mhd,TRAIN040,27,Spectralis,train,-1,,True,RETOUCH,1,DME,0.99925154,0.03398271,0.4554708,-1.6975497,1,1.7612724,True,3.6525416,True,-7.266301,False,-0.9963336,False,True,True
/Users/yuhaowang/Documents/UCL/Term3_Proj/Dataset/RETOUCH/RETOUCH/RETOUCH-TrainingSet-Spectralis/TRAIN040/oct.mhd,TRAIN040,28,Spectralis,train,-1,,True,RETOUCH,1,DME,0.99123985,0.026671968,0.34734663,-0.9071503,2,6.5643334,True,1.9246669,True,5.519489,True,6.536738,True,True,True
/Users/yuhaowang/Documents/UCL/Term3_Proj/Dataset/RETOUCH/RETOUCH/RETOUCH-TrainingSet-Spectralis/TRAIN041/oct.mhd,TRAIN041,20,Spectralis,train,-1,,True,RETOUCH,1,DME,0.9994671,0.0020303763,0.6490067,-0.4384369,2,-2.8346765,False,-3.8993087,False,5.519489,True,0.43452692,True,True,True
/Users/yuhaowang/Documents/UCL/Term3_Proj/Dataset/RETOUCH/RETOUCH/RETOUCH-TrainingSet-Spectralis/TRAIN041/oct.mhd,TRAIN041,21,Spectralis,train,-1,,True,RETOUCH,2,DRUSEN,0.6787499,0.20785797,0.11743675,-0.21045417,2,15.304895,True,44.7475,True,5.519489,True,34.744884,True,True,True
/Users/yuhaowang/Documents/UCL/Term3_Proj/Dataset/RETOUCH/RETOUCH/RETOUCH-TrainingSet-Spectralis/TRAIN041/oct.mhd,TRAIN041,22,Spectralis,train,-1,,True,RETOUCH,1,DME,0.9998919,0.05447896,0.5854535,0.002374997,1,-0.047101974,False,8.496777,True,-7.266301,False,3.1405969,True,False,True
/Users/yuhaowang/Documents/UCL/Term3_Proj/Dataset/RETOUCH/RETOUCH/RETOUCH-TrainingSet-Spectralis/TRAIN041/oct.mhd,TRAIN041,23,Spectralis,train,-1,,True,RETOUCH,1,DME,0.91996896,0.045666724,0.35992765,0.1313439,2,7.6971107,True,6.4140277,True,5.519489,True,10.732069,True,True,True
/Users/yuhaowang/Documents/UCL/Term3_Proj/Dataset/RETOUCH/RETOUCH/RETOUCH-TrainingSet-Spectralis/TRAIN041/oct.mhd,TRAIN041,24,Spectralis,train,-1,,True,RETOUCH,3,NORMAL,0.95404875,0.07320067,0.23948002,-1.4821831,1,9.315512,True,12.921606,True,-7.266301,False,7.216765,True,True,True
/Users/yuhaowang/Documents/UCL/Term3_Proj/Dataset/RETOUCH/RETOUCH/RETOUCH-TrainingSet-Spectralis/TRAIN041/oct.mhd,TRAIN041,25,Spectralis,train,-1,,True,RETOUCH,1,DME,0.9266743,0.038705423,0.46690485,-0.3273103,2,3.428883,True,4.768743,True,5.519489,True,7.719481,True,True,True
/Users/yuhaowang/Documents/UCL/Term3_Proj/Dataset/RETOUCH/RETOUCH/RETOUCH-TrainingSet-Spectralis/TRAIN041/oct.mhd,TRAIN041,26,Spectralis,train,-1,,True,RETOUCH,1,DME,0.9956671,0.025271118,0.51024246,-0.056292623,1,2.3833776,True,1.5935798,True,-7.266301,False,0.03417635,True,True,True
/Users/yuhaowang/Documents/UCL/Term3_Proj/Dataset/RETOUCH/RETOUCH/RETOUCH-TrainingSet-Spectralis/TRAIN041/oct.mhd,TRAIN041,27,Spectralis,train,-1,,True,RETOUCH,1,DME,0.9999912,0.003357557,0.5366404,0.15344335,1,1.8133559,True,-3.585633,False,-7.266301,False,-2.8494492,False,False,True
/Users/yuhaowang/Documents/UCL/Term3_Proj/Dataset/RETOUCH/RETOUCH/RETOUCH-TrainingSet-Spectralis/TRAIN041/oct.mhd,TRAIN041,28,Spectralis,train,-1,,True,RETOUCH,1,DME,0.9998908,0.0020495644,0.4895389,-0.34589025,1,2.643229,True,-3.8947737,False,-7.266301,False,-3.3271532,False,False,True
/Users/yuhaowang/Documents/UCL/Term3_Proj/Dataset/RETOUCH/RETOUCH/RETOUCH-TrainingSet-Spectralis/TRAIN042/oct.mhd,TRAIN042,20,Spectralis,train,-1,,True,RETOUCH,0,CNV,1.0,7.875178e-07,0.8190744,-0.94991875,1,-9.294397,False,-4.378997,False,-7.266301,False,-8.606606,False,False,True
/Users/yuhaowang/Documents/UCL/Term3_Proj/Dataset/RETOUCH/RETOUCH/RETOUCH-TrainingSet-Spectralis/TRAIN042/oct.mhd,TRAIN042,21,Spectralis,train,-1,,True,RETOUCH,0,CNV,1.0,4.7621825e-08,0.73900706,-0.36701617,1,-5.7412577,False,-4.3791714,False,-7.266301,False,-6.632327,False,False,True
/Users/yuhaowang/Documents/UCL/Term3_Proj/Dataset/RETOUCH/RETOUCH/RETOUCH-TrainingSet-Spectralis/TRAIN042/oct.mhd,TRAIN042,22,Spectralis,train,-1,,True,RETOUCH,0,CNV,1.0,2.2441768e-08,0.8508144,-0.9655639,1,-10.380551,False,-4.3791776,False,-7.266301,False,-9.014872,False,False,True
/Users/yuhaowang/Documents/UCL/Term3_Proj/Dataset/RETOUCH/RETOUCH/RETOUCH-TrainingSet-Spectralis/TRAIN042/oct.mhd,TRAIN042,23,Spectralis,train,-1,,True,RETOUCH,0,CNV,1.0,5.8054684e-07,0.8294269,-0.46268347,1,-8.911919,False,-4.3790455,False,-7.266301,False,-7.8838487,False,False,True
/Users/yuhaowang/Documents/UCL/Term3_Proj/Dataset/RETOUCH/RETOUCH/RETOUCH-TrainingSet-Spectralis/TRAIN042/oct.mhd,TRAIN042,24,Spectralis,train,-1,,True,RETOUCH,0,CNV,1.0,2.556897e-09,0.8383745,-0.54690856,1,-9.337545,False,-4.3791823,False,-7.266301,False,-8.137743,False,False,True
/Users/yuhaowang/Documents/UCL/Term3_Proj/Dataset/RETOUCH/RETOUCH/RETOUCH-TrainingSet-Spectralis/TRAIN042/oct.mhd,TRAIN042,25,Spectralis,train,-1,,True,RETOUCH,0,CNV,1.0,1.6458216e-06,0.84441173,-0.46531677,1,-9.417593,False,-4.3787937,False,-7.266301,False,-8.068142,False,False,True
/Users/yuhaowang/Documents/UCL/Term3_Proj/Dataset/RETOUCH/RETOUCH/RETOUCH-TrainingSet-Spectralis/TRAIN042/oct.mhd,TRAIN042,26,Spectralis,train,-1,,True,RETOUCH,0,CNV,0.9999999,3.316431e-05,0.68376684,-0.14346255,1,-3.5571346,False,-4.3713446,False,-7.266301,False,-5.5762267,False,False,True
/Users/yuhaowang/Documents/UCL/Term3_Proj/Dataset/RETOUCH/RETOUCH/RETOUCH-TrainingSet-Spectralis/TRAIN042/oct.mhd,TRAIN042,27,Spectralis,train,-1,,True,RETOUCH,0,CNV,1.0,3.1586324e-06,0.7772224,-0.49245352,1,-7.2085185,False,-4.378436,False,-7.266301,False,-7.3086653,False,False,True
/Users/yuhaowang/Documents/UCL/Term3_Proj/Dataset/RETOUCH/RETOUCH/RETOUCH-TrainingSet-Spectralis/TRAIN042/oct.mhd,TRAIN042,28,Spectralis,train,-1,,True,RETOUCH,0,CNV,1.0,6.0007267e-05,0.67972106,-0.78532803,1,-4.382171,False,-4.3650002,False,-7.266301,False,-6.639938,False,False,True
/Users/yuhaowang/Documents/UCL/Term3_Proj/Dataset/RETOUCH/RETOUCH/RETOUCH-TrainingSet-Spectralis/TRAIN043/oct.mhd,TRAIN043,20,Spectralis,train,-1,,True,RETOUCH,0,CNV,0.9482413,0.022934988,0.15230009,-0.45703825,2,13.768583,True,1.0414414,True,5.519489,True,9.160421,True,True,True
/Users/yuhaowang/Documents/UCL/Term3_Proj/Dataset/RETOUCH/RETOUCH/RETOUCH-TrainingSet-Spectralis/TRAIN043/oct.mhd,TRAIN043,21,Spectralis,train,-1,,True,RETOUCH,0,CNV,0.9970233,0.001883449,0.07217725,-0.8448255,2,15.871019,True,-3.9340346,False,5.519489,True,6.631867,True,True,True
/Users/yuhaowang/Documents/UCL/Term3_Proj/Dataset/RETOUCH/RETOUCH/RETOUCH-TrainingSet-Spectralis/TRAIN043/oct.mhd,TRAIN043,22,Spectralis,train,-1,,True,RETOUCH,0,CNV,0.9989687,0.0016832985,0.109703876,-1.1728914,2,14.1236,True,-3.9813397,False,5.519489,True,5.5843415,True,True,True
/Users/yuhaowang/Documents/UCL/Term3_Proj/Dataset/RETOUCH/RETOUCH/RETOUCH-TrainingSet-Spectralis/TRAIN043/oct.mhd,TRAIN043,23,Spectralis,train,-1,,True,RETOUCH,0,CNV,0.9999995,0.000128671,0.5891984,-1.4656688,1,-2.3693018,False,-4.3487716,False,-7.266301,False,-6.726991,False,False,True
/Users/yuhaowang/Documents/UCL/Term3_Proj/Dataset/RETOUCH/RETOUCH/RETOUCH-TrainingSet-Spectralis/TRAIN043/oct.mhd,TRAIN043,24,Spectralis,train,-1,,True,RETOUCH,0,CNV,0.9999994,1.9344763e-05,0.48062205,-1.2340267,1,1.6127648,True,-4.374611,False,-7.266301,False,-5.0357084,False,False,True
/Users/yuhaowang/Documents/UCL/Term3_Proj/Dataset/RETOUCH/RETOUCH/RETOUCH-TrainingSet-Spectralis/TRAIN043/oct.mhd,TRAIN043,25,Spectralis,train,-1,,True,RETOUCH,0,CNV,1.0,4.859143e-06,0.6736552,-1.3007735,1,-4.950393,False,-4.3780346,False,-7.266301,False,-7.4705944,False,False,True
/Users/yuhaowang/Documents/UCL/Term3_Proj/Dataset/RETOUCH/RETOUCH/RETOUCH-TrainingSet-Spectralis/TRAIN043/oct.mhd,TRAIN043,26,Spectralis,train,-1,,True,RETOUCH,0,CNV,0.9999887,8.86239e-05,0.49137264,-1.2540889,1,1.222784,True,-4.358237,False,-7.266301,False,-5.1903543,False,False,True
/Users/yuhaowang/Documents/UCL/Term3_Proj/Dataset/RETOUCH/RETOUCH/RETOUCH-TrainingSet-Spectralis/TRAIN043/oct.mhd,TRAIN043,27,Spectralis,train,-1,,True,RETOUCH,0,CNV,0.9992698,0.012057541,0.29814917,-0.8103735,1,8.356419,True,-1.5294145,False,-7.266301,False,-0.49867916,False,True,True
/Users/yuhaowang/Documents/UCL/Term3_Proj/Dataset/RETOUCH/RETOUCH/RETOUCH-TrainingSet-Spectralis/TRAIN043/oct.mhd,TRAIN043,28,Spectralis,train,-1,,True,RETOUCH,0,CNV,0.99950004,0.0031913463,0.12429184,-1.4462272,1,13.226131,True,-3.6249166,False,-7.266301,False,-0.7033801,False,True,True
/Users/yuhaowang/Documents/UCL/Term3_Proj/Dataset/RETOUCH/RETOUCH/RETOUCH-TrainingSet-Spectralis/TRAIN044/oct.mhd,TRAIN044,20,Spectralis,train,-1,,True,RETOUCH,0,CNV,0.9999155,0.0032694768,0.13082029,-0.4376236,1,14.516836,True,-3.6064506,False,-7.266301,False,0.9821377,True,False,True
/Users/yuhaowang/Documents/UCL/Term3_Proj/Dataset/RETOUCH/RETOUCH/RETOUCH-TrainingSet-Spectralis/TRAIN044/oct.mhd,TRAIN044,21,Spectralis,train,-1,,True,RETOUCH,0,CNV,0.999185,0.020898882,0.20937134,-0.61825335,1,11.616436,True,0.5602131,True,-7.266301,False,2.0836005,True,True,True
/Users/yuhaowang/Documents/UCL/Term3_Proj/Dataset/RETOUCH/RETOUCH/RETOUCH-TrainingSet-Spectralis/TRAIN044/oct.mhd,TRAIN044,22,Spectralis,train,-1,,True,RETOUCH,0,CNV,0.9993869,0.0016795248,0.16510484,-1.6972456,1,11.483973,True,-3.9822316,False,-7.266301,False,-1.8318701,False,True,True
/Users/yuhaowang/Documents/UCL/Term3_Proj/Dataset/RETOUCH/RETOUCH/RETOUCH-TrainingSet-Spectralis/TRAIN044/oct.mhd,TRAIN044,23,Spectralis,train,-1,,True,RETOUCH,0,CNV,0.99923944,0.0039159954,0.14713196,-0.23163752,1,14.278915,True,-3.4536476,False,-7.266301,False,1.2309394,True,True,True
/Users/yuhaowang/Documents/UCL/Term3_Proj/Dataset/RETOUCH/RETOUCH/RETOUCH-TrainingSet-Spectralis/TRAIN044/oct.mhd,TRAIN044,24,Spectralis,train,-1,,True,RETOUCH,0,CNV,0.9996119,0.00082881376,0.22439736,-0.8189347,1,10.813019,True,-4.183295,False,-7.266301,False,-1.1304228,False,True,True
/Users/yuhaowang/Documents/UCL/Term3_Proj/Dataset/RETOUCH/RETOUCH/RETOUCH-TrainingSet-Spectralis/TRAIN044/oct.mhd,TRAIN044,25,Spectralis,train,-1,,True,RETOUCH,0,CNV,0.9999988,7.067778e-05,0.706815,-0.36729372,1,-4.6637955,False,-4.3624783,False,-7.266301,False,-6.236971,False,False,True
/Users/yuhaowang/Documents/UCL/Term3_Proj/Dataset/RETOUCH/RETOUCH/RETOUCH-TrainingSet-Spectralis/TRAIN044/oct.mhd,TRAIN044,26,Spectralis,train,-1,,True,RETOUCH,0,CNV,0.9882785,0.04018213,0.24475779,-0.68823797,2,10.326874,True,5.1177583,True,5.519489,True,9.955917,True,True,True
/Users/yuhaowang/Documents/UCL/Term3_Proj/Dataset/RETOUCH/RETOUCH/RETOUCH-TrainingSet-Spectralis/TRAIN044/oct.mhd,TRAIN044,27,Spectralis,train,-1,,True,RETOUCH,0,CNV,0.9676317,0.22838484,0.48382592,-0.5290133,2,2.5604873,True,49.59898,True,5.519489,True,32.539337,True,True,True
/Users/yuhaowang/Documents/UCL/Term3_Proj/Dataset/RETOUCH/RETOUCH/RETOUCH-TrainingSet-Spectralis/TRAIN044/oct.mhd,TRAIN044,28,Spectralis,train,-1,,True,RETOUCH,0,CNV,0.99967706,0.012389212,0.35445252,-0.59394157,1,6.7951016,True,-1.451025,False,-7.266301,False,-0.7538409,False,True,True
/Users/yuhaowang/Documents/UCL/Term3_Proj/Dataset/RETOUCH/RETOUCH/RETOUCH-TrainingSet-Spectralis/TRAIN045/oct.mhd,TRAIN045,20,Spectralis,train,-1,,True,RETOUCH,0,CNV,0.51698476,0.13277727,0.29567906,-0.30016077,2,9.202618,True,27.002375,True,5.519489,True,22.405931,True,True,True
/Users/yuhaowang/Documents/UCL/Term3_Proj/Dataset/RETOUCH/RETOUCH/RETOUCH-TrainingSet-Spectralis/TRAIN045/oct.mhd,TRAIN045,21,Spectralis,train,-1,,True,RETOUCH,0,CNV,0.37988207,0.2918281,0.1584031,-0.669764,2,13.245909,True,64.59363,True,5.519489,True,44.687454,True,True,True
/Users/yuhaowang/Documents/UCL/Term3_Proj/Dataset/RETOUCH/RETOUCH/RETOUCH-TrainingSet-Spectralis/TRAIN045/oct.mhd,TRAIN045,22,Spectralis,train,-1,,True,RETOUCH,0,CNV,0.9383453,0.16690177,0.20546676,-1.274799,3,10.764702,True,35.06761,True,18.305277,True,32.198387,True,True,True
/Users/yuhaowang/Documents/UCL/Term3_Proj/Dataset/RETOUCH/RETOUCH/RETOUCH-TrainingSet-Spectralis/TRAIN045/oct.mhd,TRAIN045,23,Spectralis,train,-1,,True,RETOUCH,0,CNV,0.744886,0.0990327,0.37141594,-0.9714703,2,5.6621785,True,19.026937,True,5.519489,True,15.81579,True,True,True
/Users/yuhaowang/Documents/UCL/Term3_Proj/Dataset/RETOUCH/RETOUCH/RETOUCH-TrainingSet-Spectralis/TRAIN045/oct.mhd,TRAIN045,24,Spectralis,train,-1,,True,RETOUCH,1,DME,0.9570976,0.043510973,0.46886718,-0.55846417,2,3.0172753,True,5.9045224,True,5.519489,True,7.9369187,True,True,True
/Users/yuhaowang/Documents/UCL/Term3_Proj/Dataset/RETOUCH/RETOUCH/RETOUCH-TrainingSet-Spectralis/TRAIN045/oct.mhd,TRAIN045,25,Spectralis,train,-1,,True,RETOUCH,2,DRUSEN,0.7855586,0.16921788,0.36969718,-0.7642506,2,6.029815,True,35.61502,True,5.519489,True,25.58541,True,True,True
/Users/yuhaowang/Documents/UCL/Term3_Proj/Dataset/RETOUCH/RETOUCH/RETOUCH-TrainingSet-Spectralis/TRAIN045/oct.mhd,TRAIN045,26,Spectralis,train,-1,,True,RETOUCH,0,CNV,0.6640531,0.046532452,0.30508173,-0.112680234,2,9.168339,True,6.6186414,True,5.519489,True,11.081945,True,True,True
/Users/yuhaowang/Documents/UCL/Term3_Proj/Dataset/RETOUCH/RETOUCH/RETOUCH-TrainingSet-Spectralis/TRAIN045/oct.mhd,TRAIN045,27,Spectralis,train,-1,,True,RETOUCH,0,CNV,0.7922521,0.10815519,0.23040709,-0.46303123,3,11.144379,True,21.183014,True,18.305277,True,25.451677,True,True,True
/Users/yuhaowang/Documents/UCL/Term3_Proj/Dataset/RETOUCH/RETOUCH/RETOUCH-TrainingSet-Spectralis/TRAIN045/oct.mhd,TRAIN045,28,Spectralis,train,-1,,True,RETOUCH,0,CNV,0.9717183,0.020304188,0.15561591,-0.3676359,3,13.791342,True,0.4196589,True,18.305277,True,14.763294,True,True,True
/Users/yuhaowang/Documents/UCL/Term3_Proj/Dataset/RETOUCH/RETOUCH/RETOUCH-TrainingSet-Spectralis/TRAIN046/oct.mhd,TRAIN046,20,Spectralis,train,-1,,True,RETOUCH,0,CNV,0.9786147,0.01044032,0.19584548,-0.116268195,2,12.8204975,True,-1.9116405,False,5.519489,True,7.5587544,True,True,True
/Users/yuhaowang/Documents/UCL/Term3_Proj/Dataset/RETOUCH/RETOUCH/RETOUCH-TrainingSet-Spectralis/TRAIN046/oct.mhd,TRAIN046,21,Spectralis,train,-1,,True,RETOUCH,0,CNV,0.9956677,0.0053578243,0.1947995,-0.39931563,2,12.431961,True,-3.112875,False,5.519489,True,6.3993497,True,True,True
/Users/yuhaowang/Documents/UCL/Term3_Proj/Dataset/RETOUCH/RETOUCH/RETOUCH-TrainingSet-Spectralis/TRAIN046/oct.mhd,TRAIN046,22,Spectralis,train,-1,,True,RETOUCH,0,CNV,0.99999523,7.301802e-05,0.434325,-0.59849083,1,4.1139445,True,-4.361925,False,-7.266301,False,-3.367982,False,False,True
/Users/yuhaowang/Documents/UCL/Term3_Proj/Dataset/RETOUCH/RETOUCH/RETOUCH-TrainingSet-Spectralis/TRAIN046/oct.mhd,TRAIN046,23,Spectralis,train,-1,,True,RETOUCH,0,CNV,0.9999999,3.4310186e-05,0.43795693,-0.17333205,1,4.628555,True,-4.3710737,False,-7.266301,False,-2.6776276,False,False,True
/Users/yuhaowang/Documents/UCL/Term3_Proj/Dataset/RETOUCH/RETOUCH/RETOUCH-TrainingSet-Spectralis/TRAIN046/oct.mhd,TRAIN046,24,Spectralis,train,-1,,True,RETOUCH,0,CNV,0.9999993,5.7152647e-05,0.48459646,-0.34793237,1,2.8056607,True,-4.365675,False,-7.266301,False,-3.5379076,False,False,True
/Users/yuhaowang/Documents/UCL/Term3_Proj/Dataset/RETOUCH/RETOUCH/RETOUCH-TrainingSet-Spectralis/TRAIN046/oct.mhd,TRAIN046,25,Spectralis,train,-1,,True,RETOUCH,0,CNV,0.9399926,0.0254924,0.39475572,-0.2985593,2,5.8876567,True,1.6458793,True,5.519489,True,6.867926,True,True,True
/Users/yuhaowang/Documents/UCL/Term3_Proj/Dataset/RETOUCH/RETOUCH/RETOUCH-TrainingSet-Spectralis/TRAIN046/oct.mhd,TRAIN046,26,Spectralis,train,-1,,True,RETOUCH,0,CNV,0.9941274,0.010536648,0.17360553,-0.30621487,2,13.280912,True,-1.8888736,False,5.519489,True,7.5083623,True,True,True
/Users/yuhaowang/Documents/UCL/Term3_Proj/Dataset/RETOUCH/RETOUCH/RETOUCH-TrainingSet-Spectralis/TRAIN046/oct.mhd,TRAIN046,27,Spectralis,train,-1,,True,RETOUCH,0,CNV,0.9355914,0.015556484,0.28921425,-0.4013736,2,9.26762,True,-0.7024486,False,5.519489,True,6.6268277,True,True,True
/Users/yuhaowang/Documents/UCL/Term3_Proj/Dataset/RETOUCH/RETOUCH/RETOUCH-TrainingSet-Spectralis/TRAIN046/oct.mhd,TRAIN046,28,Spectralis,train,-1,,True,RETOUCH,0,CNV,0.98892105,0.0044807345,0.21037519,-0.08091594,2,12.386906,True,-3.320173,False,5.519489,True,6.648598,True,True,True
/Users/yuhaowang/Documents/UCL/Term3_Proj/Dataset/RETOUCH/RETOUCH/RETOUCH-TrainingSet-Spectralis/TRAIN047/oct.mhd,TRAIN047,20,Spectralis,train,-1,,True,RETOUCH,2,DRUSEN,0.92421544,0.040940344,0.4346723,0.29705322,2,5.442427,True,5.2969604,True,5.519489,True,9.490763,True,True,True
/Users/yuhaowang/Documents/UCL/Term3_Proj/Dataset/RETOUCH/RETOUCH/RETOUCH-TrainingSet-Spectralis/TRAIN047/oct.mhd,TRAIN047,21,Spectralis,train,-1,,True,RETOUCH,1,DME,0.9999093,0.000105995336,0.6817023,-0.0029710443,1,-3.277774,False,-4.354131,False,-7.266301,False,-5.297464,False,False,True
/Users/yuhaowang/Documents/UCL/Term3_Proj/Dataset/RETOUCH/RETOUCH/RETOUCH-TrainingSet-Spectralis/TRAIN047/oct.mhd,TRAIN047,22,Spectralis,train,-1,,True,RETOUCH,2,DRUSEN,0.8571275,0.15215647,0.39577445,-0.6756443,2,5.289269,True,31.582602,True,5.519489,True,23.14413,True,True,True
/Users/yuhaowang/Documents/UCL/Term3_Proj/Dataset/RETOUCH/RETOUCH/RETOUCH-TrainingSet-Spectralis/TRAIN047/oct.mhd,TRAIN047,23,Spectralis,train,-1,,True,RETOUCH,1,DME,0.9999846,6.288127e-05,0.7221344,0.14972751,1,-4.40305,False,-4.3643208,False,-7.266301,False,-5.5230627,False,False,True
/Users/yuhaowang/Documents/UCL/Term3_Proj/Dataset/RETOUCH/RETOUCH/RETOUCH-TrainingSet-Spectralis/TRAIN047/oct.mhd,TRAIN047,24,Spectralis,train,-1,,True,RETOUCH,1,DME,0.9983089,0.00065079704,0.6624372,-0.053371593,1,-2.7081459,False,-4.2253685,False,-7.266301,False,-5.0809727,False,True,True
/Users/yuhaowang/Documents/UCL/Term3_Proj/Dataset/RETOUCH/RETOUCH/RETOUCH-TrainingSet-Spectralis/TRAIN047/oct.mhd,TRAIN047,25,Spectralis,train,-1,,True,RETOUCH,1,DME,0.99714833,0.004977271,0.5049812,0.1598996,1,2.8830523,True,-3.202818,False,-7.266301,False,-2.24156,False,True,True
/Users/yuhaowang/Documents/UCL/Term3_Proj/Dataset/RETOUCH/RETOUCH/RETOUCH-TrainingSet-Spectralis/TRAIN047/oct.mhd,TRAIN047,26,Spectralis,train,-1,,True,RETOUCH,1,DME,0.88437515,0.044876903,0.31643906,-0.639878,2,7.9991546,True,6.2273555,True,5.519489,True,9.807648,True,True,True
/Users/yuhaowang/Documents/UCL/Term3_Proj/Dataset/RETOUCH/RETOUCH/RETOUCH-TrainingSet-Spectralis/TRAIN047/oct.mhd,TRAIN047,27,Spectralis,train,-1,,True,RETOUCH,1,DME,0.99956316,0.018360585,0.46385822,-0.33064604,1,3.5259013,True,-0.039706707,False,-7.266301,False,-0.81047297,False,True,True
/Users/yuhaowang/Documents/UCL/Term3_Proj/Dataset/RETOUCH/RETOUCH/RETOUCH-TrainingSet-Spectralis/TRAIN047/oct.mhd,TRAIN047,28,Spectralis,train,-1,,True,RETOUCH,1,DME,0.99957186,0.022766221,0.43158475,-0.8305273,1,3.8584723,True,1.001554,True,-7.266301,False,-0.70278645,False,True,True
/Users/yuhaowang/Documents/UCL/Term3_Proj/Dataset/RETOUCH/RETOUCH/RETOUCH-TrainingSet-Spectralis/TRAIN048/oct.mhd,TRAIN048,20,Spectralis,train,-1,,True,RETOUCH,1,DME,1.0,0.00026256085,0.77323526,-0.86261374,1,-7.6289334,False,-4.317127,False,-7.266301,False,-7.8696203,False,False,True
/Users/yuhaowang/Documents/UCL/Term3_Proj/Dataset/RETOUCH/RETOUCH/RETOUCH-TrainingSet-Spectralis/TRAIN048/oct.mhd,TRAIN048,21,Spectralis,train,-1,,True,RETOUCH,1,DME,0.9999995,1.3495497e-05,0.7857594,-0.52447283,1,-7.5422745,False,-4.3759933,False,-7.266301,False,-7.4654136,False,False,True
/Users/yuhaowang/Documents/UCL/Term3_Proj/Dataset/RETOUCH/RETOUCH/RETOUCH-TrainingSet-Spectralis/TRAIN048/oct.mhd,TRAIN048,22,Spectralis,train,-1,,True,RETOUCH,1,DME,0.9999925,0.00011301221,0.7464511,-0.4805556,1,-6.1604066,False,-4.352473,False,-7.266301,False,-6.9039483,False,False,True
/Users/yuhaowang/Documents/UCL/Term3_Proj/Dataset/RETOUCH/RETOUCH/RETOUCH-TrainingSet-Spectralis/TRAIN048/oct.mhd,TRAIN048,23,Spectralis,train,-1,,True,RETOUCH,1,DME,0.9999932,0.00019034964,0.704889,-0.72651416,1,-5.1368523,False,-4.334194,False,-7.266301,False,-6.822338,False,False,True
/Users/yuhaowang/Documents/UCL/Term3_Proj/Dataset/RETOUCH/RETOUCH/RETOUCH-TrainingSet-Spectralis/TRAIN048/oct.mhd,TRAIN048,24,Spectralis,train,-1,,True,RETOUCH,1,DME,0.9999994,9.77821e-06,0.7675512,-0.23249419,1,-6.4956913,False,-4.3768716,False,-7.266301,False,-6.7397685,False,False,True
/Users/yuhaowang/Documents/UCL/Term3_Proj/Dataset/RETOUCH/RETOUCH/RETOUCH-TrainingSet-Spectralis/TRAIN048/oct.mhd,TRAIN048,25,Spectralis,train,-1,,True,RETOUCH,1,DME,0.9999223,0.0012140451,0.68295217,-0.59576654,1,-4.2066936,False,-4.0922465,False,-7.266301,False,-6.1947966,False,False,True
/Users/yuhaowang/Documents/UCL/Term3_Proj/Dataset/RETOUCH/RETOUCH/RETOUCH-TrainingSet-Spectralis/TRAIN048/oct.mhd,TRAIN048,26,Spectralis,train,-1,,True,RETOUCH,1,DME,1.0,1.7338095e-08,0.7693862,-0.74134314,1,-7.3185835,False,-4.379179,False,-7.266301,False,-7.6477165,False,False,True
/Users/yuhaowang/Documents/UCL/Term3_Proj/Dataset/RETOUCH/RETOUCH/RETOUCH-TrainingSet-Spectralis/TRAIN048/oct.mhd,TRAIN048,27,Spectralis,train,-1,,True,RETOUCH,1,DME,1.0,1.5649664e-07,0.7816646,-0.44717497,1,-7.2895,False,-4.3791456,False,-7.266301,False,-7.28367,False,False,True
/Users/yuhaowang/Documents/UCL/Term3_Proj/Dataset/RETOUCH/RETOUCH/RETOUCH-TrainingSet-Spectralis/TRAIN048/oct.mhd,TRAIN048,28,Spectralis,train,-1,,True,RETOUCH,1,DME,1.0,3.4168522e-08,0.7776388,-0.3590843,1,-7.0228844,False,-4.3791747,False,-7.266301,False,-7.082223,False,False,True
/Users/yuhaowang/Documents/UCL/Term3_Proj/Dataset/RETOUCH/RETOUCH/RETOUCH-TrainingSet-Topcon/TRAIN049/oct.mhd,TRAIN049,60,Topcon,train,-1,,True,RETOUCH,0,CNV,1.0,1.9786384e-08,0.7308254,-21.612688,1,-37.25977,False,-4.379178,False,-7.266301,False,-43.46905,False,False,True
/Users/yuhaowang/Documents/UCL/Term3_Proj/Dataset/RETOUCH/RETOUCH/RETOUCH-TrainingSet-Topcon/TRAIN049/oct.mhd,TRAIN049,61,Topcon,train,-1,,True,RETOUCH,0,CNV,1.0,9.586404e-08,0.6332776,-21.697872,1,-34.121067,False,-4.37916,False,-7.266301,False,-42.446297,False,False,True
/Users/yuhaowang/Documents/UCL/Term3_Proj/Dataset/RETOUCH/RETOUCH/RETOUCH-TrainingSet-Topcon/TRAIN049/oct.mhd,TRAIN049,62,Topcon,train,-1,,True,RETOUCH,0,CNV,1.0,5.972688e-07,0.598424,-21.682413,1,-32.930943,False,-4.3790417,False,-7.266301,False,-42.00102,False,False,True
/Users/yuhaowang/Documents/UCL/Term3_Proj/Dataset/RETOUCH/RETOUCH/RETOUCH-TrainingSet-Topcon/TRAIN049/oct.mhd,TRAIN049,63,Topcon,train,-1,,True,RETOUCH,0,CNV,1.0,7.362505e-07,0.42211685,-21.83847,1,-27.261229,False,-4.379009,False,-7.266301,False,-40.156147,False,False,True
/Users/yuhaowang/Documents/UCL/Term3_Proj/Dataset/RETOUCH/RETOUCH/RETOUCH-TrainingSet-Topcon/TRAIN049/oct.mhd,TRAIN049,64,Topcon,train,-1,,True,RETOUCH,0,CNV,0.99999976,0.0012403014,0.4487129,-21.681969,1,-27.917543,False,-4.086041,False,-7.266301,False,-40.03748,False,False,True
/Users/yuhaowang/Documents/UCL/Term3_Proj/Dataset/RETOUCH/RETOUCH/RETOUCH-TrainingSet-Topcon/TRAIN049/oct.mhd,TRAIN049,65,Topcon,train,-1,,True,RETOUCH,0,CNV,1.0,5.1377374e-06,0.50871736,-22.002962,1,-30.407,False,-4.377969,False,-7.266301,False,-41.480957,False,False,True
/Users/yuhaowang/Documents/UCL/Term3_Proj/Dataset/RETOUCH/RETOUCH/RETOUCH-TrainingSet-Topcon/TRAIN049/oct.mhd,TRAIN049,66,Topcon,train,-1,,True,RETOUCH,0,CNV,1.0,2.8027316e-05,0.50793505,-21.138023,1,-29.08649,False,-4.3725586,False,-7.266301,False,-39.964836,False,False,True
/Users/yuhaowang/Documents/UCL/Term3_Proj/Dataset/RETOUCH/RETOUCH/RETOUCH-TrainingSet-Topcon/TRAIN049/oct.mhd,TRAIN049,67,Topcon,train,-1,,True,RETOUCH,0,CNV,1.0,3.1728177e-06,0.6128548,-21.42984,1,-33.036167,False,-4.3784328,False,-7.266301,False,-41.73479,False,False,True
/Users/yuhaowang/Documents/UCL/Term3_Proj/Dataset/RETOUCH/RETOUCH/RETOUCH-TrainingSet-Topcon/TRAIN049/oct.mhd,TRAIN049,68,Topcon,train,-1,,True,RETOUCH,0,CNV,1.0,4.978242e-07,0.7084346,-21.820822,1,-36.821518,False,-4.379065,False,-7.266301,False,-43.56207,False,False,True
/Users/yuhaowang/Documents/UCL/Term3_Proj/Dataset/RETOUCH/RETOUCH/RETOUCH-TrainingSet-Topcon/TRAIN050/oct.mhd,TRAIN050,60,Topcon,train,-1,,True,RETOUCH,0,CNV,1.0,5.6142846e-10,0.81672853,-22.883894,1,-42.038296,False,-4.379183,False,-7.266301,False,-46.71007,False,False,True
/Users/yuhaowang/Documents/UCL/Term3_Proj/Dataset/RETOUCH/RETOUCH/RETOUCH-TrainingSet-Topcon/TRAIN050/oct.mhd,TRAIN050,61,Topcon,train,-1,,True,RETOUCH,0,CNV,1.0,1.4386455e-06,0.70201933,-22.160278,1,-37.114685,False,-4.378843,False,-7.266301,False,-44.075077,False,False,True
/Users/yuhaowang/Documents/UCL/Term3_Proj/Dataset/RETOUCH/RETOUCH/RETOUCH-TrainingSet-Topcon/TRAIN050/oct.mhd,TRAIN050,62,Topcon,train,-1,,True,RETOUCH,0,CNV,1.0,3.5406856e-08,0.7081506,-22.780317,1,-38.247814,False,-4.379174,False,-7.266301,False,-45.226776,False,False,True
/Users/yuhaowang/Documents/UCL/Term3_Proj/Dataset/RETOUCH/RETOUCH/RETOUCH-TrainingSet-Topcon/TRAIN050/oct.mhd,TRAIN050,63,Topcon,train,-1,,True,RETOUCH,0,CNV,1.0,1.1889358e-07,0.7992106,-21.898943,1,-39.977848,False,-4.3791547,False,-7.266301,False,-44.787487,False,False,True
/Users/yuhaowang/Documents/UCL/Term3_Proj/Dataset/RETOUCH/RETOUCH/RETOUCH-TrainingSet-Topcon/TRAIN050/oct.mhd,TRAIN050,64,Topcon,train,-1,,True,RETOUCH,0,CNV,1.0,3.8634326e-08,0.7835965,-22.067335,1,-39.70703,False,-4.3791738,False,-7.266301,False,-44.89283,False,False,True
/Users/yuhaowang/Documents/UCL/Term3_Proj/Dataset/RETOUCH/RETOUCH/RETOUCH-TrainingSet-Topcon/TRAIN050/oct.mhd,TRAIN050,65,Topcon,train,-1,,True,RETOUCH,0,CNV,1.0,1.1199004e-06,0.62869495,-21.710001,1,-33.98578,False,-4.378918,False,-7.266301,False,-42.412243,False,False,True
/Users/yuhaowang/Documents/UCL/Term3_Proj/Dataset/RETOUCH/RETOUCH/RETOUCH-TrainingSet-Topcon/TRAIN050/oct.mhd,TRAIN050,66,Topcon,train,-1,,True,RETOUCH,0,CNV,1.0,1.7632988e-07,0.64297867,-21.928534,1,-34.791058,False,-4.379141,False,-7.266301,False,-42.96372,False,False,True
/Users/yuhaowang/Documents/UCL/Term3_Proj/Dataset/RETOUCH/RETOUCH/RETOUCH-TrainingSet-Topcon/TRAIN050/oct.mhd,TRAIN050,67,Topcon,train,-1,,True,RETOUCH,0,CNV,1.0,1.6525398e-08,0.73836106,-22.13802,1,-38.2982,False,-4.379179,False,-7.266301,False,-44.472775,False,False,True
/Users/yuhaowang/Documents/UCL/Term3_Proj/Dataset/RETOUCH/RETOUCH/RETOUCH-TrainingSet-Topcon/TRAIN050/oct.mhd,TRAIN050,68,Topcon,train,-1,,True,RETOUCH,0,CNV,1.0,1.3258505e-09,0.7651184,-23.657265,1,-41.467537,False,-4.3791823,False,-7.266301,False,-47.43509,False,False,True
/Users/yuhaowang/Documents/UCL/Term3_Proj/Dataset/RETOUCH/RETOUCH/RETOUCH-TrainingSet-Topcon/TRAIN051/oct.mhd,TRAIN051,60,Topcon,train,-1,,True,RETOUCH,0,CNV,0.9974704,0.0198933,0.19577262,-24.435213,1,-23.568422,False,0.32254648,True,-7.266301,False,-39.292717,False,True,True
/Users/yuhaowang/Documents/UCL/Term3_Proj/Dataset/RETOUCH/RETOUCH/RETOUCH-TrainingSet-Topcon/TRAIN051/oct.mhd,TRAIN051,61,Topcon,train,-1,,True,RETOUCH,0,CNV,0.9411376,0.23749222,0.26287267,-23.737204,2,-24.770603,False,51.751484,True,5.519489,True,-3.9370322,False,True,True
/Users/yuhaowang/Documents/UCL/Term3_Proj/Dataset/RETOUCH/RETOUCH/RETOUCH-TrainingSet-Topcon/TRAIN051/oct.mhd,TRAIN051,62,Topcon,train,-1,,True,RETOUCH,1,DME,0.53225124,0.12981898,0.31418008,-23.889442,1,-26.716324,False,26.30319,True,-7.266301,False,-25.06025,False,True,True
/Users/yuhaowang/Documents/UCL/Term3_Proj/Dataset/RETOUCH/RETOUCH/RETOUCH-TrainingSet-Topcon/TRAIN051/oct.mhd,TRAIN051,63,Topcon,train,-1,,True,RETOUCH,1,DME,0.5704059,0.10716617,0.3811195,-24.23663,1,-29.477177,False,20.94926,True,-7.266301,False,-29.497562,False,True,True
/Users/yuhaowang/Documents/UCL/Term3_Proj/Dataset/RETOUCH/RETOUCH/RETOUCH-TrainingSet-Topcon/TRAIN051/oct.mhd,TRAIN051,64,Topcon,train,-1,,True,RETOUCH,1,DME,0.83905196,0.12261024,0.3253369,-24.31065,1,-27.720188,False,24.599428,True,-7.266301,False,-26.89074,False,True,True
/Users/yuhaowang/Documents/UCL/Term3_Proj/Dataset/RETOUCH/RETOUCH/RETOUCH-TrainingSet-Topcon/TRAIN051/oct.mhd,TRAIN051,65,Topcon,train,-1,,True,RETOUCH,1,DME,0.9935515,0.044643253,0.4599109,-24.449303,1,-32.43358,False,6.172134,True,-7.266301,False,-39.17675,False,True,True
/Users/yuhaowang/Documents/UCL/Term3_Proj/Dataset/RETOUCH/RETOUCH/RETOUCH-TrainingSet-Topcon/TRAIN051/oct.mhd,TRAIN051,66,Topcon,train,-1,,True,RETOUCH,0,CNV,0.6789064,0.0925456,0.32232422,-24.482168,1,-27.875984,False,17.493727,True,-7.266301,False,-31.174536,False,True,True
/Users/yuhaowang/Documents/UCL/Term3_Proj/Dataset/RETOUCH/RETOUCH/RETOUCH-TrainingSet-Topcon/TRAIN051/oct.mhd,TRAIN051,67,Topcon,train,-1,,True,RETOUCH,1,DME,0.99882025,0.0532614,0.45879412,-24.509237,1,-32.48587,False,8.209009,True,-7.266301,False,-38.11468,False,True,True
/Users/yuhaowang/Documents/UCL/Term3_Proj/Dataset/RETOUCH/RETOUCH/RETOUCH-TrainingSet-Topcon/TRAIN051/oct.mhd,TRAIN051,68,Topcon,train,-1,,True,RETOUCH,1,DME,0.99737096,0.10692012,0.45953918,-24.722172,1,-32.82946,False,20.891108,True,-7.266301,False,-31.315826,False,True,True
/Users/yuhaowang/Documents/UCL/Term3_Proj/Dataset/RETOUCH/RETOUCH/RETOUCH-TrainingSet-Topcon/TRAIN052/oct.mhd,TRAIN052,60,Topcon,train,-1,,True,RETOUCH,0,CNV,0.916033,0.1516492,0.13916725,-24.058327,2,-21.109142,False,31.46271,True,5.519489,True,-14.493805,False,True,True
/Users/yuhaowang/Documents/UCL/Term3_Proj/Dataset/RETOUCH/RETOUCH/RETOUCH-TrainingSet-Topcon/TRAIN052/oct.mhd,TRAIN052,61,Topcon,train,-1,,True,RETOUCH,0,CNV,0.9997731,0.009954771,0.27374643,-24.186754,1,-25.8074,False,-2.0263987,False,-7.266301,False,-41.12616,False,True,True
/Users/yuhaowang/Documents/UCL/Term3_Proj/Dataset/RETOUCH/RETOUCH/RETOUCH-TrainingSet-Topcon/TRAIN052/oct.mhd,TRAIN052,62,Topcon,train,-1,,True,RETOUCH,0,CNV,0.9999999,3.2580196e-05,0.49198622,-24.550709,1,-33.65929,False,-4.371483,False,-7.266301,False,-45.705643,False,False,True
/Users/yuhaowang/Documents/UCL/Term3_Proj/Dataset/RETOUCH/RETOUCH/RETOUCH-TrainingSet-Topcon/TRAIN052/oct.mhd,TRAIN052,63,Topcon,train,-1,,True,RETOUCH,0,CNV,0.999946,0.001207836,0.3137829,-24.221832,1,-27.20042,False,-4.0937138,False,-7.266301,False,-42.837772,False,False,True
/Users/yuhaowang/Documents/UCL/Term3_Proj/Dataset/RETOUCH/RETOUCH/RETOUCH-TrainingSet-Topcon/TRAIN052/oct.mhd,TRAIN052,64,Topcon,train,-1,,True,RETOUCH,0,CNV,0.9999963,0.00093621237,0.45791516,-24.347271,1,-32.21407,False,-4.1579113,False,-7.266301,False,-44.82215,False,False,True
/Users/yuhaowang/Documents/UCL/Term3_Proj/Dataset/RETOUCH/RETOUCH/RETOUCH-TrainingSet-Topcon/TRAIN052/oct.mhd,TRAIN052,65,Topcon,train,-1,,True,RETOUCH,0,CNV,0.999998,4.8940186e-05,0.4781492,-25.380732,1,-34.438057,False,-4.3676157,False,-7.266301,False,-46.980343,False,False,True
/Users/yuhaowang/Documents/UCL/Term3_Proj/Dataset/RETOUCH/RETOUCH/RETOUCH-TrainingSet-Topcon/TRAIN052/oct.mhd,TRAIN052,66,Topcon,train,-1,,True,RETOUCH,0,CNV,0.99779034,0.033544756,0.37505445,-24.807505,1,-30.12837,False,3.5490327,True,-7.266301,False,-40.265625,False,True,True
/Users/yuhaowang/Documents/UCL/Term3_Proj/Dataset/RETOUCH/RETOUCH/RETOUCH-TrainingSet-Topcon/TRAIN052/oct.mhd,TRAIN052,67,Topcon,train,-1,,True,RETOUCH,0,CNV,0.92346966,0.29312223,0.2719945,-23.878725,2,-25.2878,False,64.89949,True,5.519489,True,3.1491342,True,True,True
/Users/yuhaowang/Documents/UCL/Term3_Proj/Dataset/RETOUCH/RETOUCH/RETOUCH-TrainingSet-Topcon/TRAIN052/oct.mhd,TRAIN052,68,Topcon,train,-1,,True,RETOUCH,0,CNV,0.86514264,0.24903998,0.2744202,-24.17254,2,-25.80869,False,54.480766,True,5.519489,True,-3.2876983,False,True,True
/Users/yuhaowang/Documents/UCL/Term3_Proj/Dataset/RETOUCH/RETOUCH/RETOUCH-TrainingSet-Topcon/TRAIN053/oct.mhd,TRAIN053,60,Topcon,train,-1,,True,RETOUCH,0,CNV,1.0,2.0708478e-07,0.616242,-18.948183,1,-29.435984,False,-4.3791337,False,-7.266301,False,-37.461563,False,False,True
/Users/yuhaowang/Documents/UCL/Term3_Proj/Dataset/RETOUCH/RETOUCH/RETOUCH-TrainingSet-Topcon/TRAIN053/oct.mhd,TRAIN053,61,Topcon,train,-1,,True,RETOUCH,0,CNV,1.0,5.375121e-09,0.63141,-19.151712,1,-30.248413,False,-4.3791814,False,-7.266301,False,-37.997475,False,False,True
/Users/yuhaowang/Documents/UCL/Term3_Proj/Dataset/RETOUCH/RETOUCH/RETOUCH-TrainingSet-Topcon/TRAIN053/oct.mhd,TRAIN053,62,Topcon,train,-1,,True,RETOUCH,0,CNV,1.0,1.1846092e-05,0.56621915,-18.230661,1,-26.687366,False,-4.376383,False,-7.266301,False,-35.61221,False,False,True
/Users/yuhaowang/Documents/UCL/Term3_Proj/Dataset/RETOUCH/RETOUCH/RETOUCH-TrainingSet-Topcon/TRAIN053/oct.mhd,TRAIN053,63,Topcon,train,-1,,True,RETOUCH,0,CNV,1.0,2.6774921e-07,0.5787734,-18.791037,1,-27.946274,False,-4.3791194,False,-7.266301,False,-36.738636,False,False,True
/Users/yuhaowang/Documents/UCL/Term3_Proj/Dataset/RETOUCH/RETOUCH/RETOUCH-TrainingSet-Topcon/TRAIN053/oct.mhd,TRAIN053,64,Topcon,train,-1,,True,RETOUCH,0,CNV,1.0,1.7710818e-08,0.6201271,-19.603678,1,-30.546963,False,-4.3791785,False,-7.266301,False,-38.647774,False,False,True
/Users/yuhaowang/Documents/UCL/Term3_Proj/Dataset/RETOUCH/RETOUCH/RETOUCH-TrainingSet-Topcon/TRAIN053/oct.mhd,TRAIN053,65,Topcon,train,-1,,True,RETOUCH,0,CNV,1.0,1.9266952e-09,0.7302812,-19.39933,1,-33.929432,False,-4.3791823,False,-7.266301,False,-39.614666,False,False,True
/Users/yuhaowang/Documents/UCL/Term3_Proj/Dataset/RETOUCH/RETOUCH/RETOUCH-TrainingSet-Topcon/TRAIN053/oct.mhd,TRAIN053,66,Topcon,train,-1,,True,RETOUCH,0,CNV,1.0,5.167621e-09,0.7305269,-18.801432,1,-33.04295,False,-4.379182,False,-7.266301,False,-38.57819,False,False,True
/Users/yuhaowang/Documents/UCL/Term3_Proj/Dataset/RETOUCH/RETOUCH/RETOUCH-TrainingSet-Topcon/TRAIN053/oct.mhd,TRAIN053,67,Topcon,train,-1,,True,RETOUCH,0,CNV,1.0,2.3035204e-07,0.5923668,-19.854849,1,-29.993328,False,-4.3791285,False,-7.266301,False,-38.7512,False,False,True
/Users/yuhaowang/Documents/UCL/Term3_Proj/Dataset/RETOUCH/RETOUCH/RETOUCH-TrainingSet-Topcon/TRAIN053/oct.mhd,TRAIN053,68,Topcon,train,-1,,True,RETOUCH,0,CNV,1.0,2.7803708e-08,0.6767979,-18.343718,1,-30.559025,False,-4.379176,False,-7.266301,False,-37.137573,False,False,True
/Users/yuhaowang/Documents/UCL/Term3_Proj/Dataset/RETOUCH/RETOUCH/RETOUCH-TrainingSet-Topcon/TRAIN054/oct.mhd,TRAIN054,60,Topcon,train,-1,,True,RETOUCH,0,CNV,0.7616359,0.26521122,0.33383262,-24.74289,2,-28.651464,False,58.302803,True,5.519489,True,-2.8290915,False,True,True
/Users/yuhaowang/Documents/UCL/Term3_Proj/Dataset/RETOUCH/RETOUCH/RETOUCH-TrainingSet-Topcon/TRAIN054/oct.mhd,TRAIN054,61,Topcon,train,-1,,True,RETOUCH,1,DME,0.9023731,0.07881853,0.40404713,-24.047077,1,-29.961208,False,14.249371,True,-7.266301,False,-33.235317,False,True,True
/Users/yuhaowang/Documents/UCL/Term3_Proj/Dataset/RETOUCH/RETOUCH/RETOUCH-TrainingSet-Topcon/TRAIN054/oct.mhd,TRAIN054,62,Topcon,train,-1,,True,RETOUCH,1,DME,0.76782024,0.09564668,0.42821366,-24.000624,1,-30.700855,False,18.226658,True,-7.266301,False,-31.193506,False,True,True
/Users/yuhaowang/Documents/UCL/Term3_Proj/Dataset/RETOUCH/RETOUCH/RETOUCH-TrainingSet-Topcon/TRAIN054/oct.mhd,TRAIN054,63,Topcon,train,-1,,True,RETOUCH,1,DME,0.5587842,0.10680789,0.3038473,-23.804468,2,-26.2432,False,20.864582,True,5.519489,True,-22.027546,False,True,True
/Users/yuhaowang/Documents/UCL/Term3_Proj/Dataset/RETOUCH/RETOUCH/RETOUCH-TrainingSet-Topcon/TRAIN054/oct.mhd,TRAIN054,64,Topcon,train,-1,,True,RETOUCH,0,CNV,0.53130275,0.16856015,0.2687684,-23.929296,2,-25.255457,False,35.459568,True,5.519489,True,-13.562857,False,True,True
/Users/yuhaowang/Documents/UCL/Term3_Proj/Dataset/RETOUCH/RETOUCH/RETOUCH-TrainingSet-Topcon/TRAIN054/oct.mhd,TRAIN054,65,Topcon,train,-1,,True,RETOUCH,1,DME,0.96005017,0.067481935,0.4406744,-24.561962,1,-31.958073,False,11.569996,True,-7.266301,False,-36.08656,False,True,True
/Users/yuhaowang/Documents/UCL/Term3_Proj/Dataset/RETOUCH/RETOUCH/RETOUCH-TrainingSet-Topcon/TRAIN054/oct.mhd,TRAIN054,66,Topcon,train,-1,,True,RETOUCH,1,DME,0.9536506,0.027128771,0.45536345,-23.707254,1,-31.1709,False,2.0326314,True,-7.266301,False,-40.17507,False,True,True
/Users/yuhaowang/Documents/UCL/Term3_Proj/Dataset/RETOUCH/RETOUCH/RETOUCH-TrainingSet-Topcon/TRAIN054/oct.mhd,TRAIN054,67,Topcon,train,-1,,True,RETOUCH,1,DME,0.9961746,0.0024724416,0.5172412,-24.24604,1,-34.04899,False,-3.7948277,False,-7.266301,False,-45.15273,False,True,True
/Users/yuhaowang/Documents/UCL/Term3_Proj/Dataset/RETOUCH/RETOUCH/RETOUCH-TrainingSet-Topcon/TRAIN054/oct.mhd,TRAIN054,68,Topcon,train,-1,,True,RETOUCH,1,DME,0.88560396,0.06408173,0.46169525,-24.295424,1,-32.263058,False,10.766367,True,-7.266301,False,-36.33035,False,True,True
/Users/yuhaowang/Documents/UCL/Term3_Proj/Dataset/RETOUCH/RETOUCH/RETOUCH-TrainingSet-Topcon/TRAIN055/oct.mhd,TRAIN055,60,Topcon,train,-1,,True,RETOUCH,0,CNV,0.99999833,8.1998005e-06,0.47414136,-20.817907,1,-27.47596,False,-4.377245,False,-7.266301,False,-39.005363,False,False,True
/Users/yuhaowang/Documents/UCL/Term3_Proj/Dataset/RETOUCH/RETOUCH/RETOUCH-TrainingSet-Topcon/TRAIN055/oct.mhd,TRAIN055,61,Topcon,train,-1,,True,RETOUCH,0,CNV,1.0,8.656848e-07,0.63801616,-21.199955,1,-33.534637,False,-4.3789783,False,-7.266301,False,-41.637455,False,False,True
/Users/yuhaowang/Documents/UCL/Term3_Proj/Dataset/RETOUCH/RETOUCH/RETOUCH-TrainingSet-Topcon/TRAIN055/oct.mhd,TRAIN055,62,Topcon,train,-1,,True,RETOUCH,0,CNV,1.0,2.8552886e-06,0.6800104,-21.74312,1,-35.75352,False,-4.378508,False,-7.266301,False,-43.085506,False,False,True
/Users/yuhaowang/Documents/UCL/Term3_Proj/Dataset/RETOUCH/RETOUCH/RETOUCH-TrainingSet-Topcon/TRAIN055/oct.mhd,TRAIN055,63,Topcon,train,-1,,True,RETOUCH,0,CNV,1.0,3.5747398e-06,0.54723346,-21.823051,1,-31.427399,False,-4.378338,False,-7.266301,False,-41.63069,False,False,True
/Users/yuhaowang/Documents/UCL/Term3_Proj/Dataset/RETOUCH/RETOUCH/RETOUCH-TrainingSet-Topcon/TRAIN055/oct.mhd,TRAIN055,64,Topcon,train,-1,,True,RETOUCH,0,CNV,1.0,1.5176155e-08,0.72884744,-22.04795,1,-37.844875,False,-4.379179,False,-7.266301,False,-44.202,False,False,True
/Users/yuhaowang/Documents/UCL/Term3_Proj/Dataset/RETOUCH/RETOUCH/RETOUCH-TrainingSet-Topcon/TRAIN055/oct.mhd,TRAIN055,65,Topcon,train,-1,,True,RETOUCH,0,CNV,0.9999999,1.1434422e-05,0.48527628,-22.026945,1,-29.658016,False,-4.37648,False,-7.266301,False,-41.240456,False,False,True
/Users/yuhaowang/Documents/UCL/Term3_Proj/Dataset/RETOUCH/RETOUCH/RETOUCH-TrainingSet-Topcon/TRAIN055/oct.mhd,TRAIN055,66,Topcon,train,-1,,True,RETOUCH,0,CNV,1.0,1.983095e-08,0.6587798,-22.036743,1,-35.482048,False,-4.379178,False,-7.266301,False,-43.34152,False,False,True
/Users/yuhaowang/Documents/UCL/Term3_Proj/Dataset/RETOUCH/RETOUCH/RETOUCH-TrainingSet-Topcon/TRAIN055/oct.mhd,TRAIN055,67,Topcon,train,-1,,True,RETOUCH,0,CNV,1.0,5.3138763e-08,0.71281606,-21.12775,1,-35.931095,False,-4.3791704,False,-7.266301,False,-42.409836,False,False,True
/Users/yuhaowang/Documents/UCL/Term3_Proj/Dataset/RETOUCH/RETOUCH/RETOUCH-TrainingSet-Topcon/TRAIN055/oct.mhd,TRAIN055,68,Topcon,train,-1,,True,RETOUCH,0,CNV,1.0,2.2897177e-07,0.5887777,-21.320812,1,-32.066853,False,-4.3791285,False,-7.266301,False,-41.256653,False,False,True
/Users/yuhaowang/Documents/UCL/Term3_Proj/Dataset/RETOUCH/RETOUCH/RETOUCH-TrainingSet-Topcon/TRAIN056/oct.mhd,TRAIN056,28,Topcon,train,-1,,True,RETOUCH,1,DME,0.99976844,0.030266032,0.46976253,-24.730286,1,-33.183907,False,2.7741146,True,-7.266301,False,-41.70673,False,True,True
/Users/yuhaowang/Documents/UCL/Term3_Proj/Dataset/RETOUCH/RETOUCH/RETOUCH-TrainingSet-Topcon/TRAIN056/oct.mhd,TRAIN056,29,Topcon,train,-1,,True,RETOUCH,1,DME,0.99795204,0.025618173,0.35002947,-25.415586,1,-30.200413,False,1.6756053,True,-7.266301,False,-42.082737,False,True,True
/Users/yuhaowang/Documents/UCL/Term3_Proj/Dataset/RETOUCH/RETOUCH/RETOUCH-TrainingSet-Topcon/TRAIN056/oct.mhd,TRAIN056,30,Topcon,train,-1,,True,RETOUCH,1,DME,0.95691514,0.20994642,0.3174475,-25.43778,1,-29.142693,False,45.241104,True,-7.266301,False,-17.072477,False,True,True
/Users/yuhaowang/Documents/UCL/Term3_Proj/Dataset/RETOUCH/RETOUCH/RETOUCH-TrainingSet-Topcon/TRAIN056/oct.mhd,TRAIN056,31,Topcon,train,-1,,True,RETOUCH,1,DME,0.9999713,0.013192864,0.47841364,-25.80883,1,-35.087524,False,-1.2610838,False,-7.266301,False,-45.969475,False,False,True
/Users/yuhaowang/Documents/UCL/Term3_Proj/Dataset/RETOUCH/RETOUCH/RETOUCH-TrainingSet-Topcon/TRAIN056/oct.mhd,TRAIN056,32,Topcon,train,-1,,True,RETOUCH,0,CNV,0.99284005,0.10212465,0.23488085,-25.898409,1,-27.06743,False,19.757711,True,-7.266301,False,-31.305676,False,True,True
/Users/yuhaowang/Documents/UCL/Term3_Proj/Dataset/RETOUCH/RETOUCH/RETOUCH-TrainingSet-Topcon/TRAIN056/oct.mhd,TRAIN056,33,Topcon,train,-1,,True,RETOUCH,1,DME,0.98247045,0.36288136,0.33728835,-25.029305,1,-29.195766,False,81.38688,True,-7.266301,False,3.8577638,True,True,True
/Users/yuhaowang/Documents/UCL/Term3_Proj/Dataset/RETOUCH/RETOUCH/RETOUCH-TrainingSet-Topcon/TRAIN056/oct.mhd,TRAIN056,34,Topcon,train,-1,,True,RETOUCH,1,DME,0.91543114,0.28773817,0.28694072,-26.04415,1,-29.028625,False,63.626987,True,-7.266301,False,-7.3541846,False,True,True
/Users/yuhaowang/Documents/UCL/Term3_Proj/Dataset/RETOUCH/RETOUCH/RETOUCH-TrainingSet-Topcon/TRAIN056/oct.mhd,TRAIN056,35,Topcon,train,-1,,True,RETOUCH,3,NORMAL,0.7098655,0.2722172,0.22469866,-25.25158,1,-25.75857,False,59.958645,True,-7.266301,False,-7.305509,False,True,True
/Users/yuhaowang/Documents/UCL/Term3_Proj/Dataset/RETOUCH/RETOUCH/RETOUCH-TrainingSet-Topcon/TRAIN056/oct.mhd,TRAIN056,36,Topcon,train,-1,,True,RETOUCH,1,DME,0.8858775,0.20748955,0.27944496,-25.28828,1,-27.64655,False,44.66043,True,-7.266301,False,-16.685102,False,True,True
/Users/yuhaowang/Documents/UCL/Term3_Proj/Dataset/RETOUCH/RETOUCH/RETOUCH-TrainingSet-Topcon/TRAIN057/oct.mhd,TRAIN057,60,Topcon,train,-1,,True,RETOUCH,0,CNV,1.0,5.658569e-08,0.81658673,-20.63309,1,-38.665398,False,-4.3791695,False,-7.266301,False,-42.795406,False,False,True
/Users/yuhaowang/Documents/UCL/Term3_Proj/Dataset/RETOUCH/RETOUCH/RETOUCH-TrainingSet-Topcon/TRAIN057/oct.mhd,TRAIN057,61,Topcon,train,-1,,True,RETOUCH,0,CNV,0.99999976,5.51228e-06,0.54512584,-21.065586,1,-30.223343,False,-4.37788,False,-7.266301,False,-40.288307,False,False,True
/Users/yuhaowang/Documents/UCL/Term3_Proj/Dataset/RETOUCH/RETOUCH/RETOUCH-TrainingSet-Topcon/TRAIN057/oct.mhd,TRAIN057,62,Topcon,train,-1,,True,RETOUCH,0,CNV,1.0,3.71642e-08,0.67148244,-20.94289,1,-34.270504,False,-4.379174,False,-7.266301,False,-41.59235,False,False,True
/Users/yuhaowang/Documents/UCL/Term3_Proj/Dataset/RETOUCH/RETOUCH/RETOUCH-TrainingSet-Topcon/TRAIN057/oct.mhd,TRAIN057,63,Topcon,train,-1,,True,RETOUCH,0,CNV,1.0,7.850899e-07,0.5987147,-20.45747,1,-31.107649,False,-4.3789973,False,-7.266301,False,-39.874958,False,False,True
/Users/yuhaowang/Documents/UCL/Term3_Proj/Dataset/RETOUCH/RETOUCH/RETOUCH-TrainingSet-Topcon/TRAIN057/oct.mhd,TRAIN057,64,Topcon,train,-1,,True,RETOUCH,0,CNV,1.0,7.279391e-08,0.7723896,-21.4866,1,-38.46277,False,-4.3791656,False,-7.266301,False,-43.748726,False,False,True
/Users/yuhaowang/Documents/UCL/Term3_Proj/Dataset/RETOUCH/RETOUCH/RETOUCH-TrainingSet-Topcon/TRAIN057/oct.mhd,TRAIN057,65,Topcon,train,-1,,True,RETOUCH,0,CNV,1.0,5.635841e-07,0.74837554,-21.200861,1,-37.231125,False,-4.3790493,False,-7.266301,False,-42.963676,False,False,True
/Users/yuhaowang/Documents/UCL/Term3_Proj/Dataset/RETOUCH/RETOUCH/RETOUCH-TrainingSet-Topcon/TRAIN057/oct.mhd,TRAIN057,66,Topcon,train,-1,,True,RETOUCH,0,CNV,1.0,9.474803e-09,0.8002154,-21.908731,1,-40.02614,False,-4.3791804,False,-7.266301,False,-44.816578,False,False,True
/Users/yuhaowang/Documents/UCL/Term3_Proj/Dataset/RETOUCH/RETOUCH/RETOUCH-TrainingSet-Topcon/TRAIN057/oct.mhd,TRAIN057,67,Topcon,train,-1,,True,RETOUCH,0,CNV,1.0,1.9616266e-08,0.82520854,-22.138166,1,-41.206306,False,-4.379178,False,-7.266301,False,-45.515427,False,False,True
/Users/yuhaowang/Documents/UCL/Term3_Proj/Dataset/RETOUCH/RETOUCH/RETOUCH-TrainingSet-Topcon/TRAIN057/oct.mhd,TRAIN057,68,Topcon,train,-1,,True,RETOUCH,0,CNV,1.0,1.2555461e-08,0.7924033,-20.574333,1,-37.767746,False,-4.37918,False,-7.266301,False,-42.403004,False,False,True
/Users/yuhaowang/Documents/UCL/Term3_Proj/Dataset/RETOUCH/RETOUCH/RETOUCH-TrainingSet-Topcon/TRAIN058/oct.mhd,TRAIN058,60,Topcon,train,-1,,True,RETOUCH,0,CNV,1.0,1.5098107e-05,0.61227125,-21.136063,1,-32.57702,False,-4.375614,False,-7.266301,False,-41.21547,False,False,True
/Users/yuhaowang/Documents/UCL/Term3_Proj/Dataset/RETOUCH/RETOUCH/RETOUCH-TrainingSet-Topcon/TRAIN058/oct.mhd,TRAIN058,61,Topcon,train,-1,,True,RETOUCH,0,CNV,1.0,1.4438256e-06,0.60235316,-21.034145,1,-32.092422,False,-4.3788414,False,-7.266301,False,-40.921074,False,False,True
/Users/yuhaowang/Documents/UCL/Term3_Proj/Dataset/RETOUCH/RETOUCH/RETOUCH-TrainingSet-Topcon/TRAIN058/oct.mhd,TRAIN058,62,Topcon,train,-1,,True,RETOUCH,0,CNV,1.0,7.988019e-07,0.6689637,-20.240356,1,-33.134884,False,-4.378994,False,-7.266301,False,-40.340687,False,False,True
/Users/yuhaowang/Documents/UCL/Term3_Proj/Dataset/RETOUCH/RETOUCH/RETOUCH-TrainingSet-Topcon/TRAIN058/oct.mhd,TRAIN058,63,Topcon,train,-1,,True,RETOUCH,0,CNV,1.0,2.5907898e-09,0.738802,-20.627586,1,-36.05272,False,-4.3791823,False,-7.266301,False,-41.852226,False,False,True
/Users/yuhaowang/Documents/UCL/Term3_Proj/Dataset/RETOUCH/RETOUCH/RETOUCH-TrainingSet-Topcon/TRAIN058/oct.mhd,TRAIN058,64,Topcon,train,-1,,True,RETOUCH,0,CNV,1.0,3.76601e-08,0.7700356,-20.423767,1,-36.793507,False,-4.3791738,False,-7.266301,False,-41.872772,False,False,True
/Users/yuhaowang/Documents/UCL/Term3_Proj/Dataset/RETOUCH/RETOUCH/RETOUCH-TrainingSet-Topcon/TRAIN058/oct.mhd,TRAIN058,65,Topcon,train,-1,,True,RETOUCH,0,CNV,1.0,2.2683707e-07,0.7335119,-21.300547,1,-36.88262,False,-4.3791294,False,-7.266301,False,-42.958622,False,False,True
/Users/yuhaowang/Documents/UCL/Term3_Proj/Dataset/RETOUCH/RETOUCH/RETOUCH-TrainingSet-Topcon/TRAIN058/oct.mhd,TRAIN058,66,Topcon,train,-1,,True,RETOUCH,0,CNV,1.0,3.64335e-10,0.8450151,-20.35301,1,-39.198143,False,-4.379183,False,-7.266301,False,-42.649723,False,False,True
/Users/yuhaowang/Documents/UCL/Term3_Proj/Dataset/RETOUCH/RETOUCH/RETOUCH-TrainingSet-Topcon/TRAIN058/oct.mhd,TRAIN058,67,Topcon,train,-1,,True,RETOUCH,0,CNV,1.0,3.5542234e-07,0.7416886,-20.362421,1,-35.75257,False,-4.379099,False,-7.266301,False,-41.425846,False,False,True
/Users/yuhaowang/Documents/UCL/Term3_Proj/Dataset/RETOUCH/RETOUCH/RETOUCH-TrainingSet-Topcon/TRAIN058/oct.mhd,TRAIN058,68,Topcon,train,-1,,True,RETOUCH,0,CNV,1.0,1.1652233e-08,0.7703551,-20.615614,1,-37.091286,False,-4.37918,False,-7.266301,False,-42.210133,False,False,True
/Users/yuhaowang/Documents/UCL/Term3_Proj/Dataset/RETOUCH/RETOUCH/RETOUCH-TrainingSet-Topcon/TRAIN059/oct.mhd,TRAIN059,60,Topcon,train,-1,,True,RETOUCH,1,DME,0.9987129,0.0012975112,0.5528071,-23.95376,1,-34.802452,False,-4.0725193,False,-7.266301,False,-45.22867,False,True,True
/Users/yuhaowang/Documents/UCL/Term3_Proj/Dataset/RETOUCH/RETOUCH/RETOUCH-TrainingSet-Topcon/TRAIN059/oct.mhd,TRAIN059,61,Topcon,train,-1,,True,RETOUCH,1,DME,0.9998305,0.00070268195,0.6150468,-23.266365,1,-35.857777,False,-4.2131057,False,-7.266301,False,-44.860268,False,False,True
/Users/yuhaowang/Documents/UCL/Term3_Proj/Dataset/RETOUCH/RETOUCH/RETOUCH-TrainingSet-Topcon/TRAIN059/oct.mhd,TRAIN059,62,Topcon,train,-1,,True,RETOUCH,1,DME,0.9998665,0.00067152735,0.55734074,-22.755629,1,-33.161346,False,-4.220469,False,-7.266301,False,-43.283913,False,False,True
/Users/yuhaowang/Documents/UCL/Term3_Proj/Dataset/RETOUCH/RETOUCH/RETOUCH-TrainingSet-Topcon/TRAIN059/oct.mhd,TRAIN059,63,Topcon,train,-1,,True,RETOUCH,1,DME,0.9999881,0.00012247893,0.60412294,-24.076824,1,-36.704803,False,-4.3502355,False,-7.266301,False,-46.215725,False,False,True
/Users/yuhaowang/Documents/UCL/Term3_Proj/Dataset/RETOUCH/RETOUCH/RETOUCH-TrainingSet-Topcon/TRAIN059/oct.mhd,TRAIN059,64,Topcon,train,-1,,True,RETOUCH,1,DME,0.9999993,1.4026322e-05,0.6723231,-23.852728,1,-38.652992,False,-4.375868,False,-7.266301,False,-46.659233,False,False,True
/Users/yuhaowang/Documents/UCL/Term3_Proj/Dataset/RETOUCH/RETOUCH/RETOUCH-TrainingSet-Topcon/TRAIN059/oct.mhd,TRAIN059,65,Topcon,train,-1,,True,RETOUCH,1,DME,0.9996791,0.011979597,0.57072794,-23.451694,1,-34.651196,False,-1.5478365,False,-7.266301,False,-43.141987,False,True,True
/Users/yuhaowang/Documents/UCL/Term3_Proj/Dataset/RETOUCH/RETOUCH/RETOUCH-TrainingSet-Topcon/TRAIN059/oct.mhd,TRAIN059,66,Topcon,train,-1,,True,RETOUCH,1,DME,0.9999999,4.452286e-06,0.67426383,-22.967543,1,-37.393364,False,-4.3781304,False,-7.266301,False,-45.14494,False,False,True
/Users/yuhaowang/Documents/UCL/Term3_Proj/Dataset/RETOUCH/RETOUCH/RETOUCH-TrainingSet-Topcon/TRAIN059/oct.mhd,TRAIN059,67,Topcon,train,-1,,True,RETOUCH,1,DME,0.99999833,0.00010086561,0.6426766,-24.322323,1,-38.363052,False,-4.3553433,False,-7.266301,False,-47.10815,False,False,True
/Users/yuhaowang/Documents/UCL/Term3_Proj/Dataset/RETOUCH/RETOUCH/RETOUCH-TrainingSet-Topcon/TRAIN059/oct.mhd,TRAIN059,68,Topcon,train,-1,,True,RETOUCH,1,DME,0.9787024,0.20086047,0.45205477,-24.625692,1,-32.434483,False,43.093666,True,-7.266301,False,-18.49177,False,True,True
/Users/yuhaowang/Documents/UCL/Term3_Proj/Dataset/RETOUCH/RETOUCH/RETOUCH-TrainingSet-Topcon/TRAIN060/oct.mhd,TRAIN060,60,Topcon,train,-1,,True,RETOUCH,1,DME,0.99951947,0.006472865,0.4961292,-21.510302,1,-29.248287,False,-2.849338,False,-7.266301,False,-39.608196,False,True,True
/Users/yuhaowang/Documents/UCL/Term3_Proj/Dataset/RETOUCH/RETOUCH/RETOUCH-TrainingSet-Topcon/TRAIN060/oct.mhd,TRAIN060,61,Topcon,train,-1,,True,RETOUCH,1,DME,0.9986632,0.06359102,0.4241833,-20.826529,1,-25.816128,False,10.650389,True,-7.266301,False,-29.915186,False,True,True
/Users/yuhaowang/Documents/UCL/Term3_Proj/Dataset/RETOUCH/RETOUCH/RETOUCH-TrainingSet-Topcon/TRAIN060/oct.mhd,TRAIN060,62,Topcon,train,-1,,True,RETOUCH,1,DME,0.99975604,0.005030917,0.4173231,-20.798983,1,-25.54521,False,-3.1901388,False,-7.266301,False,-37.618603,False,True,True
/Users/yuhaowang/Documents/UCL/Term3_Proj/Dataset/RETOUCH/RETOUCH/RETOUCH-TrainingSet-Topcon/TRAIN060/oct.mhd,TRAIN060,63,Topcon,train,-1,,True,RETOUCH,1,DME,0.97157776,0.09094757,0.36712644,-21.408426,1,-24.77647,False,17.116037,True,-7.266301,False,-26.582447,False,True,True
/Users/yuhaowang/Documents/UCL/Term3_Proj/Dataset/RETOUCH/RETOUCH/RETOUCH-TrainingSet-Topcon/TRAIN060/oct.mhd,TRAIN060,64,Topcon,train,-1,,True,RETOUCH,1,DME,0.99596786,0.019156024,0.45475608,-21.144379,1,-27.315426,False,0.14829326,True,-7.266301,False,-36.778824,False,True,True
/Users/yuhaowang/Documents/UCL/Term3_Proj/Dataset/RETOUCH/RETOUCH/RETOUCH-TrainingSet-Topcon/TRAIN060/oct.mhd,TRAIN060,65,Topcon,train,-1,,True,RETOUCH,1,DME,0.9999757,0.004528636,0.52902424,-20.775715,1,-29.25045,False,-3.3088515,False,-7.266301,False,-38.986053,False,False,True
/Users/yuhaowang/Documents/UCL/Term3_Proj/Dataset/RETOUCH/RETOUCH/RETOUCH-TrainingSet-Topcon/TRAIN060/oct.mhd,TRAIN060,66,Topcon,train,-1,,True,RETOUCH,1,DME,0.99908006,0.011306345,0.50687355,-21.171701,1,-29.101347,False,-1.7069577,False,-7.266301,False,-38.50193,False,True,True
/Users/yuhaowang/Documents/UCL/Term3_Proj/Dataset/RETOUCH/RETOUCH/RETOUCH-TrainingSet-Topcon/TRAIN060/oct.mhd,TRAIN060,67,Topcon,train,-1,,True,RETOUCH,1,DME,0.9999255,0.0020803632,0.4946972,-20.358837,1,-27.477262,False,-3.8874946,False,-7.266301,False,-38.17681,False,False,True
/Users/yuhaowang/Documents/UCL/Term3_Proj/Dataset/RETOUCH/RETOUCH/RETOUCH-TrainingSet-Topcon/TRAIN060/oct.mhd,TRAIN060,68,Topcon,train,-1,,True,RETOUCH,1,DME,0.9992323,0.013031956,0.5292129,-21.332006,1,-30.089212,False,-1.2991142,False,-7.266301,False,-38.817913,False,True,True
/Users/yuhaowang/Documents/UCL/Term3_Proj/Dataset/RETOUCH/RETOUCH/RETOUCH-TrainingSet-Topcon/TRAIN061/oct.mhd,TRAIN061,60,Topcon,train,-1,,True,RETOUCH,0,CNV,1.0,2.883101e-08,0.6299902,-21.262327,1,-33.35924,False,-4.379176,False,-7.266301,False,-41.649666,False,False,True
/Users/yuhaowang/Documents/UCL/Term3_Proj/Dataset/RETOUCH/RETOUCH/RETOUCH-TrainingSet-Topcon/TRAIN061/oct.mhd,TRAIN061,61,Topcon,train,-1,,True,RETOUCH,0,CNV,0.9999995,1.4424775e-05,0.3999992,-21.008158,1,-25.278172,False,-4.3757734,False,-7.266301,False,-38.44537,False,False,True
/Users/yuhaowang/Documents/UCL/Term3_Proj/Dataset/RETOUCH/RETOUCH/RETOUCH-TrainingSet-Topcon/TRAIN061/oct.mhd,TRAIN061,62,Topcon,train,-1,,True,RETOUCH,0,CNV,0.99999976,0.00010348443,0.4792648,-22.122522,1,-29.599758,False,-4.3547244,False,-7.266301,False,-41.322144,False,False,True
/Users/yuhaowang/Documents/UCL/Term3_Proj/Dataset/RETOUCH/RETOUCH/RETOUCH-TrainingSet-Topcon/TRAIN061/oct.mhd,TRAIN061,63,Topcon,train,-1,,True,RETOUCH,0,CNV,1.0,2.9660281e-05,0.6350466,-21.30488,1,-33.59222,False,-4.372173,False,-7.266301,False,-41.780373,False,False,True
/Users/yuhaowang/Documents/UCL/Term3_Proj/Dataset/RETOUCH/RETOUCH/RETOUCH-TrainingSet-Topcon/TRAIN061/oct.mhd,TRAIN061,64,Topcon,train,-1,,True,RETOUCH,0,CNV,0.9999881,2.858523e-05,0.41936007,-21.184744,1,-26.190674,False,-4.372427,False,-7.266301,False,-38.98285,False,False,True
/Users/yuhaowang/Documents/UCL/Term3_Proj/Dataset/RETOUCH/RETOUCH/RETOUCH-TrainingSet-Topcon/TRAIN061/oct.mhd,TRAIN061,65,Topcon,train,-1,,True,RETOUCH,0,CNV,0.9999981,0.00014552654,0.5169962,-21.726067,1,-30.269842,False,-4.344788,False,-7.266301,False,-41.08017,False,False,True
/Users/yuhaowang/Documents/UCL/Term3_Proj/Dataset/RETOUCH/RETOUCH/RETOUCH-TrainingSet-Topcon/TRAIN061/oct.mhd,TRAIN061,66,Topcon,train,-1,,True,RETOUCH,0,CNV,0.99999976,4.889036e-06,0.3743887,-21.205069,1,-24.715322,False,-4.3780274,False,-7.266301,False,-38.481575,False,False,True
/Users/yuhaowang/Documents/UCL/Term3_Proj/Dataset/RETOUCH/RETOUCH/RETOUCH-TrainingSet-Topcon/TRAIN061/oct.mhd,TRAIN061,67,Topcon,train,-1,,True,RETOUCH,0,CNV,0.99999166,0.00022804935,0.25622422,-21.312832,1,-20.920115,False,-4.325284,False,-7.266301,False,-37.220783,False,False,True
/Users/yuhaowang/Documents/UCL/Term3_Proj/Dataset/RETOUCH/RETOUCH/RETOUCH-TrainingSet-Topcon/TRAIN061/oct.mhd,TRAIN061,68,Topcon,train,-1,,True,RETOUCH,0,CNV,0.9999999,3.2640419e-06,0.5353915,-21.167643,1,-30.05013,False,-4.3784113,False,-7.266301,False,-40.34919,False,False,True
/Users/yuhaowang/Documents/UCL/Term3_Proj/Dataset/RETOUCH/RETOUCH/RETOUCH-TrainingSet-Topcon/TRAIN062/oct.mhd,TRAIN062,28,Topcon,train,-1,,True,RETOUCH,3,NORMAL,0.99995494,0.0038477052,0.41810104,-27.113228,1,-35.02002,False,-3.4697878,False,-7.266301,False,-48.76333,False,False,True
/Users/yuhaowang/Documents/UCL/Term3_Proj/Dataset/RETOUCH/RETOUCH/RETOUCH-TrainingSet-Topcon/TRAIN062/oct.mhd,TRAIN062,29,Topcon,train,-1,,True,RETOUCH,3,NORMAL,0.9999956,0.00040319667,0.27277613,-27.364979,1,-30.530872,False,-4.2838883,False,-7.266301,False,-47.91748,False,False,True
/Users/yuhaowang/Documents/UCL/Term3_Proj/Dataset/RETOUCH/RETOUCH/RETOUCH-TrainingSet-Topcon/TRAIN062/oct.mhd,TRAIN062,30,Topcon,train,-1,,True,RETOUCH,3,NORMAL,0.99928397,0.0021105828,0.3918714,-26.0104,1,-32.49149,False,-3.880352,False,-7.266301,False,-46.763653,False,True,True
/Users/yuhaowang/Documents/UCL/Term3_Proj/Dataset/RETOUCH/RETOUCH/RETOUCH-TrainingSet-Topcon/TRAIN062/oct.mhd,TRAIN062,31,Topcon,train,-1,,True,RETOUCH,3,NORMAL,0.9994067,0.00057897903,0.3536804,-26.185698,1,-31.475067,False,-4.242343,False,-7.266301,False,-46.814888,False,True,True
/Users/yuhaowang/Documents/UCL/Term3_Proj/Dataset/RETOUCH/RETOUCH/RETOUCH-TrainingSet-Topcon/TRAIN062/oct.mhd,TRAIN062,32,Topcon,train,-1,,True,RETOUCH,3,NORMAL,0.9999461,0.001852382,0.24305412,-26.045422,1,-27.561087,False,-3.9413772,False,-7.266301,False,-45.072872,False,False,True
/Users/yuhaowang/Documents/UCL/Term3_Proj/Dataset/RETOUCH/RETOUCH/RETOUCH-TrainingSet-Topcon/TRAIN062/oct.mhd,TRAIN062,33,Topcon,train,-1,,True,RETOUCH,3,NORMAL,0.9993104,0.0029259222,0.33801198,-26.873928,1,-31.980328,False,-3.6876488,False,-7.266301,False,-47.509342,False,True,True
/Users/yuhaowang/Documents/UCL/Term3_Proj/Dataset/RETOUCH/RETOUCH/RETOUCH-TrainingSet-Topcon/TRAIN062/oct.mhd,TRAIN062,34,Topcon,train,-1,,True,RETOUCH,3,NORMAL,0.99999523,2.5523535e-05,0.32202083,-27.155169,1,-31.865753,False,-4.3731503,False,-7.266301,False,-48.19432,False,False,True
/Users/yuhaowang/Documents/UCL/Term3_Proj/Dataset/RETOUCH/RETOUCH/RETOUCH-TrainingSet-Topcon/TRAIN062/oct.mhd,TRAIN062,35,Topcon,train,-1,,True,RETOUCH,3,NORMAL,0.9999379,0.0014919331,0.31848976,-26.794846,1,-31.208332,False,-4.0265684,False,-7.266301,False,-47.32937,False,False,True
/Users/yuhaowang/Documents/UCL/Term3_Proj/Dataset/RETOUCH/RETOUCH/RETOUCH-TrainingSet-Topcon/TRAIN062/oct.mhd,TRAIN062,36,Topcon,train,-1,,True,RETOUCH,3,NORMAL,0.9999763,0.00013115362,0.43518722,-26.78878,1,-35.106606,False,-4.348185,False,-7.266301,False,-48.901535,False,False,True
/Users/yuhaowang/Documents/UCL/Term3_Proj/Dataset/RETOUCH/RETOUCH/RETOUCH-TrainingSet-Topcon/TRAIN063/oct.mhd,TRAIN063,60,Topcon,train,-1,,True,RETOUCH,0,CNV,0.9991985,0.014413875,0.3231536,-22.324558,1,-24.675056,False,-0.9725013,False,-7.266301,False,-37.88531,False,True,True
/Users/yuhaowang/Documents/UCL/Term3_Proj/Dataset/RETOUCH/RETOUCH/RETOUCH-TrainingSet-Topcon/TRAIN063/oct.mhd,TRAIN063,61,Topcon,train,-1,,True,RETOUCH,0,CNV,0.99886465,0.007546626,0.24147995,-22.792448,1,-22.640562,False,-2.5955575,False,-7.266301,False,-38.63706,False,True,True
/Users/yuhaowang/Documents/UCL/Term3_Proj/Dataset/RETOUCH/RETOUCH/RETOUCH-TrainingSet-Topcon/TRAIN063/oct.mhd,TRAIN063,62,Topcon,train,-1,,True,RETOUCH,0,CNV,1.0,7.480814e-05,0.49747172,-22.943598,1,-31.438046,False,-4.361502,False,-7.266301,False,-42.971924,False,False,True
/Users/yuhaowang/Documents/UCL/Term3_Proj/Dataset/RETOUCH/RETOUCH/RETOUCH-TrainingSet-Topcon/TRAIN063/oct.mhd,TRAIN063,63,Topcon,train,-1,,True,RETOUCH,0,CNV,0.99529123,0.024742477,0.18403989,-22.456959,1,-20.21528,False,1.4686365,True,-7.266301,False,-35.064083,False,True,True
/Users/yuhaowang/Documents/UCL/Term3_Proj/Dataset/RETOUCH/RETOUCH/RETOUCH-TrainingSet-Topcon/TRAIN063/oct.mhd,TRAIN063,64,Topcon,train,-1,,True,RETOUCH,0,CNV,0.9994624,0.0073011927,0.22422272,-23.108324,1,-22.535427,False,-2.653565,False,-7.266301,False,-39.0119,False,True,True
/Users/yuhaowang/Documents/UCL/Term3_Proj/Dataset/RETOUCH/RETOUCH/RETOUCH-TrainingSet-Topcon/TRAIN063/oct.mhd,TRAIN063,65,Topcon,train,-1,,True,RETOUCH,0,CNV,0.9999863,0.0010751216,0.34038806,-23.182903,1,-26.536562,False,-4.1250806,False,-7.266301,False,-41.368713,False,False,True
/Users/yuhaowang/Documents/UCL/Term3_Proj/Dataset/RETOUCH/RETOUCH/RETOUCH-TrainingSet-Topcon/TRAIN063/oct.mhd,TRAIN063,66,Topcon,train,-1,,True,RETOUCH,0,CNV,0.99999964,0.00011655234,0.4017827,-22.179296,1,-27.090403,False,-4.351636,False,-7.266301,False,-40.4891,False,False,True
/Users/yuhaowang/Documents/UCL/Term3_Proj/Dataset/RETOUCH/RETOUCH/RETOUCH-TrainingSet-Topcon/TRAIN063/oct.mhd,TRAIN063,67,Topcon,train,-1,,True,RETOUCH,0,CNV,0.9999999,0.0012885183,0.4239611,-23.13159,1,-29.25803,False,-4.074645,False,-7.266301,False,-42.25406,False,False,True
/Users/yuhaowang/Documents/UCL/Term3_Proj/Dataset/RETOUCH/RETOUCH/RETOUCH-TrainingSet-Topcon/TRAIN063/oct.mhd,TRAIN063,68,Topcon,train,-1,,True,RETOUCH,0,CNV,0.99999905,0.008615495,0.4704726,-23.081944,1,-30.74107,False,-2.3429332,False,-7.266301,False,-41.745876,False,False,True
/Users/yuhaowang/Documents/UCL/Term3_Proj/Dataset/RETOUCH/RETOUCH/RETOUCH-TrainingSet-Topcon/TRAIN064/oct.mhd,TRAIN064,60,Topcon,train,-1,,True,RETOUCH,1,DME,0.9931503,0.07189423,0.42863676,-22.995749,1,-29.211306,False,12.612831,True,-7.266301,False,-32.62903,False,True,True
/Users/yuhaowang/Documents/UCL/Term3_Proj/Dataset/RETOUCH/RETOUCH/RETOUCH-TrainingSet-Topcon/TRAIN064/oct.mhd,TRAIN064,61,Topcon,train,-1,,True,RETOUCH,1,DME,0.6599473,0.2102828,0.33104077,-23.095135,1,-26.092249,False,45.320606,True,-7.266301,False,-13.118017,False,True,True
/Users/yuhaowang/Documents/UCL/Term3_Proj/Dataset/RETOUCH/RETOUCH/RETOUCH-TrainingSet-Topcon/TRAIN064/oct.mhd,TRAIN064,62,Topcon,train,-1,,True,RETOUCH,3,NORMAL,0.45587787,0.23921108,0.28394333,-23.240665,1,-24.73307,False,52.15773,True,-7.266301,False,-8.935961,False,True,True
/Users/yuhaowang/Documents/UCL/Term3_Proj/Dataset/RETOUCH/RETOUCH/RETOUCH-TrainingSet-Topcon/TRAIN064/oct.mhd,TRAIN064,63,Topcon,train,-1,,True,RETOUCH,1,DME,0.5022239,0.124472976,0.3347322,-23.022322,1,-26.106888,False,25.03968,True,-7.266301,False,-24.514608,False,True,True
/Users/yuhaowang/Documents/UCL/Term3_Proj/Dataset/RETOUCH/RETOUCH/RETOUCH-TrainingSet-Topcon/TRAIN064/oct.mhd,TRAIN064,64,Topcon,train,-1,,True,RETOUCH,1,DME,0.9683205,0.19854555,0.4074304,-22.981077,1,-28.479305,False,42.546535,True,-7.266301,False,-15.406717,False,True,True
/Users/yuhaowang/Documents/UCL/Term3_Proj/Dataset/RETOUCH/RETOUCH/RETOUCH-TrainingSet-Topcon/TRAIN064/oct.mhd,TRAIN064,65,Topcon,train,-1,,True,RETOUCH,1,DME,0.98423874,0.19618195,0.44427067,-23.209723,1,-30.05497,False,41.987907,True,-7.266301,False,-16.562574,False,True,True
/Users/yuhaowang/Documents/UCL/Term3_Proj/Dataset/RETOUCH/RETOUCH/RETOUCH-TrainingSet-Topcon/TRAIN064/oct.mhd,TRAIN064,66,Topcon,train,-1,,True,RETOUCH,3,NORMAL,0.8281484,0.067986876,0.30071566,-22.836422,1,-24.68974,False,11.689339,True,-7.266301,False,-31.339342,False,True,True
/Users/yuhaowang/Documents/UCL/Term3_Proj/Dataset/RETOUCH/RETOUCH/RETOUCH-TrainingSet-Topcon/TRAIN064/oct.mhd,TRAIN064,67,Topcon,train,-1,,True,RETOUCH,1,DME,0.96028596,0.18665454,0.36335847,-23.96399,1,-28.474504,False,39.73613,True,-7.266301,False,-18.177172,False,True,True
/Users/yuhaowang/Documents/UCL/Term3_Proj/Dataset/RETOUCH/RETOUCH/RETOUCH-TrainingSet-Topcon/TRAIN064/oct.mhd,TRAIN064,68,Topcon,train,-1,,True,RETOUCH,3,NORMAL,0.8907143,0.11782092,0.2574096,-23.708563,1,-24.544823,False,23.467484,True,-7.266301,False,-25.669392,False,True,True
/Users/yuhaowang/Documents/UCL/Term3_Proj/Dataset/RETOUCH/RETOUCH/RETOUCH-TrainingSet-Topcon/TRAIN065/oct.mhd,TRAIN065,60,Topcon,train,-1,,True,RETOUCH,3,NORMAL,0.6902165,0.25718647,0.20447099,-25.35102,1,-25.230099,False,56.40617,True,-7.266301,False,-9.246275,False,True,True
/Users/yuhaowang/Documents/UCL/Term3_Proj/Dataset/RETOUCH/RETOUCH/RETOUCH-TrainingSet-Topcon/TRAIN065/oct.mhd,TRAIN065,61,Topcon,train,-1,,True,RETOUCH,3,NORMAL,0.99991226,0.0022872286,0.09904502,-25.635777,1,-22.126268,False,-3.8386023,False,-7.266301,False,-42.57405,False,False,True
/Users/yuhaowang/Documents/UCL/Term3_Proj/Dataset/RETOUCH/RETOUCH/RETOUCH-TrainingSet-Topcon/TRAIN065/oct.mhd,TRAIN065,62,Topcon,train,-1,,True,RETOUCH,3,NORMAL,0.98834175,0.01622641,0.06306347,-24.560928,1,-19.313086,False,-0.54411316,False,-7.266301,False,-38.40893,False,True,True
/Users/yuhaowang/Documents/UCL/Term3_Proj/Dataset/RETOUCH/RETOUCH/RETOUCH-TrainingSet-Topcon/TRAIN065/oct.mhd,TRAIN065,63,Topcon,train,-1,,True,RETOUCH,3,NORMAL,0.99999666,2.8735405e-05,0.30833924,-26.0772,1,-29.794561,False,-4.372391,False,-7.266301,False,-46.155663,False,False,True
/Users/yuhaowang/Documents/UCL/Term3_Proj/Dataset/RETOUCH/RETOUCH/RETOUCH-TrainingSet-Topcon/TRAIN065/oct.mhd,TRAIN065,64,Topcon,train,-1,,True,RETOUCH,3,NORMAL,0.9999974,5.8131467e-05,0.31870052,-24.851599,1,-28.307474,False,-4.3654437,False,-7.266301,False,-44.145424,False,False,True
/Users/yuhaowang/Documents/UCL/Term3_Proj/Dataset/RETOUCH/RETOUCH/RETOUCH-TrainingSet-Topcon/TRAIN065/oct.mhd,TRAIN065,65,Topcon,train,-1,,True,RETOUCH,3,NORMAL,1.0,7.635549e-07,0.5167698,-25.078888,1,-35.27949,False,-4.3790026,False,-7.266301,False,-46.92559,False,False,True
/Users/yuhaowang/Documents/UCL/Term3_Proj/Dataset/RETOUCH/RETOUCH/RETOUCH-TrainingSet-Topcon/TRAIN065/oct.mhd,TRAIN065,66,Topcon,train,-1,,True,RETOUCH,3,NORMAL,1.0,8.680246e-09,0.6004479,-26.312868,1,-39.92782,False,-4.379181,False,-7.266301,False,-50.075287,False,False,True
/Users/yuhaowang/Documents/UCL/Term3_Proj/Dataset/RETOUCH/RETOUCH/RETOUCH-TrainingSet-Topcon/TRAIN065/oct.mhd,TRAIN065,67,Topcon,train,-1,,True,RETOUCH,3,NORMAL,1.0,2.1892404e-08,0.57826686,-24.463346,1,-36.417473,False,-4.3791776,False,-7.266301,False,-46.59372,False,False,True
/Users/yuhaowang/Documents/UCL/Term3_Proj/Dataset/RETOUCH/RETOUCH/RETOUCH-TrainingSet-Topcon/TRAIN065/oct.mhd,TRAIN065,68,Topcon,train,-1,,True,RETOUCH,3,NORMAL,1.0,2.5242953e-05,0.49592996,-25.420315,1,-35.09264,False,-4.3732166,False,-7.266301,False,-47.265747,False,False,True
/Users/yuhaowang/Documents/UCL/Term3_Proj/Dataset/RETOUCH/RETOUCH/RETOUCH-TrainingSet-Topcon/TRAIN066/oct.mhd,TRAIN066,60,Topcon,train,-1,,True,RETOUCH,1,DME,0.99998033,0.0063768663,0.629067,-22.010447,1,-34.44783,False,-2.8720272,False,-7.266301,False,-42.086132,False,False,True
/Users/yuhaowang/Documents/UCL/Term3_Proj/Dataset/RETOUCH/RETOUCH/RETOUCH-TrainingSet-Topcon/TRAIN066/oct.mhd,TRAIN066,61,Topcon,train,-1,,True,RETOUCH,1,DME,0.9999902,6.204599e-05,0.6846438,-22.135939,1,-36.496483,False,-4.364518,False,-7.266301,False,-43.816105,False,False,True
/Users/yuhaowang/Documents/UCL/Term3_Proj/Dataset/RETOUCH/RETOUCH/RETOUCH-TrainingSet-Topcon/TRAIN066/oct.mhd,TRAIN066,62,Topcon,train,-1,,True,RETOUCH,1,DME,0.99956924,0.0033960063,0.63808423,-22.407022,1,-35.343197,False,-3.5765457,False,-7.266301,False,-43.282547,False,True,True
/Users/yuhaowang/Documents/UCL/Term3_Proj/Dataset/RETOUCH/RETOUCH/RETOUCH-TrainingSet-Topcon/TRAIN066/oct.mhd,TRAIN066,63,Topcon,train,-1,,True,RETOUCH,1,DME,0.9856067,0.09537692,0.5100269,-22.742105,1,-31.556913,False,18.162905,True,-7.266301,False,-30.023676,False,True,True
/Users/yuhaowang/Documents/UCL/Term3_Proj/Dataset/RETOUCH/RETOUCH/RETOUCH-TrainingSet-Topcon/TRAIN066/oct.mhd,TRAIN066,64,Topcon,train,-1,,True,RETOUCH,0,CNV,0.99999964,0.019840375,0.39389542,-22.622845,1,-27.490047,False,0.31003785,True,-7.266301,False,-38.527054,False,False,True
/Users/yuhaowang/Documents/UCL/Term3_Proj/Dataset/RETOUCH/RETOUCH/RETOUCH-TrainingSet-Topcon/TRAIN066/oct.mhd,TRAIN066,65,Topcon,train,-1,,True,RETOUCH,1,DME,0.99762803,0.017861426,0.5622222,-22.26996,1,-32.598026,False,-0.1576817,False,-7.266301,False,-40.19867,False,True,True
/Users/yuhaowang/Documents/UCL/Term3_Proj/Dataset/RETOUCH/RETOUCH/RETOUCH-TrainingSet-Topcon/TRAIN066/oct.mhd,TRAIN066,66,Topcon,train,-1,,True,RETOUCH,1,DME,0.96149147,0.1414899,0.46866846,-23.481451,1,-31.278494,False,29.061583,True,-7.266301,False,-24.644014,False,True,True
/Users/yuhaowang/Documents/UCL/Term3_Proj/Dataset/RETOUCH/RETOUCH/RETOUCH-TrainingSet-Topcon/TRAIN066/oct.mhd,TRAIN066,67,Topcon,train,-1,,True,RETOUCH,0,CNV,0.7369046,0.30686384,0.38743386,-23.389908,2,-28.421547,False,68.147285,True,5.519489,True,4.4515824,True,True,True
/Users/yuhaowang/Documents/UCL/Term3_Proj/Dataset/RETOUCH/RETOUCH/RETOUCH-TrainingSet-Topcon/TRAIN066/oct.mhd,TRAIN066,68,Topcon,train,-1,,True,RETOUCH,1,DME,0.9992968,0.041797616,0.57474136,-23.884354,1,-35.433014,False,5.499575,True,-7.266301,False,-39.953537,False,True,True
/Users/yuhaowang/Documents/UCL/Term3_Proj/Dataset/RETOUCH/RETOUCH/RETOUCH-TrainingSet-Topcon/TRAIN067/oct.mhd,TRAIN067,60,Topcon,train,-1,,True,RETOUCH,1,DME,0.9999949,0.0016564117,0.6456865,-25.040623,1,-39.53871,False,-3.9876943,False,-7.266301,False,-48.184933,False,False,True
/Users/yuhaowang/Documents/UCL/Term3_Proj/Dataset/RETOUCH/RETOUCH/RETOUCH-TrainingSet-Topcon/TRAIN067/oct.mhd,TRAIN067,61,Topcon,train,-1,,True,RETOUCH,1,DME,0.9999418,0.00057838205,0.59603953,-24.912357,1,-37.68446,False,-4.2424836,False,-7.266301,False,-47.510265,False,False,True
/Users/yuhaowang/Documents/UCL/Term3_Proj/Dataset/RETOUCH/RETOUCH/RETOUCH-TrainingSet-Topcon/TRAIN067/oct.mhd,TRAIN067,62,Topcon,train,-1,,True,RETOUCH,1,DME,0.99998355,5.5624114e-05,0.6316737,-24.138502,1,-37.719578,False,-4.3660364,False,-7.266301,False,-46.662575,False,False,True
/Users/yuhaowang/Documents/UCL/Term3_Proj/Dataset/RETOUCH/RETOUCH/RETOUCH-TrainingSet-Topcon/TRAIN067/oct.mhd,TRAIN067,63,Topcon,train,-1,,True,RETOUCH,1,DME,0.99999976,7.3927513e-06,0.72450536,-24.263159,1,-41.014374,False,-4.3774357,False,-7.266301,False,-47.999966,False,False,True
/Users/yuhaowang/Documents/UCL/Term3_Proj/Dataset/RETOUCH/RETOUCH/RETOUCH-TrainingSet-Topcon/TRAIN067/oct.mhd,TRAIN067,64,Topcon,train,-1,,True,RETOUCH,1,DME,0.99999976,5.3969707e-06,0.6962407,-24.373,1,-40.232365,False,-4.3779073,False,-7.266301,False,-47.851933,False,False,True
/Users/yuhaowang/Documents/UCL/Term3_Proj/Dataset/RETOUCH/RETOUCH/RETOUCH-TrainingSet-Topcon/TRAIN067/oct.mhd,TRAIN067,65,Topcon,train,-1,,True,RETOUCH,1,DME,0.9999995,2.502784e-06,0.71356314,-24.337662,1,-40.759487,False,-4.3785915,False,-7.266301,False,-47.998806,False,False,True
/Users/yuhaowang/Documents/UCL/Term3_Proj/Dataset/RETOUCH/RETOUCH/RETOUCH-TrainingSet-Topcon/TRAIN067/oct.mhd,TRAIN067,66,Topcon,train,-1,,True,RETOUCH,1,DME,0.9999964,6.873184e-05,0.6278907,-24.648497,1,-38.356075,False,-4.362938,False,-7.266301,False,-47.50202,False,False,True
/Users/yuhaowang/Documents/UCL/Term3_Proj/Dataset/RETOUCH/RETOUCH/RETOUCH-TrainingSet-Topcon/TRAIN067/oct.mhd,TRAIN067,67,Topcon,train,-1,,True,RETOUCH,1,DME,0.9999764,2.1810818e-05,0.64371985,-24.520437,1,-38.694447,False,-4.374028,False,-7.266301,False,-47.475666,False,False,True
/Users/yuhaowang/Documents/UCL/Term3_Proj/Dataset/RETOUCH/RETOUCH/RETOUCH-TrainingSet-Topcon/TRAIN067/oct.mhd,TRAIN067,68,Topcon,train,-1,,True,RETOUCH,1,DME,1.0,3.4117038e-06,0.7036457,-23.597616,1,-39.320004,False,-4.3783765,False,-7.266301,False,-46.5931,False,False,True
/Users/yuhaowang/Documents/UCL/Term3_Proj/Dataset/RETOUCH/RETOUCH/RETOUCH-TrainingSet-Topcon/TRAIN068/oct.mhd,TRAIN068,60,Topcon,train,-1,,True,RETOUCH,1,DME,0.99924964,0.00036754925,0.6310518,-23.943552,1,-37.407024,False,-4.2923136,False,-7.266301,False,-46.27447,False,True,True
/Users/yuhaowang/Documents/UCL/Term3_Proj/Dataset/RETOUCH/RETOUCH/RETOUCH-TrainingSet-Topcon/TRAIN068/oct.mhd,TRAIN068,61,Topcon,train,-1,,True,RETOUCH,1,DME,0.9985474,0.0009223167,0.57003015,-23.973953,1,-35.409348,False,-4.1611958,False,-7.266301,False,-45.520683,False,True,True
/Users/yuhaowang/Documents/UCL/Term3_Proj/Dataset/RETOUCH/RETOUCH/RETOUCH-TrainingSet-Topcon/TRAIN068/oct.mhd,TRAIN068,62,Topcon,train,-1,,True,RETOUCH,1,DME,0.9999298,0.00049344846,0.64329857,-23.868393,1,-37.704613,False,-4.2625575,False,-7.266301,False,-46.27396,False,False,True
/Users/yuhaowang/Documents/UCL/Term3_Proj/Dataset/RETOUCH/RETOUCH/RETOUCH-TrainingSet-Topcon/TRAIN068/oct.mhd,TRAIN068,63,Topcon,train,-1,,True,RETOUCH,1,DME,0.9283201,0.0416148,0.4831948,-25.16013,1,-34.276882,False,5.456367,True,-7.266301,False,-41.097088,False,True,True
/Users/yuhaowang/Documents/UCL/Term3_Proj/Dataset/RETOUCH/RETOUCH/RETOUCH-TrainingSet-Topcon/TRAIN068/oct.mhd,TRAIN068,64,Topcon,train,-1,,True,RETOUCH,1,DME,0.99827135,0.00069871545,0.5672557,-24.577278,1,-36.21928,False,-4.214043,False,-7.266301,False,-46.56616,False,True,True
/Users/yuhaowang/Documents/UCL/Term3_Proj/Dataset/RETOUCH/RETOUCH/RETOUCH-TrainingSet-Topcon/TRAIN068/oct.mhd,TRAIN068,65,Topcon,train,-1,,True,RETOUCH,1,DME,0.94791126,0.18794203,0.4020199,-24.275381,1,-30.234966,False,40.040424,True,-7.266301,False,-19.010326,False,True,True
/Users/yuhaowang/Documents/UCL/Term3_Proj/Dataset/RETOUCH/RETOUCH/RETOUCH-TrainingSet-Topcon/TRAIN068/oct.mhd,TRAIN068,66,Topcon,train,-1,,True,RETOUCH,1,DME,0.8007583,0.15519404,0.3788711,-24.24522,1,-29.414751,False,32.300526,True,-7.266301,False,-23.060778,False,True,True
/Users/yuhaowang/Documents/UCL/Term3_Proj/Dataset/RETOUCH/RETOUCH/RETOUCH-TrainingSet-Topcon/TRAIN068/oct.mhd,TRAIN068,67,Topcon,train,-1,,True,RETOUCH,1,DME,0.99938226,0.0012738276,0.5389981,-23.150848,1,-33.1386,False,-4.078117,False,-7.266301,False,-43.670258,False,True,True
/Users/yuhaowang/Documents/UCL/Term3_Proj/Dataset/RETOUCH/RETOUCH/RETOUCH-TrainingSet-Topcon/TRAIN068/oct.mhd,TRAIN068,68,Topcon,train,-1,,True,RETOUCH,0,CNV,0.96819186,0.066740036,0.24967377,-24.12256,2,-24.905321,False,11.394651,True,5.519489,True,-27.29023,False,True,True
/Users/yuhaowang/Documents/UCL/Term3_Proj/Dataset/RETOUCH/RETOUCH/RETOUCH-TrainingSet-Topcon/TRAIN069/oct.mhd,TRAIN069,60,Topcon,train,-1,,True,RETOUCH,0,CNV,1.0,2.085074e-06,0.5574499,-23.447887,1,-34.20091,False,-4.37869,False,-7.266301,False,-44.578243,False,False,True
/Users/yuhaowang/Documents/UCL/Term3_Proj/Dataset/RETOUCH/RETOUCH/RETOUCH-TrainingSet-Topcon/TRAIN069/oct.mhd,TRAIN069,61,Topcon,train,-1,,True,RETOUCH,0,CNV,1.0,4.7244862e-07,0.6848422,-22.528599,1,-37.09071,False,-4.379071,False,-7.266301,False,-44.50935,False,False,True
/Users/yuhaowang/Documents/UCL/Term3_Proj/Dataset/RETOUCH/RETOUCH/RETOUCH-TrainingSet-Topcon/TRAIN069/oct.mhd,TRAIN069,62,Topcon,train,-1,,True,RETOUCH,0,CNV,1.0,2.24985e-09,0.73600745,-22.821384,1,-39.241993,False,-4.3791823,False,-7.266301,False,-45.63253,False,False,True
/Users/yuhaowang/Documents/UCL/Term3_Proj/Dataset/RETOUCH/RETOUCH/RETOUCH-TrainingSet-Topcon/TRAIN069/oct.mhd,TRAIN069,63,Topcon,train,-1,,True,RETOUCH,0,CNV,1.0,1.643985e-07,0.5835614,-21.794483,1,-32.60101,False,-4.3791437,False,-7.266301,False,-42.017517,False,False,True
/Users/yuhaowang/Documents/UCL/Term3_Proj/Dataset/RETOUCH/RETOUCH/RETOUCH-TrainingSet-Topcon/TRAIN069/oct.mhd,TRAIN069,64,Topcon,train,-1,,True,RETOUCH,0,CNV,1.0,4.619128e-07,0.64050376,-22.344128,1,-35.330093,False,-4.3790736,False,-7.266301,False,-43.656475,False,False,True
/Users/yuhaowang/Documents/UCL/Term3_Proj/Dataset/RETOUCH/RETOUCH/RETOUCH-TrainingSet-Topcon/TRAIN069/oct.mhd,TRAIN069,65,Topcon,train,-1,,True,RETOUCH,0,CNV,1.0,1.8734127e-06,0.58024716,-22.142736,1,-33.011173,False,-4.3787403,False,-7.266301,False,-42.582935,False,False,True
/Users/yuhaowang/Documents/UCL/Term3_Proj/Dataset/RETOUCH/RETOUCH/RETOUCH-TrainingSet-Topcon/TRAIN069/oct.mhd,TRAIN069,66,Topcon,train,-1,,True,RETOUCH,0,CNV,0.9999999,0.00013245031,0.42923447,-22.215008,1,-28.063004,False,-4.3478785,False,-7.266301,False,-40.878555,False,False,True
/Users/yuhaowang/Documents/UCL/Term3_Proj/Dataset/RETOUCH/RETOUCH/RETOUCH-TrainingSet-Topcon/TRAIN069/oct.mhd,TRAIN069,67,Topcon,train,-1,,True,RETOUCH,0,CNV,1.0,3.6527308e-06,0.6806303,-22.996803,1,-37.65032,False,-4.3783197,False,-7.266301,False,-45.27233,False,False,True
/Users/yuhaowang/Documents/UCL/Term3_Proj/Dataset/RETOUCH/RETOUCH/RETOUCH-TrainingSet-Topcon/TRAIN069/oct.mhd,TRAIN069,68,Topcon,train,-1,,True,RETOUCH,0,CNV,1.0,3.6459312e-08,0.6138925,-22.405489,1,-34.5309,False,-4.379174,False,-7.266301,False,-43.4438,False,False,True
/Users/yuhaowang/Documents/UCL/Term3_Proj/Dataset/RETOUCH/RETOUCH/RETOUCH-TrainingSet-Topcon/TRAIN070/oct.mhd,TRAIN070,60,Topcon,train,-1,,True,RETOUCH,1,DME,0.9999808,0.065714195,0.5666665,-23.562382,1,-34.68084,False,11.152197,True,-7.266301,False,-36.097534,False,False,True
/Users/yuhaowang/Documents/UCL/Term3_Proj/Dataset/RETOUCH/RETOUCH/RETOUCH-TrainingSet-Topcon/TRAIN070/oct.mhd,TRAIN070,61,Topcon,train,-1,,True,RETOUCH,1,DME,0.99985087,0.043905407,0.50998694,-23.8333,1,-33.18846,False,5.997745,True,-7.266301,False,-38.805595,False,False,True
/Users/yuhaowang/Documents/UCL/Term3_Proj/Dataset/RETOUCH/RETOUCH/RETOUCH-TrainingSet-Topcon/TRAIN070/oct.mhd,TRAIN070,62,Topcon,train,-1,,True,RETOUCH,1,DME,0.99740535,0.023325056,0.47303665,-23.894268,1,-32.042496,False,1.1336331,True,-7.266301,False,-41.22114,False,True,True
/Users/yuhaowang/Documents/UCL/Term3_Proj/Dataset/RETOUCH/RETOUCH/RETOUCH-TrainingSet-Topcon/TRAIN070/oct.mhd,TRAIN070,63,Topcon,train,-1,,True,RETOUCH,1,DME,0.99518305,0.017248407,0.4760557,-23.853436,1,-32.082485,False,-0.30256724,False,-7.266301,False,-41.999268,False,True,True
/Users/yuhaowang/Documents/UCL/Term3_Proj/Dataset/RETOUCH/RETOUCH/RETOUCH-TrainingSet-Topcon/TRAIN070/oct.mhd,TRAIN070,64,Topcon,train,-1,,True,RETOUCH,1,DME,0.9995778,0.0805031,0.5234715,-24.302761,1,-34.342472,False,14.647512,True,-7.266301,False,-34.887882,False,True,True
/Users/yuhaowang/Documents/UCL/Term3_Proj/Dataset/RETOUCH/RETOUCH/RETOUCH-TrainingSet-Topcon/TRAIN070/oct.mhd,TRAIN070,65,Topcon,train,-1,,True,RETOUCH,1,DME,0.9809255,0.313782,0.29522854,-24.488848,1,-26.978737,False,69.78237,True,-7.266301,False,-1.2659087,False,True,True
/Users/yuhaowang/Documents/UCL/Term3_Proj/Dataset/RETOUCH/RETOUCH/RETOUCH-TrainingSet-Topcon/TRAIN070/oct.mhd,TRAIN070,66,Topcon,train,-1,,True,RETOUCH,1,DME,0.95348454,0.23329103,0.347289,-24.421322,1,-28.620815,False,50.75854,True,-7.266301,False,-12.540743,False,True,True
/Users/yuhaowang/Documents/UCL/Term3_Proj/Dataset/RETOUCH/RETOUCH/RETOUCH-TrainingSet-Topcon/TRAIN070/oct.mhd,TRAIN070,67,Topcon,train,-1,,True,RETOUCH,3,NORMAL,0.84278107,0.10140234,0.26552936,-23.583305,1,-24.629255,False,19.586996,True,-7.266301,False,-27.745426,False,True,True
/Users/yuhaowang/Documents/UCL/Term3_Proj/Dataset/RETOUCH/RETOUCH/RETOUCH-TrainingSet-Topcon/TRAIN070/oct.mhd,TRAIN070,68,Topcon,train,-1,,True,RETOUCH,3,NORMAL,0.999401,0.002093628,0.14395465,-24.809973,1,-22.394215,False,-3.8843594,False,-7.266301,False,-41.703354,False,True,True
/Users/yuhaowang/Documents/UCL/Term3_Proj/Dataset/Macular-Dataset-R.Rasti_old/AMD/AMD (1).E2E,AMD (1).E2E,9,Spectralis,n/a,2,DRUSEN,True,OCT5k,3,NORMAL,0.8933299,0.21280664,0.22610186,-1.7552662,2,9.354801,True,45.91711,True,5.519489,True,31.416998,True,True,True
/Users/yuhaowang/Documents/UCL/Term3_Proj/Dataset/Macular-Dataset-R.Rasti_old/AMD/AMD (1).E2E,AMD (1).E2E,10,Spectralis,n/a,2,DRUSEN,True,OCT5k,0,CNV,0.8416326,0.25723144,0.4088741,-1.4993801,2,3.6180024,True,56.4168,True,5.519489,True,35.610847,True,True,True
/Users/yuhaowang/Documents/UCL/Term3_Proj/Dataset/Macular-Dataset-R.Rasti_old/AMD/AMD (1).E2E,AMD (1).E2E,11,Spectralis,n/a,2,DRUSEN,True,OCT5k,0,CNV,0.9799153,0.05005154,0.55367523,-1.436734,2,-1.1365905,False,7.4503684,True,5.519489,True,6.2670903,True,True,True
/Users/yuhaowang/Documents/UCL/Term3_Proj/Dataset/Macular-Dataset-R.Rasti_old/AMD/AMD (1).E2E,AMD (1).E2E,12,Spectralis,n/a,2,DRUSEN,True,OCT5k,0,CNV,0.9984218,0.11161576,0.47284353,-1.541782,2,1.4126792,True,22.00091,True,5.519489,True,15.290171,True,True,True
/Users/yuhaowang/Documents/UCL/Term3_Proj/Dataset/Macular-Dataset-R.Rasti_old/AMD/AMD (1).E2E,AMD (1).E2E,13,Spectralis,n/a,2,DRUSEN,True,OCT5k,1,DME,0.43160796,0.34616446,0.24837446,-1.0356882,2,9.685844,True,77.43588,True,5.519489,True,50.240044,True,True,True
/Users/yuhaowang/Documents/UCL/Term3_Proj/Dataset/Macular-Dataset-R.Rasti_old/AMD/AMD (1).E2E,AMD (1).E2E,14,Spectralis,n/a,2,DRUSEN,True,OCT5k,2,DRUSEN,0.9967661,0.11231691,0.573963,-0.86130065,1,-0.95478916,False,22.166624,True,-7.266301,False,9.514082,True,True,True
/Users/yuhaowang/Documents/UCL/Term3_Proj/Dataset/Macular-Dataset-R.Rasti_old/AMD/AMD (1).E2E,AMD (1).E2E,15,Spectralis,n/a,2,DRUSEN,True,OCT5k,2,DRUSEN,0.9995011,0.011305086,0.674811,-1.2180367,1,-4.865283,False,-1.7072552,False,-7.266301,False,-5.828989,False,True,True
/Users/yuhaowang/Documents/UCL/Term3_Proj/Dataset/Macular-Dataset-R.Rasti_old/AMD/AMD (1).E2E,AMD (1).E2E,16,Spectralis,n/a,2,DRUSEN,True,OCT5k,2,DRUSEN,0.6497678,0.11485529,0.39699084,-1.7131389,1,3.696013,True,22.766563,True,-7.266301,False,10.496889,True,True,True
/Users/yuhaowang/Documents/UCL/Term3_Proj/Dataset/Macular-Dataset-R.Rasti_old/AMD/AMD (1).E2E,AMD (1).E2E,17,Spectralis,n/a,2,DRUSEN,True,OCT5k,2,DRUSEN,0.9999832,0.004530982,0.5926046,-1.2597288,1,-2.175177,False,-3.3082972,False,-7.266301,False,-5.8209524,False,False,True
/Users/yuhaowang/Documents/UCL/Term3_Proj/Dataset/Macular-Dataset-R.Rasti_old/AMD/AMD (10).E2E,AMD (10).E2E,9,Spectralis,n/a,2,DRUSEN,True,OCT5k,3,NORMAL,0.9789949,0.019828856,0.40089357,-4.0862074,2,0.014231205,True,0.3073151,True,5.519489,True,-0.54806614,False,True,True
/Users/yuhaowang/Documents/UCL/Term3_Proj/Dataset/Macular-Dataset-R.Rasti_old/AMD/AMD (10).E2E,AMD (10).E2E,10,Spectralis,n/a,2,DRUSEN,True,OCT5k,3,NORMAL,0.86288106,0.10419068,0.46163917,-3.092018,1,-0.531971,False,20.246012,True,-7.266301,False,5.897183,True,True,True
/Users/yuhaowang/Documents/UCL/Term3_Proj/Dataset/Macular-Dataset-R.Rasti_old/AMD/AMD (10).E2E,AMD (10).E2E,11,Spectralis,n/a,2,DRUSEN,True,OCT5k,3,NORMAL,0.87377304,0.14047068,0.42024386,-3.1937888,1,0.70176506,True,28.820694,True,-7.266301,False,11.070326,True,True,True
/Users/yuhaowang/Documents/UCL/Term3_Proj/Dataset/Macular-Dataset-R.Rasti_old/AMD/AMD (10).E2E,AMD (10).E2E,12,Spectralis,n/a,2,DRUSEN,True,OCT5k,3,NORMAL,0.9170442,0.08385262,0.46451557,-2.4877753,1,0.27591896,True,15.439163,True,-7.266301,False,4.192473,True,True,True
/Users/yuhaowang/Documents/UCL/Term3_Proj/Dataset/Macular-Dataset-R.Rasti_old/AMD/AMD (10).E2E,AMD (10).E2E,13,Spectralis,n/a,2,DRUSEN,True,OCT5k,3,NORMAL,0.9751304,0.054431155,0.4769888,-2.1881323,2,0.30667353,True,8.485479,True,5.519489,True,6.467116,True,True,True
/Users/yuhaowang/Documents/UCL/Term3_Proj/Dataset/Macular-Dataset-R.Rasti_old/AMD/AMD (10).E2E,AMD (10).E2E,14,Spectralis,n/a,2,DRUSEN,True,OCT5k,3,NORMAL,0.9996594,0.011348197,0.29646268,-2.3562593,1,6.099591,True,-1.6970662,False,-7.266301,False,-3.2608,False,True,True
/Users/yuhaowang/Documents/UCL/Term3_Proj/Dataset/Macular-Dataset-R.Rasti_old/AMD/AMD (10).E2E,AMD (10).E2E,15,Spectralis,n/a,2,DRUSEN,True,OCT5k,3,NORMAL,1.0,0.0007699062,0.6579763,-2.598886,1,-6.367943,False,-4.1972175,False,-7.266301,False,-9.436792,False,False,True
/Users/yuhaowang/Documents/UCL/Term3_Proj/Dataset/Macular-Dataset-R.Rasti_old/AMD/AMD (10).E2E,AMD (10).E2E,16,Spectralis,n/a,2,DRUSEN,True,OCT5k,3,NORMAL,0.6639252,0.22095078,0.3249656,-3.0671034,1,4.081516,True,47.841957,True,-7.266301,False,23.200058,True,True,True
/Users/yuhaowang/Documents/UCL/Term3_Proj/Dataset/Macular-Dataset-R.Rasti_old/AMD/AMD (10).E2E,AMD (10).E2E,17,Spectralis,n/a,2,DRUSEN,True,OCT5k,3,NORMAL,0.9912509,0.05140598,0.344292,-2.8578877,2,3.7474875,True,7.7704864,True,5.519489,True,6.4908004,True,True,True
/Users/yuhaowang/Documents/UCL/Term3_Proj/Dataset/Macular-Dataset-R.Rasti_old/AMD/AMD (11).E2E,AMD (11).E2E,6,Spectralis,n/a,2,DRUSEN,True,OCT5k,3,NORMAL,0.9111453,0.27795574,0.22438502,-4.480473,2,5.334232,True,61.314938,True,5.519489,True,35.41498,True,True,True
/Users/yuhaowang/Documents/UCL/Term3_Proj/Dataset/Macular-Dataset-R.Rasti_old/AMD/AMD (11).E2E,AMD (11).E2E,7,Spectralis,n/a,2,DRUSEN,True,OCT5k,1,DME,0.9925085,0.18509203,0.57212186,-4.6127224,1,-6.506847,False,39.366837,True,-7.266301,False,12.749657,True,True,True
/Users/yuhaowang/Documents/UCL/Term3_Proj/Dataset/Macular-Dataset-R.Rasti_old/AMD/AMD (11).E2E,AMD (11).E2E,8,Spectralis,n/a,2,DRUSEN,True,OCT5k,0,CNV,0.8685544,0.44954237,0.37945405,-4.7891145,2,-0.31975985,False,101.86898,True,5.519489,True,55.970493,True,True,True
/Users/yuhaowang/Documents/UCL/Term3_Proj/Dataset/Macular-Dataset-R.Rasti_old/AMD/AMD (11).E2E,AMD (11).E2E,9,Spectralis,n/a,2,DRUSEN,True,OCT5k,2,DRUSEN,0.9981517,0.0039786585,0.5272893,-3.9211063,1,-3.9707808,False,-3.4388373,False,-7.266301,False,-9.737599,False,True,True
/Users/yuhaowang/Documents/UCL/Term3_Proj/Dataset/Macular-Dataset-R.Rasti_old/AMD/AMD (11).E2E,AMD (11).E2E,10,Spectralis,n/a,2,DRUSEN,True,OCT5k,2,DRUSEN,0.9952472,0.07243969,0.6506183,-3.6321332,1,-7.6677485,False,12.741749,True,-7.266301,False,-1.5574038,False,True,True
/Users/yuhaowang/Documents/UCL/Term3_Proj/Dataset/Macular-Dataset-R.Rasti_old/AMD/AMD (11).E2E,AMD (11).E2E,11,Spectralis,n/a,2,DRUSEN,True,OCT5k,2,DRUSEN,0.9999267,0.00036397693,0.6779595,-4.086559,1,-9.263218,False,-4.2931576,False,-7.266301,False,-12.317217,False,False,True
/Users/yuhaowang/Documents/UCL/Term3_Proj/Dataset/Macular-Dataset-R.Rasti_old/AMD/AMD (11).E2E,AMD (11).E2E,12,Spectralis,n/a,2,DRUSEN,True,OCT5k,2,DRUSEN,0.99999774,0.0008160544,0.7483403,-3.516631,1,-10.766907,False,-4.186311,False,-7.266301,False,-12.110697,False,False,True
/Users/yuhaowang/Documents/UCL/Term3_Proj/Dataset/Macular-Dataset-R.Rasti_old/AMD/AMD (11).E2E,AMD (11).E2E,13,Spectralis,n/a,2,DRUSEN,True,OCT5k,2,DRUSEN,0.9994159,0.008593515,0.57456326,-4.026578,1,-5.711473,False,-2.348128,False,-7.266301,False,-9.871038,False,True,True
/Users/yuhaowang/Documents/UCL/Term3_Proj/Dataset/Macular-Dataset-R.Rasti_old/AMD/AMD (11).E2E,AMD (11).E2E,14,Spectralis,n/a,2,DRUSEN,True,OCT5k,2,DRUSEN,0.59566194,0.21296096,0.29198825,-4.599504,2,2.892571,True,45.953583,True,5.519489,True,25.702213,True,True,True
/Users/yuhaowang/Documents/UCL/Term3_Proj/Dataset/Macular-Dataset-R.Rasti_old/AMD/AMD (12).E2E,AMD (12).E2E,12,Spectralis,n/a,2,DRUSEN,True,OCT5k,3,NORMAL,0.5474047,0.14641434,0.4375591,-1.6912701,1,2.3704023,True,30.225462,True,-7.266301,False,14.269665,True,True,True
/Users/yuhaowang/Documents/UCL/Term3_Proj/Dataset/Macular-Dataset-R.Rasti_old/AMD/AMD (12).E2E,AMD (12).E2E,13,Spectralis,n/a,2,DRUSEN,True,OCT5k,1,DME,0.78772587,0.124890774,0.45162928,-1.8221042,1,1.7035112,True,25.138426,True,-7.266301,False,10.994106,True,True,True
/Users/yuhaowang/Documents/UCL/Term3_Proj/Dataset/Macular-Dataset-R.Rasti_old/AMD/AMD (12).E2E,AMD (12).E2E,14,Spectralis,n/a,2,DRUSEN,True,OCT5k,1,DME,0.66086584,0.20569277,0.27443105,-1.5825422,2,7.9950767,True,44.235764,True,5.519489,True,30.185564,True,True,True
/Users/yuhaowang/Documents/UCL/Term3_Proj/Dataset/Macular-Dataset-R.Rasti_old/AMD/AMD (12).E2E,AMD (12).E2E,15,Spectralis,n/a,2,DRUSEN,True,OCT5k,2,DRUSEN,0.9853953,0.19987234,0.34973356,-1.9284775,1,4.956078,True,42.860123,True,-7.266301,False,22.062557,True,True,True
/Users/yuhaowang/Documents/UCL/Term3_Proj/Dataset/Macular-Dataset-R.Rasti_old/AMD/AMD (12).E2E,AMD (12).E2E,16,Spectralis,n/a,2,DRUSEN,True,OCT5k,2,DRUSEN,0.999925,0.0007936242,0.6401937,-1.3206004,1,-3.8596797,False,-4.191612,False,-7.266301,False,-6.997922,False,False,True
/Users/yuhaowang/Documents/UCL/Term3_Proj/Dataset/Macular-Dataset-R.Rasti_old/AMD/AMD (12).E2E,AMD (12).E2E,17,Spectralis,n/a,2,DRUSEN,True,OCT5k,2,DRUSEN,0.99964154,0.001598971,0.64245045,-1.4365029,1,-4.1086807,False,-4.0012703,False,-7.266301,False,-7.1187696,False,True,True
/Users/yuhaowang/Documents/UCL/Term3_Proj/Dataset/Macular-Dataset-R.Rasti_old/AMD/AMD (12).E2E,AMD (12).E2E,18,Spectralis,n/a,2,DRUSEN,True,OCT5k,2,DRUSEN,0.9992017,0.0024185572,0.6071625,-1.5771323,1,-3.1375837,False,-3.8075633,False,-7.266301,False,-6.830063,False,True,True
/Users/yuhaowang/Documents/UCL/Term3_Proj/Dataset/Macular-Dataset-R.Rasti_old/AMD/AMD (12).E2E,AMD (12).E2E,19,Spectralis,n/a,2,DRUSEN,True,OCT5k,2,DRUSEN,0.9969187,0.010253329,0.56693137,-1.660447,1,-1.9152102,False,-1.9558353,False,-7.266301,False,-5.4439573,False,True,True
/Users/yuhaowang/Documents/UCL/Term3_Proj/Dataset/Macular-Dataset-R.Rasti_old/AMD/AMD (12).E2E,AMD (12).E2E,20,Spectralis,n/a,2,DRUSEN,True,OCT5k,0,CNV,0.9987507,0.12618846,0.515948,-1.7332286,2,-0.31706,False,25.445127,True,5.519489,True,16.389383,True,True,True
/Users/yuhaowang/Documents/UCL/Term3_Proj/Dataset/Macular-Dataset-R.Rasti_old/AMD/AMD (13).E2E,AMD (13).E2E,27,Spectralis,n/a,2,DRUSEN,True,OCT5k,2,DRUSEN,0.99992466,0.0028783092,0.66874164,-2.3289433,1,-6.3244467,False,-3.698902,False,-7.266301,False,-8.814674,False,False,True
/Users/yuhaowang/Documents/UCL/Term3_Proj/Dataset/Macular-Dataset-R.Rasti_old/AMD/AMD (13).E2E,AMD (13).E2E,28,Spectralis,n/a,2,DRUSEN,True,OCT5k,2,DRUSEN,1.0,8.326926e-06,0.77394974,-2.7584314,1,-10.489796,False,-4.3772144,False,-7.266301,False,-11.208023,False,False,True
/Users/yuhaowang/Documents/UCL/Term3_Proj/Dataset/Macular-Dataset-R.Rasti_old/AMD/AMD (13).E2E,AMD (13).E2E,29,Spectralis,n/a,2,DRUSEN,True,OCT5k,2,DRUSEN,0.9842406,0.071642384,0.5128278,-2.0957947,1,-0.7551389,False,12.5533085,True,-7.266301,False,2.660667,True,True,True
/Users/yuhaowang/Documents/UCL/Term3_Proj/Dataset/Macular-Dataset-R.Rasti_old/AMD/AMD (13).E2E,AMD (13).E2E,30,Spectralis,n/a,2,DRUSEN,True,OCT5k,2,DRUSEN,0.99998486,5.142775e-05,0.7737227,-1.6238801,1,-8.78443,False,-4.367028,False,-7.266301,False,-9.227152,False,False,True
/Users/yuhaowang/Documents/UCL/Term3_Proj/Dataset/Macular-Dataset-R.Rasti_old/AMD/AMD (13).E2E,AMD (13).E2E,31,Spectralis,n/a,2,DRUSEN,True,OCT5k,2,DRUSEN,0.9999831,0.00044504565,0.7470973,-2.2151659,1,-8.77775,False,-4.2739973,False,-7.266301,False,-9.882853,False,False,True
/Users/yuhaowang/Documents/UCL/Term3_Proj/Dataset/Macular-Dataset-R.Rasti_old/AMD/AMD (13).E2E,AMD (13).E2E,32,Spectralis,n/a,2,DRUSEN,True,OCT5k,2,DRUSEN,0.9999995,0.00022302126,0.8364293,-1.6044517,1,-10.854944,False,-4.3264723,False,-7.266301,False,-9.923067,False,False,True
/Users/yuhaowang/Documents/UCL/Term3_Proj/Dataset/Macular-Dataset-R.Rasti_old/AMD/AMD (13).E2E,AMD (13).E2E,33,Spectralis,n/a,2,DRUSEN,True,OCT5k,2,DRUSEN,0.99746835,0.0019766632,0.6768631,-1.5127062,1,-5.3749413,False,-3.9120035,False,-7.266301,False,-7.6137657,False,True,True
/Users/yuhaowang/Documents/UCL/Term3_Proj/Dataset/Macular-Dataset-R.Rasti_old/AMD/AMD (13).E2E,AMD (13).E2E,34,Spectralis,n/a,2,DRUSEN,True,OCT5k,2,DRUSEN,0.99999774,4.0733154e-05,0.83374155,-1.2360117,1,-10.21361,False,-4.3695555,False,-7.266301,False,-9.274672,False,False,True
/Users/yuhaowang/Documents/UCL/Term3_Proj/Dataset/Macular-Dataset-R.Rasti_old/AMD/AMD (13).E2E,AMD (13).E2E,35,Spectralis,n/a,2,DRUSEN,True,OCT5k,2,DRUSEN,1.0,6.9051275e-06,0.8081564,-8.165122,1,-19.72581,False,-4.3775506,False,-7.266301,False,-21.018143,False,False,True
/Users/yuhaowang/Documents/UCL/Term3_Proj/Dataset/Macular-Dataset-R.Rasti_old/AMD/AMD (14).E2E,AMD (14).E2E,6,Spectralis,n/a,2,DRUSEN,True,OCT5k,3,NORMAL,0.99993956,0.0033993577,0.27746138,-4.253407,1,3.8968759,True,-3.5757535,False,-7.266301,False,-7.394188,False,False,True
/Users/yuhaowang/Documents/UCL/Term3_Proj/Dataset/Macular-Dataset-R.Rasti_old/AMD/AMD (14).E2E,AMD (14).E2E,7,Spectralis,n/a,2,DRUSEN,True,OCT5k,3,NORMAL,0.9906542,0.039224267,0.37437212,-6.664119,2,-2.9553962,False,4.8913703,True,5.519489,True,-2.1168108,False,True,True
/Users/yuhaowang/Documents/UCL/Term3_Proj/Dataset/Macular-Dataset-R.Rasti_old/AMD/AMD (14).E2E,AMD (14).E2E,8,Spectralis,n/a,2,DRUSEN,True,OCT5k,3,NORMAL,0.99156696,0.048246995,0.2726638,-4.646514,2,3.4692597,True,7.023868,True,5.519489,True,3.81848,True,True,True
/Users/yuhaowang/Documents/UCL/Term3_Proj/Dataset/Macular-Dataset-R.Rasti_old/AMD/AMD (14).E2E,AMD (14).E2E,9,Spectralis,n/a,2,DRUSEN,True,OCT5k,3,NORMAL,0.9963097,0.0779652,0.14695773,-3.8663752,2,8.845659,True,14.047688,True,5.519489,True,10.658968,True,True,True
/Users/yuhaowang/Documents/UCL/Term3_Proj/Dataset/Macular-Dataset-R.Rasti_old/AMD/AMD (14).E2E,AMD (14).E2E,10,Spectralis,n/a,2,DRUSEN,True,OCT5k,3,NORMAL,0.99922895,0.016743582,0.26313654,-2.9324436,1,6.353228,True,-0.4218812,False,-7.266301,False,-3.140729,False,True,True
/Users/yuhaowang/Documents/UCL/Term3_Proj/Dataset/Macular-Dataset-R.Rasti_old/AMD/AMD (14).E2E,AMD (14).E2E,11,Spectralis,n/a,2,DRUSEN,True,OCT5k,2,DRUSEN,0.9943673,0.025402606,0.6541737,-4.159416,1,-8.575829,False,1.6246562,True,-7.266301,False,-8.808941,False,True,True
/Users/yuhaowang/Documents/UCL/Term3_Proj/Dataset/Macular-Dataset-R.Rasti_old/AMD/AMD (14).E2E,AMD (14).E2E,12,Spectralis,n/a,2,DRUSEN,True,OCT5k,3,NORMAL,0.8679171,0.18610936,0.2799652,-5.31212,2,2.2287626,True,39.60728,True,5.519489,True,21.015697,True,True,True
/Users/yuhaowang/Documents/UCL/Term3_Proj/Dataset/Macular-Dataset-R.Rasti_old/AMD/AMD (14).E2E,AMD (14).E2E,13,Spectralis,n/a,2,DRUSEN,True,OCT5k,2,DRUSEN,0.99860007,0.0013770163,0.6039058,-3.1735158,1,-5.4174013,False,-4.0537286,False,-7.266301,False,-9.705563,False,True,True
/Users/yuhaowang/Documents/UCL/Term3_Proj/Dataset/Macular-Dataset-R.Rasti_old/AMD/AMD (14).E2E,AMD (14).E2E,14,Spectralis,n/a,2,DRUSEN,True,OCT5k,2,DRUSEN,0.9915643,0.07419002,0.52327806,-3.517675,1,-3.2327714,False,13.155434,True,-7.266301,False,0.40414286,True,True,True
/Users/yuhaowang/Documents/UCL/Term3_Proj/Dataset/Macular-Dataset-R.Rasti_old/AMD/AMD (15).E2E,AMD (15).E2E,6,Spectralis,n/a,2,DRUSEN,True,OCT5k,3,NORMAL,0.99451184,0.09080703,0.30961776,-3.2526407,1,4.317761,True,17.08282,True,-7.266301,False,5.652262,True,True,True
/Users/yuhaowang/Documents/UCL/Term3_Proj/Dataset/Macular-Dataset-R.Rasti_old/AMD/AMD (15).E2E,AMD (15).E2E,7,Spectralis,n/a,2,DRUSEN,True,OCT5k,3,NORMAL,0.99936706,0.006578533,0.20232819,-3.1156528,1,8.115097,True,-2.8243637,False,-7.266301,False,-4.08916,False,True,True
/Users/yuhaowang/Documents/UCL/Term3_Proj/Dataset/Macular-Dataset-R.Rasti_old/AMD/AMD (15).E2E,AMD (15).E2E,8,Spectralis,n/a,2,DRUSEN,True,OCT5k,1,DME,0.38216746,0.28888184,0.2988565,-3.88823,2,3.7269673,True,63.89729,True,5.519489,True,37.012318,True,True,True
/Users/yuhaowang/Documents/UCL/Term3_Proj/Dataset/Macular-Dataset-R.Rasti_old/AMD/AMD (15).E2E,AMD (15).E2E,9,Spectralis,n/a,2,DRUSEN,True,OCT5k,3,NORMAL,0.98836285,0.07098241,0.28900895,-3.7786849,3,4.220616,True,12.3973255,True,18.305277,True,14.011499,True,True,True
/Users/yuhaowang/Documents/UCL/Term3_Proj/Dataset/Macular-Dataset-R.Rasti_old/AMD/AMD (15).E2E,AMD (15).E2E,10,Spectralis,n/a,2,DRUSEN,True,OCT5k,3,NORMAL,0.9988311,0.0075637326,0.40357164,-6.9505997,1,-4.361773,False,-2.5915143,False,-7.266301,False,-13.039757,False,True,True
/Users/yuhaowang/Documents/UCL/Term3_Proj/Dataset/Macular-Dataset-R.Rasti_old/AMD/AMD (15).E2E,AMD (15).E2E,11,Spectralis,n/a,2,DRUSEN,True,OCT5k,2,DRUSEN,0.9918909,0.0060096085,0.5871692,-4.235634,1,-6.4463887,False,-2.9588275,False,-7.266301,False,-10.731431,False,True,True
/Users/yuhaowang/Documents/UCL/Term3_Proj/Dataset/Macular-Dataset-R.Rasti_old/AMD/AMD (15).E2E,AMD (15).E2E,12,Spectralis,n/a,2,DRUSEN,True,OCT5k,2,DRUSEN,0.9896059,0.018261328,0.5350989,-3.2511868,2,-3.2297878,False,-0.063165665,False,5.519489,True,-0.91692066,False,True,True
/Users/yuhaowang/Documents/UCL/Term3_Proj/Dataset/Macular-Dataset-R.Rasti_old/AMD/AMD (15).E2E,AMD (15).E2E,13,Spectralis,n/a,2,DRUSEN,True,OCT5k,2,DRUSEN,0.9965223,0.01824607,0.5325309,-3.286382,1,-3.1964703,False,-0.06677222,False,-7.266301,False,-6.788499,False,True,True
/Users/yuhaowang/Documents/UCL/Term3_Proj/Dataset/Macular-Dataset-R.Rasti_old/AMD/AMD (15).E2E,AMD (15).E2E,14,Spectralis,n/a,2,DRUSEN,True,OCT5k,2,DRUSEN,0.9894741,0.11340821,0.5308312,-3.6651452,2,-3.7063494,False,22.42455,True,5.519489,True,11.142542,True,True,True
/Users/yuhaowang/Documents/UCL/Term3_Proj/Dataset/Macular-Dataset-R.Rasti_old/AMD/AMD (16).E2E,AMD (16).E2E,6,Spectralis,n/a,2,DRUSEN,True,OCT5k,3,NORMAL,0.9844654,0.06417772,0.36389637,-3.5193653,2,2.101233,True,10.789053,True,5.519489,True,6.8140283,True,True,True
/Users/yuhaowang/Documents/UCL/Term3_Proj/Dataset/Macular-Dataset-R.Rasti_old/AMD/AMD (16).E2E,AMD (16).E2E,7,Spectralis,n/a,2,DRUSEN,True,OCT5k,3,NORMAL,0.99997103,0.0052375635,0.45521328,-4.1300297,1,-1.8701172,False,-3.1412983,False,-7.266301,False,-9.067297,False,False,True
/Users/yuhaowang/Documents/UCL/Term3_Proj/Dataset/Macular-Dataset-R.Rasti_old/AMD/AMD (16).E2E,AMD (16).E2E,8,Spectralis,n/a,2,DRUSEN,True,OCT5k,3,NORMAL,0.99794084,0.057002462,0.35913417,-3.7721148,1,1.8824649,True,9.093201,True,-7.266301,False,-0.3672266,False,True,True
/Users/yuhaowang/Documents/UCL/Term3_Proj/Dataset/Macular-Dataset-R.Rasti_old/AMD/AMD (16).E2E,AMD (16).E2E,9,Spectralis,n/a,2,DRUSEN,True,OCT5k,3,NORMAL,0.9865371,0.10748458,0.40553728,-3.5973408,2,0.5902972,True,21.024517,True,5.519489,True,11.9718685,True,True,True
/Users/yuhaowang/Documents/UCL/Term3_Proj/Dataset/Macular-Dataset-R.Rasti_old/AMD/AMD (16).E2E,AMD (16).E2E,10,Spectralis,n/a,2,DRUSEN,True,OCT5k,2,DRUSEN,0.9972185,0.12887302,0.60913444,-4.1659884,1,-7.0776267,False,26.079617,True,-7.266301,False,5.561565,True,True,True
/Users/yuhaowang/Documents/UCL/Term3_Proj/Dataset/Macular-Dataset-R.Rasti_old/AMD/AMD (16).E2E,AMD (16).E2E,11,Spectralis,n/a,2,DRUSEN,True,OCT5k,2,DRUSEN,0.9999932,0.0011460192,0.7267243,-3.9192224,1,-10.645592,False,-4.108324,False,-7.266301,False,-12.507,False,False,True
/Users/yuhaowang/Documents/UCL/Term3_Proj/Dataset/Macular-Dataset-R.Rasti_old/AMD/AMD (16).E2E,AMD (16).E2E,12,Spectralis,n/a,2,DRUSEN,True,OCT5k,3,NORMAL,0.9977811,0.07058148,0.27513796,-5.4828353,2,2.1349292,True,12.302567,True,5.519489,True,5.3225713,True,True,True
/Users/yuhaowang/Documents/UCL/Term3_Proj/Dataset/Macular-Dataset-R.Rasti_old/AMD/AMD (16).E2E,AMD (16).E2E,13,Spectralis,n/a,2,DRUSEN,True,OCT5k,3,NORMAL,0.8839691,0.15309784,0.3263621,-3.7862225,1,2.958652,True,31.80509,True,-7.266301,False,12.856375,True,True,True
/Users/yuhaowang/Documents/UCL/Term3_Proj/Dataset/Macular-Dataset-R.Rasti_old/AMD/AMD (16).E2E,AMD (16).E2E,14,Spectralis,n/a,2,DRUSEN,True,OCT5k,3,NORMAL,0.99942833,0.0642588,0.3034442,-3.5644135,1,4.0579247,True,10.808216,True,-7.266301,False,1.6329718,True,True,True
/Users/yuhaowang/Documents/UCL/Term3_Proj/Dataset/Macular-Dataset-R.Rasti_old/AMD/AMD (17).E2E,AMD (17).E2E,6,Spectralis,n/a,2,DRUSEN,True,OCT5k,2,DRUSEN,0.9999964,3.592178e-05,0.6811057,-7.689245,1,-14.759693,False,-4.3706927,False,-7.266301,False,-18.662018,False,False,True
/Users/yuhaowang/Documents/UCL/Term3_Proj/Dataset/Macular-Dataset-R.Rasti_old/AMD/AMD (17).E2E,AMD (17).E2E,7,Spectralis,n/a,2,DRUSEN,True,OCT5k,2,DRUSEN,0.80281067,0.22659767,0.24636678,-5.4764934,2,3.107757,True,49.176586,True,5.519489,True,26.549372,True,True,True
/Users/yuhaowang/Documents/UCL/Term3_Proj/Dataset/Macular-Dataset-R.Rasti_old/AMD/AMD (17).E2E,AMD (17).E2E,8,Spectralis,n/a,2,DRUSEN,True,OCT5k,2,DRUSEN,0.6944981,0.24743903,0.39528453,-4.8259587,2,-0.9049425,False,54.102386,True,5.519489,True,28.680864,True,True,True
/Users/yuhaowang/Documents/UCL/Term3_Proj/Dataset/Macular-Dataset-R.Rasti_old/AMD/AMD (17).E2E,AMD (17).E2E,9,Spectralis,n/a,2,DRUSEN,True,OCT5k,2,DRUSEN,0.9743525,0.07017678,0.43575037,-3.2622385,2,0.080135345,True,12.206917,True,5.519489,True,7.201096,True,True,True
/Users/yuhaowang/Documents/UCL/Term3_Proj/Dataset/Macular-Dataset-R.Rasti_old/AMD/AMD (17).E2E,AMD (17).E2E,10,Spectralis,n/a,2,DRUSEN,True,OCT5k,2,DRUSEN,0.9748053,0.05819121,0.4863297,-5.2777424,1,-4.6294403,False,9.374157,True,-7.266301,False,-4.352376,False,True,True
/Users/yuhaowang/Documents/UCL/Term3_Proj/Dataset/Macular-Dataset-R.Rasti_old/AMD/AMD (17).E2E,AMD (17).E2E,11,Spectralis,n/a,2,DRUSEN,True,OCT5k,2,DRUSEN,0.98214066,0.06690526,0.46543,-3.0394552,2,-0.58024263,False,11.433701,True,5.519489,True,6.7945275,True,True,True
/Users/yuhaowang/Documents/UCL/Term3_Proj/Dataset/Macular-Dataset-R.Rasti_old/AMD/AMD (17).E2E,AMD (17).E2E,12,Spectralis,n/a,2,DRUSEN,True,OCT5k,2,DRUSEN,0.9749938,0.015607983,0.63288325,-2.6942124,1,-5.6704063,False,-0.6902771,False,-7.266301,False,-7.316426,False,True,True
/Users/yuhaowang/Documents/UCL/Term3_Proj/Dataset/Macular-Dataset-R.Rasti_old/AMD/AMD (17).E2E,AMD (17).E2E,13,Spectralis,n/a,2,DRUSEN,True,OCT5k,0,CNV,0.9186876,0.11753532,0.24819575,-3.2676685,3,6.351848,True,23.399984,True,18.305277,True,21.617184,True,True,True
/Users/yuhaowang/Documents/UCL/Term3_Proj/Dataset/Macular-Dataset-R.Rasti_old/AMD/AMD (17).E2E,AMD (17).E2E,14,Spectralis,n/a,2,DRUSEN,True,OCT5k,0,CNV,1.0,0.0010852981,0.65470815,-3.210011,1,-7.1730146,False,-4.1226754,False,-7.266301,False,-10.417796,False,False,True
/Users/yuhaowang/Documents/UCL/Term3_Proj/Dataset/Macular-Dataset-R.Rasti_old/AMD/AMD (18).E2E,AMD (18).E2E,27,Spectralis,n/a,2,DRUSEN,True,OCT5k,3,NORMAL,0.9689718,0.021427259,0.38352814,-1.9285114,2,3.824493,True,0.68509364,True,5.519489,True,3.6252694,True,True,True
/Users/yuhaowang/Documents/UCL/Term3_Proj/Dataset/Macular-Dataset-R.Rasti_old/AMD/AMD (18).E2E,AMD (18).E2E,28,Spectralis,n/a,2,DRUSEN,True,OCT5k,3,NORMAL,0.99995005,0.0004568994,0.5189006,-4.4723125,1,-4.51474,False,-4.271196,False,-7.266301,False,-11.066276,False,False,True
/Users/yuhaowang/Documents/UCL/Term3_Proj/Dataset/Macular-Dataset-R.Rasti_old/AMD/AMD (18).E2E,AMD (18).E2E,29,Spectralis,n/a,2,DRUSEN,True,OCT5k,3,NORMAL,0.9828441,0.03721018,0.35169747,-2.2865674,2,4.354469,True,4.415346,True,5.519489,True,5.4961514,True,True,True
/Users/yuhaowang/Documents/UCL/Term3_Proj/Dataset/Macular-Dataset-R.Rasti_old/AMD/AMD (18).E2E,AMD (18).E2E,30,Spectralis,n/a,2,DRUSEN,True,OCT5k,3,NORMAL,0.9999888,0.00014478958,0.51922745,-1.9301587,1,-0.72155523,False,-4.344962,False,-7.266301,False,-6.692498,False,False,True
/Users/yuhaowang/Documents/UCL/Term3_Proj/Dataset/Macular-Dataset-R.Rasti_old/AMD/AMD (18).E2E,AMD (18).E2E,31,Spectralis,n/a,2,DRUSEN,True,OCT5k,3,NORMAL,0.99997675,0.00024581817,0.36771306,-3.157242,1,2.515328,True,-4.321084,False,-7.266301,False,-6.9936523,False,False,True
/Users/yuhaowang/Documents/UCL/Term3_Proj/Dataset/Macular-Dataset-R.Rasti_old/AMD/AMD (18).E2E,AMD (18).E2E,32,Spectralis,n/a,2,DRUSEN,True,OCT5k,3,NORMAL,0.9999759,0.0019701216,0.34049493,-2.1874328,1,4.8779073,True,-3.9135497,False,-7.266301,False,-4.7503185,False,False,True
/Users/yuhaowang/Documents/UCL/Term3_Proj/Dataset/Macular-Dataset-R.Rasti_old/AMD/AMD (18).E2E,AMD (18).E2E,33,Spectralis,n/a,2,DRUSEN,True,OCT5k,3,NORMAL,0.9999999,0.0005977639,0.6180916,-1.6260635,1,-3.5767417,False,-4.2379026,False,-7.266301,False,-7.289876,False,False,True
/Users/yuhaowang/Documents/UCL/Term3_Proj/Dataset/Macular-Dataset-R.Rasti_old/AMD/AMD (18).E2E,AMD (18).E2E,34,Spectralis,n/a,2,DRUSEN,True,OCT5k,3,NORMAL,0.9996153,0.0073224753,0.20261939,-1.6493326,2,10.29958,True,-2.648535,False,5.519489,True,4.395189,True,True,True
/Users/yuhaowang/Documents/UCL/Term3_Proj/Dataset/Macular-Dataset-R.Rasti_old/AMD/AMD (18).E2E,AMD (18).E2E,35,Spectralis,n/a,2,DRUSEN,True,OCT5k,3,NORMAL,0.99999905,1.5450467e-05,0.54330295,-1.4233065,1,-0.7692046,False,-4.375531,False,-7.266301,False,-6.117624,False,False,True
/Users/yuhaowang/Documents/UCL/Term3_Proj/Dataset/Macular-Dataset-R.Rasti_old/AMD/AMD (19).E2E,AMD (19).E2E,6,Spectralis,n/a,2,DRUSEN,True,OCT5k,3,NORMAL,0.9408965,0.12806937,0.41000655,-6.2695932,2,-3.5581584,False,25.889679,True,5.519489,True,10.026249,True,True,True
/Users/yuhaowang/Documents/UCL/Term3_Proj/Dataset/Macular-Dataset-R.Rasti_old/AMD/AMD (19).E2E,AMD (19).E2E,7,Spectralis,n/a,2,DRUSEN,True,OCT5k,2,DRUSEN,0.9973041,0.006098423,0.56217045,-7.1693215,1,-9.9993925,False,-2.9378364,False,-7.266301,False,-15.519621,False,True,True
/Users/yuhaowang/Documents/UCL/Term3_Proj/Dataset/Macular-Dataset-R.Rasti_old/AMD/AMD (19).E2E,AMD (19).E2E,8,Spectralis,n/a,2,DRUSEN,True,OCT5k,3,NORMAL,0.97871304,0.18935466,0.3756062,-11.210123,2,-9.79945,False,40.374294,True,5.519489,True,10.048386,True,True,True
/Users/yuhaowang/Documents/UCL/Term3_Proj/Dataset/Macular-Dataset-R.Rasti_old/AMD/AMD (19).E2E,AMD (19).E2E,9,Spectralis,n/a,2,DRUSEN,True,OCT5k,2,DRUSEN,0.99998415,0.021382581,0.4841369,-25.548708,1,-34.889904,False,0.6745343,True,-7.266301,False,-44.49041,False,False,True
/Users/yuhaowang/Documents/UCL/Term3_Proj/Dataset/Macular-Dataset-R.Rasti_old/AMD/AMD (19).E2E,AMD (19).E2E,10,Spectralis,n/a,2,DRUSEN,True,OCT5k,2,DRUSEN,0.9927113,0.11718249,0.5093086,-9.255596,1,-11.3513775,False,23.316591,True,-7.266301,False,-3.6522326,False,True,True
/Users/yuhaowang/Documents/UCL/Term3_Proj/Dataset/Macular-Dataset-R.Rasti_old/AMD/AMD (19).E2E,AMD (19).E2E,11,Spectralis,n/a,2,DRUSEN,True,OCT5k,0,CNV,0.91885686,0.09902614,0.27011392,-4.462653,3,3.8297696,True,19.025387,True,18.305277,True,16.800673,True,True,True
/Users/yuhaowang/Documents/UCL/Term3_Proj/Dataset/Macular-Dataset-R.Rasti_old/AMD/AMD (19).E2E,AMD (19).E2E,12,Spectralis,n/a,2,DRUSEN,True,OCT5k,0,CNV,0.68010813,0.27453414,0.29905537,-4.245654,1,3.185453,True,60.50625,True,-7.266301,False,28.630075,True,True,True
/Users/yuhaowang/Documents/UCL/Term3_Proj/Dataset/Macular-Dataset-R.Rasti_old/AMD/AMD (19).E2E,AMD (19).E2E,13,Spectralis,n/a,2,DRUSEN,True,OCT5k,2,DRUSEN,0.98495513,0.033782765,0.5763476,-4.515234,1,-6.502452,False,3.6052856,True,-7.266301,False,-7.3723764,False,True,True
/Users/yuhaowang/Documents/UCL/Term3_Proj/Dataset/Macular-Dataset-R.Rasti_old/AMD/AMD (19).E2E,AMD (19).E2E,14,Spectralis,n/a,2,DRUSEN,True,OCT5k,2,DRUSEN,0.9819327,0.05500017,0.46025154,-5.37856,2,-3.9071383,False,8.619965,True,5.519489,True,1.197669,True,True,True
/Users/yuhaowang/Documents/UCL/Term3_Proj/Dataset/Macular-Dataset-R.Rasti_old/AMD/AMD (2).E2E,AMD (2).E2E,9,Spectralis,n/a,2,DRUSEN,True,OCT5k,2,DRUSEN,0.97833586,0.06592746,0.45418715,-8.993052,1,-9.1128845,False,11.2026005,True,-7.266301,False,-9.39064,False,True,True
/Users/yuhaowang/Documents/UCL/Term3_Proj/Dataset/Macular-Dataset-R.Rasti_old/AMD/AMD (2).E2E,AMD (2).E2E,10,Spectralis,n/a,2,DRUSEN,True,OCT5k,0,CNV,0.9999176,0.006258007,0.46948478,-2.533039,1,0.04180336,True,-2.9001193,False,-7.266301,False,-6.3257704,False,False,True
/Users/yuhaowang/Documents/UCL/Term3_Proj/Dataset/Macular-Dataset-R.Rasti_old/AMD/AMD (2).E2E,AMD (2).E2E,11,Spectralis,n/a,2,DRUSEN,True,OCT5k,0,CNV,0.9121047,0.039905578,0.32517695,-3.7468183,2,3.0572982,True,5.0523963,True,5.519489,True,3.636435,True,True,True
/Users/yuhaowang/Documents/UCL/Term3_Proj/Dataset/Macular-Dataset-R.Rasti_old/AMD/AMD (2).E2E,AMD (2).E2E,12,Spectralis,n/a,2,DRUSEN,True,OCT5k,2,DRUSEN,0.87608314,0.08235133,0.5160162,-3.6310842,1,-3.1593323,False,15.084337,True,-7.266301,False,1.3858924,True,True,True
/Users/yuhaowang/Documents/UCL/Term3_Proj/Dataset/Macular-Dataset-R.Rasti_old/AMD/AMD (2).E2E,AMD (2).E2E,13,Spectralis,n/a,2,DRUSEN,True,OCT5k,0,CNV,1.0,7.228169e-05,0.78077406,-11.244544,1,-23.417086,False,-4.362099,False,-7.266301,False,-26.034214,False,False,True
/Users/yuhaowang/Documents/UCL/Term3_Proj/Dataset/Macular-Dataset-R.Rasti_old/AMD/AMD (2).E2E,AMD (2).E2E,14,Spectralis,n/a,2,DRUSEN,True,OCT5k,0,CNV,0.9814014,0.0118870735,0.41397867,-5.0123334,2,-1.8097668,False,-1.569704,False,5.519489,True,-3.3775434,False,True,True
/Users/yuhaowang/Documents/UCL/Term3_Proj/Dataset/Macular-Dataset-R.Rasti_old/AMD/AMD (2).E2E,AMD (2).E2E,15,Spectralis,n/a,2,DRUSEN,True,OCT5k,0,CNV,0.98322165,0.04465449,0.115066566,-3.0540426,2,11.129049,True,6.174789,True,5.519489,True,7.997952,True,True,True
/Users/yuhaowang/Documents/UCL/Term3_Proj/Dataset/Macular-Dataset-R.Rasti_old/AMD/AMD (2).E2E,AMD (2).E2E,16,Spectralis,n/a,2,DRUSEN,True,OCT5k,0,CNV,0.98948354,0.03870061,0.13804881,-2.749134,2,10.815813,True,4.767606,True,5.519489,True,7.4557223,True,True,True
/Users/yuhaowang/Documents/UCL/Term3_Proj/Dataset/Macular-Dataset-R.Rasti_old/AMD/AMD (2).E2E,AMD (2).E2E,17,Spectralis,n/a,2,DRUSEN,True,OCT5k,0,CNV,0.9959215,0.039241046,0.43264684,-2.0061522,1,2.063682,True,4.8953357,True,-7.266301,False,-0.55546665,False,True,True
/Users/yuhaowang/Documents/UCL/Term3_Proj/Dataset/Macular-Dataset-R.Rasti_old/AMD/AMD (20).E2E,AMD (20).E2E,6,Spectralis,n/a,2,DRUSEN,True,OCT5k,3,NORMAL,0.5483692,0.113880515,0.46532312,-6.6029115,1,-5.9090924,False,22.536179,True,-7.266301,False,1.045608,True,True,True
/Users/yuhaowang/Documents/UCL/Term3_Proj/Dataset/Macular-Dataset-R.Rasti_old/AMD/AMD (20).E2E,AMD (20).E2E,7,Spectralis,n/a,2,DRUSEN,True,OCT5k,1,DME,0.7366898,0.0657531,0.40987888,-7.6234,1,-5.5797477,False,11.16139,True,-7.266301,False,-6.5010524,False,True,True
/Users/yuhaowang/Documents/UCL/Term3_Proj/Dataset/Macular-Dataset-R.Rasti_old/AMD/AMD (20).E2E,AMD (20).E2E,8,Spectralis,n/a,2,DRUSEN,True,OCT5k,1,DME,0.8842784,0.061207145,0.3695637,-5.3504415,1,-0.8285842,False,10.086967,True,-7.266301,False,-2.6738136,False,True,True
/Users/yuhaowang/Documents/UCL/Term3_Proj/Dataset/Macular-Dataset-R.Rasti_old/AMD/AMD (20).E2E,AMD (20).E2E,9,Spectralis,n/a,2,DRUSEN,True,OCT5k,3,NORMAL,0.83855355,0.091501206,0.47977176,-6.412974,1,-6.108646,False,17.246887,True,-7.266301,False,-1.7913158,False,True,True
/Users/yuhaowang/Documents/UCL/Term3_Proj/Dataset/Macular-Dataset-R.Rasti_old/AMD/AMD (20).E2E,AMD (20).E2E,10,Spectralis,n/a,2,DRUSEN,True,OCT5k,3,NORMAL,0.7470777,0.102529585,0.36175174,-3.1756039,2,2.6874528,True,19.853416,True,5.519489,True,12.567755,True,True,True
/Users/yuhaowang/Documents/UCL/Term3_Proj/Dataset/Macular-Dataset-R.Rasti_old/AMD/AMD (20).E2E,AMD (20).E2E,11,Spectralis,n/a,2,DRUSEN,True,OCT5k,2,DRUSEN,0.9362925,0.071765095,0.5006771,-3.3905306,1,-2.285769,False,12.58231,True,-7.266301,False,0.5720663,True,True,True
/Users/yuhaowang/Documents/UCL/Term3_Proj/Dataset/Macular-Dataset-R.Rasti_old/AMD/AMD (20).E2E,AMD (20).E2E,12,Spectralis,n/a,2,DRUSEN,True,OCT5k,3,NORMAL,0.9547495,0.061838657,0.47697827,-5.2059965,2,-4.208967,False,10.236223,True,5.519489,True,2.2116904,True,True,True
/Users/yuhaowang/Documents/UCL/Term3_Proj/Dataset/Macular-Dataset-R.Rasti_old/AMD/AMD (20).E2E,AMD (20).E2E,13,Spectralis,n/a,2,DRUSEN,True,OCT5k,3,NORMAL,0.952438,0.06545323,0.4848341,-3.6100895,2,-2.0838547,False,11.090517,True,5.519489,True,5.375358,True,True,True
/Users/yuhaowang/Documents/UCL/Term3_Proj/Dataset/Macular-Dataset-R.Rasti_old/AMD/AMD (20).E2E,AMD (20).E2E,14,Spectralis,n/a,2,DRUSEN,True,OCT5k,3,NORMAL,0.9075527,0.10771623,0.48145515,-4.876603,1,-3.8659534,False,21.079266,True,-7.266301,False,3.0285115,True,True,True
/Users/yuhaowang/Documents/UCL/Term3_Proj/Dataset/Macular-Dataset-R.Rasti_old/AMD/AMD (21).E2E,AMD (21).E2E,27,Spectralis,n/a,2,DRUSEN,True,OCT5k,3,NORMAL,0.9999752,0.00070813997,0.36857146,-1.5922178,1,4.8285184,True,-4.211816,False,-7.266301,False,-4.2213664,False,False,True
/Users/yuhaowang/Documents/UCL/Term3_Proj/Dataset/Macular-Dataset-R.Rasti_old/AMD/AMD (21).E2E,AMD (21).E2E,28,Spectralis,n/a,2,DRUSEN,True,OCT5k,3,NORMAL,0.99784756,0.0038011074,0.30157933,-1.5027142,1,7.2055354,True,-3.480801,False,-7.266301,False,-2.8479338,False,True,True
/Users/yuhaowang/Documents/UCL/Term3_Proj/Dataset/Macular-Dataset-R.Rasti_old/AMD/AMD (21).E2E,AMD (21).E2E,29,Spectralis,n/a,2,DRUSEN,True,OCT5k,3,NORMAL,1.0,6.7695714e-07,0.8089911,-1.9834223,1,-10.503336,False,-4.3790226,False,-7.266301,False,-10.282308,False,False,True
/Users/yuhaowang/Documents/UCL/Term3_Proj/Dataset/Macular-Dataset-R.Rasti_old/AMD/AMD (21).E2E,AMD (21).E2E,30,Spectralis,n/a,2,DRUSEN,True,OCT5k,2,DRUSEN,0.9974153,0.039173968,0.7329091,-1.1962998,1,-6.778038,False,4.8794827,True,-7.266301,False,-2.7604835,False,True,True
/Users/yuhaowang/Documents/UCL/Term3_Proj/Dataset/Macular-Dataset-R.Rasti_old/AMD/AMD (21).E2E,AMD (21).E2E,31,Spectralis,n/a,2,DRUSEN,True,OCT5k,3,NORMAL,0.9999999,3.9647653e-05,0.73803204,-1.3815032,1,-7.226711,False,-4.369812,False,-7.266301,False,-8.37898,False,False,True
/Users/yuhaowang/Documents/UCL/Term3_Proj/Dataset/Macular-Dataset-R.Rasti_old/AMD/AMD (21).E2E,AMD (21).E2E,32,Spectralis,n/a,2,DRUSEN,True,OCT5k,3,NORMAL,0.9992362,0.013682913,0.44170967,-1.2178699,1,2.939835,True,-1.1452624,False,-7.266301,False,-2.7127788,False,True,True
/Users/yuhaowang/Documents/UCL/Term3_Proj/Dataset/Macular-Dataset-R.Rasti_old/AMD/AMD (21).E2E,AMD (21).E2E,33,Spectralis,n/a,2,DRUSEN,True,OCT5k,3,NORMAL,0.9998894,0.0003803065,0.5561938,-1.1120918,1,-0.7351184,False,-4.289298,False,-7.266301,False,-5.6825047,False,False,True
/Users/yuhaowang/Documents/UCL/Term3_Proj/Dataset/Macular-Dataset-R.Rasti_old/AMD/AMD (21).E2E,AMD (21).E2E,34,Spectralis,n/a,2,DRUSEN,True,OCT5k,3,NORMAL,0.9999994,1.7923063e-05,0.64106154,-1.4512476,1,-4.084241,False,-4.3749466,False,-7.266301,False,-7.3392305,False,False,True
/Users/yuhaowang/Documents/UCL/Term3_Proj/Dataset/Macular-Dataset-R.Rasti_old/AMD/AMD (21).E2E,AMD (21).E2E,35,Spectralis,n/a,2,DRUSEN,True,OCT5k,3,NORMAL,0.99999917,8.241586e-06,0.46166825,-1.8578745,1,1.3138518,True,-4.377235,False,-7.266301,False,-5.894237,False,False,True
/Users/yuhaowang/Documents/UCL/Term3_Proj/Dataset/Macular-Dataset-R.Rasti_old/AMD/AMD (22).E2E,AMD (22).E2E,27,Spectralis,n/a,2,DRUSEN,True,OCT5k,3,NORMAL,0.9988819,0.00095044635,0.46259618,-1.2831204,1,2.1428556,True,-4.154547,False,-7.266301,False,-4.7801433,False,True,True
/Users/yuhaowang/Documents/UCL/Term3_Proj/Dataset/Macular-Dataset-R.Rasti_old/AMD/AMD (22).E2E,AMD (22).E2E,28,Spectralis,n/a,2,DRUSEN,True,OCT5k,3,NORMAL,0.9993326,0.0068777855,0.5677761,-3.5860322,2,-4.824978,False,-2.7536361,False,5.519489,True,-3.4140394,False,True,True
/Users/yuhaowang/Documents/UCL/Term3_Proj/Dataset/Macular-Dataset-R.Rasti_old/AMD/AMD (22).E2E,AMD (22).E2E,29,Spectralis,n/a,2,DRUSEN,True,OCT5k,3,NORMAL,0.74418485,0.11520743,0.3783869,-0.9877496,1,5.40441,True,22.849792,True,-7.266301,False,12.028357,True,True,True
/Users/yuhaowang/Documents/UCL/Term3_Proj/Dataset/Macular-Dataset-R.Rasti_old/AMD/AMD (22).E2E,AMD (22).E2E,30,Spectralis,n/a,2,DRUSEN,True,OCT5k,2,DRUSEN,0.99998355,1.6205304e-05,0.74062634,-0.60043544,1,-6.1447687,False,-4.375353,False,-7.266301,False,-7.055393,False,False,True
/Users/yuhaowang/Documents/UCL/Term3_Proj/Dataset/Macular-Dataset-R.Rasti_old/AMD/AMD (22).E2E,AMD (22).E2E,31,Spectralis,n/a,2,DRUSEN,True,OCT5k,2,DRUSEN,0.97274643,0.15074664,0.3538783,-0.8690526,2,6.4026465,True,31.249392,True,5.519489,True,23.122166,True,True,True
/Users/yuhaowang/Documents/UCL/Term3_Proj/Dataset/Macular-Dataset-R.Rasti_old/AMD/AMD (22).E2E,AMD (22).E2E,32,Spectralis,n/a,2,DRUSEN,True,OCT5k,3,NORMAL,0.9999683,0.0010529752,0.60266155,-0.93371195,1,-2.024053,False,-4.130315,False,-7.266301,False,-5.8401494,False,False,True
/Users/yuhaowang/Documents/UCL/Term3_Proj/Dataset/Macular-Dataset-R.Rasti_old/AMD/AMD (22).E2E,AMD (22).E2E,33,Spectralis,n/a,2,DRUSEN,True,OCT5k,3,NORMAL,1.0,3.2787375e-06,0.71091187,-0.9837042,1,-5.7233787,False,-4.378408,False,-7.266301,False,-7.36677,False,False,True
/Users/yuhaowang/Documents/UCL/Term3_Proj/Dataset/Macular-Dataset-R.Rasti_old/AMD/AMD (22).E2E,AMD (22).E2E,34,Spectralis,n/a,2,DRUSEN,True,OCT5k,3,NORMAL,0.99999607,0.00038355542,0.4922465,-1.0305153,1,1.5280852,True,-4.2885303,False,-7.266301,False,-4.7727137,False,False,True
/Users/yuhaowang/Documents/UCL/Term3_Proj/Dataset/Macular-Dataset-R.Rasti_old/AMD/AMD (22).E2E,AMD (22).E2E,35,Spectralis,n/a,2,DRUSEN,True,OCT5k,3,NORMAL,1.0,1.3629273e-05,0.6967572,-1.6256509,1,-6.2100635,False,-4.3759613,False,-7.266301,False,-8.311496,False,False,True
/Users/yuhaowang/Documents/UCL/Term3_Proj/Dataset/Macular-Dataset-R.Rasti_old/AMD/AMD (23).E2E,AMD (23).E2E,27,Spectralis,n/a,2,DRUSEN,True,OCT5k,3,NORMAL,0.99999344,0.00018178544,0.24848932,-1.6263947,1,8.798054,True,-4.3362184,False,-7.266301,False,-2.9098878,False,False,True
/Users/yuhaowang/Documents/UCL/Term3_Proj/Dataset/Macular-Dataset-R.Rasti_old/AMD/AMD (23).E2E,AMD (23).E2E,28,Spectralis,n/a,2,DRUSEN,True,OCT5k,2,DRUSEN,0.99998915,7.2842115e-05,0.71545506,-3.0387895,1,-8.9507675,False,-4.3619666,False,-7.266301,False,-10.984695,False,False,True
/Users/yuhaowang/Documents/UCL/Term3_Proj/Dataset/Macular-Dataset-R.Rasti_old/AMD/AMD (23).E2E,AMD (23).E2E,29,Spectralis,n/a,2,DRUSEN,True,OCT5k,3,NORMAL,0.9998017,0.0002484233,0.24336554,-5.722458,1,2.8401818,True,-4.320469,False,-7.266301,False,-9.960348,False,True,True
/Users/yuhaowang/Documents/UCL/Term3_Proj/Dataset/Macular-Dataset-R.Rasti_old/AMD/AMD (23).E2E,AMD (23).E2E,30,Spectralis,n/a,2,DRUSEN,True,OCT5k,3,NORMAL,0.9999925,0.0004881235,0.44361335,-5.0907717,1,-2.919394,False,-4.263816,False,-7.266301,False,-11.2336235,False,False,True
/Users/yuhaowang/Documents/UCL/Term3_Proj/Dataset/Macular-Dataset-R.Rasti_old/AMD/AMD (23).E2E,AMD (23).E2E,31,Spectralis,n/a,2,DRUSEN,True,OCT5k,2,DRUSEN,0.9644993,0.02039525,0.65120035,-2.9024312,1,-6.595296,False,0.44118094,True,-7.266301,False,-7.257864,False,True,True
/Users/yuhaowang/Documents/UCL/Term3_Proj/Dataset/Macular-Dataset-R.Rasti_old/AMD/AMD (23).E2E,AMD (23).E2E,32,Spectralis,n/a,2,DRUSEN,True,OCT5k,3,NORMAL,0.9999807,0.0001875005,0.5645314,-4.7971673,1,-6.528703,False,-4.3348675,False,-7.266301,False,-12.214754,False,False,True
/Users/yuhaowang/Documents/UCL/Term3_Proj/Dataset/Macular-Dataset-R.Rasti_old/AMD/AMD (23).E2E,AMD (23).E2E,33,Spectralis,n/a,2,DRUSEN,True,OCT5k,2,DRUSEN,0.7913561,0.13411742,0.5093552,-4.788527,1,-4.668325,False,27.319117,True,-7.266301,False,6.378469,True,True,True
/Users/yuhaowang/Documents/UCL/Term3_Proj/Dataset/Macular-Dataset-R.Rasti_old/AMD/AMD (23).E2E,AMD (23).E2E,34,Spectralis,n/a,2,DRUSEN,True,OCT5k,2,DRUSEN,0.9999995,1.6726954e-06,0.8161003,-6.8032584,1,-17.953873,False,-4.3787875,False,-7.266301,False,-18.746634,False,False,True
/Users/yuhaowang/Documents/UCL/Term3_Proj/Dataset/Macular-Dataset-R.Rasti_old/AMD/AMD (23).E2E,AMD (23).E2E,35,Spectralis,n/a,2,DRUSEN,True,OCT5k,2,DRUSEN,0.7801057,0.21301475,0.52119046,-3.8179765,1,-3.6122508,False,45.966297,True,-7.266301,False,18.47786,True,True,True
/Users/yuhaowang/Documents/UCL/Term3_Proj/Dataset/Macular-Dataset-R.Rasti_old/AMD/AMD (24).E2E,AMD (24).E2E,27,Spectralis,n/a,2,DRUSEN,True,OCT5k,2,DRUSEN,0.9989894,0.05151508,0.47134838,-1.0949736,1,2.1313548,True,7.796272,True,-7.266301,False,2.2059765,True,True,True
/Users/yuhaowang/Documents/UCL/Term3_Proj/Dataset/Macular-Dataset-R.Rasti_old/AMD/AMD (24).E2E,AMD (24).E2E,28,Spectralis,n/a,2,DRUSEN,True,OCT5k,2,DRUSEN,0.99998736,0.014866234,0.6386948,-1.0990641,1,-3.4779818,False,-0.86558723,False,-7.266301,False,-4.712291,False,False,True
/Users/yuhaowang/Documents/UCL/Term3_Proj/Dataset/Macular-Dataset-R.Rasti_old/AMD/AMD (24).E2E,AMD (24).E2E,29,Spectralis,n/a,2,DRUSEN,True,OCT5k,2,DRUSEN,0.99693346,0.0049491674,0.5889389,-1.2558372,1,-2.046616,False,-3.20946,False,-7.266301,False,-5.714248,False,True,True
/Users/yuhaowang/Documents/UCL/Term3_Proj/Dataset/Macular-Dataset-R.Rasti_old/AMD/AMD (24).E2E,AMD (24).E2E,30,Spectralis,n/a,2,DRUSEN,True,OCT5k,3,NORMAL,0.97656244,0.058084846,0.26186386,-0.9061305,2,9.428057,True,9.349018,True,5.519489,True,11.766663,True,True,True
/Users/yuhaowang/Documents/UCL/Term3_Proj/Dataset/Macular-Dataset-R.Rasti_old/AMD/AMD (24).E2E,AMD (24).E2E,31,Spectralis,n/a,2,DRUSEN,True,OCT5k,3,NORMAL,0.57911366,0.14458829,0.40583512,-1.6673067,1,3.4684663,True,29.793879,True,-7.266301,False,14.4478245,True,True,True
/Users/yuhaowang/Documents/UCL/Term3_Proj/Dataset/Macular-Dataset-R.Rasti_old/AMD/AMD (24).E2E,AMD (24).E2E,32,Spectralis,n/a,2,DRUSEN,True,OCT5k,2,DRUSEN,0.99999905,0.0001480096,0.803275,-1.227816,1,-9.181242,False,-4.344201,False,-7.266301,False,-8.880393,False,False,True
/Users/yuhaowang/Documents/UCL/Term3_Proj/Dataset/Macular-Dataset-R.Rasti_old/AMD/AMD (24).E2E,AMD (24).E2E,33,Spectralis,n/a,2,DRUSEN,True,OCT5k,2,DRUSEN,0.9999523,9.294704e-05,0.71252507,-1.6211646,1,-6.7313013,False,-4.357215,False,-7.266301,False,-8.482343,False,False,True
/Users/yuhaowang/Documents/UCL/Term3_Proj/Dataset/Macular-Dataset-R.Rasti_old/AMD/AMD (24).E2E,AMD (24).E2E,34,Spectralis,n/a,2,DRUSEN,True,OCT5k,3,NORMAL,0.69049126,0.093693316,0.3390796,-1.2962828,1,6.2588315,True,17.764986,True,-7.266301,False,9.08581,True,True,True
/Users/yuhaowang/Documents/UCL/Term3_Proj/Dataset/Macular-Dataset-R.Rasti_old/AMD/AMD (24).E2E,AMD (24).E2E,35,Spectralis,n/a,2,DRUSEN,True,OCT5k,2,DRUSEN,1.0,1.5392652e-07,0.7854224,-7.8077626,1,-18.429852,False,-4.3791466,False,-7.266301,False,-20.12492,False,False,True
/Users/yuhaowang/Documents/UCL/Term3_Proj/Dataset/Macular-Dataset-R.Rasti_old/AMD/AMD (25).E2E,AMD (25).E2E,12,Spectralis,n/a,2,DRUSEN,True,OCT5k,3,NORMAL,0.98806274,0.21400988,0.307956,-10.854512,2,-7.002194,False,46.201492,True,5.519489,True,14.776741,True,True,True
/Users/yuhaowang/Documents/UCL/Term3_Proj/Dataset/Macular-Dataset-R.Rasti_old/AMD/AMD (25).E2E,AMD (25).E2E,13,Spectralis,n/a,2,DRUSEN,True,OCT5k,0,CNV,0.915625,0.19251138,0.21238698,-5.688985,2,3.9275184,True,41.120377,True,5.519489,True,22.028051,True,True,True
/Users/yuhaowang/Documents/UCL/Term3_Proj/Dataset/Macular-Dataset-R.Rasti_old/AMD/AMD (25).E2E,AMD (25).E2E,14,Spectralis,n/a,2,DRUSEN,True,OCT5k,2,DRUSEN,0.8920449,0.25850964,0.40384585,-6.5391283,2,-3.75522,False,56.718895,True,5.519489,True,27.080744,True,True,True
/Users/yuhaowang/Documents/UCL/Term3_Proj/Dataset/Macular-Dataset-R.Rasti_old/AMD/AMD (25).E2E,AMD (25).E2E,15,Spectralis,n/a,2,DRUSEN,True,OCT5k,1,DME,0.89422345,0.05470538,0.3402722,-3.7426035,2,2.5581765,True,8.550291,True,5.519489,True,5.442364,True,True,True
/Users/yuhaowang/Documents/UCL/Term3_Proj/Dataset/Macular-Dataset-R.Rasti_old/AMD/AMD (25).E2E,AMD (25).E2E,16,Spectralis,n/a,2,DRUSEN,True,OCT5k,2,DRUSEN,0.9538051,0.24417135,0.41232568,-4.408969,2,-0.8515339,False,53.330074,True,5.519489,True,28.764128,True,True,True
/Users/yuhaowang/Documents/UCL/Term3_Proj/Dataset/Macular-Dataset-R.Rasti_old/AMD/AMD (25).E2E,AMD (25).E2E,17,Spectralis,n/a,2,DRUSEN,True,OCT5k,1,DME,0.9847815,0.041578874,0.36893356,-4.211262,2,0.8972044,True,5.4478755,True,5.519489,True,2.5276566,True,True,True
/Users/yuhaowang/Documents/UCL/Term3_Proj/Dataset/Macular-Dataset-R.Rasti_old/AMD/AMD (25).E2E,AMD (25).E2E,18,Spectralis,n/a,2,DRUSEN,True,OCT5k,1,DME,0.79470026,0.07386333,0.34008953,-3.1966197,2,3.3813138,True,13.078222,True,5.519489,True,8.956509,True,True,True
/Users/yuhaowang/Documents/UCL/Term3_Proj/Dataset/Macular-Dataset-R.Rasti_old/AMD/AMD (25).E2E,AMD (25).E2E,19,Spectralis,n/a,2,DRUSEN,True,OCT5k,1,DME,0.9602198,0.01052174,0.42289484,-3.8461742,1,-0.36323977,False,-1.8923972,False,-7.266301,False,-7.479047,False,True,True
/Users/yuhaowang/Documents/UCL/Term3_Proj/Dataset/Macular-Dataset-R.Rasti_old/AMD/AMD (25).E2E,AMD (25).E2E,20,Spectralis,n/a,2,DRUSEN,True,OCT5k,1,DME,0.9997727,0.031937245,0.46727872,-4.1385784,1,-2.2868943,False,3.1691012,True,-7.266301,False,-5.655333,False,True,True
/Users/yuhaowang/Documents/UCL/Term3_Proj/Dataset/Macular-Dataset-R.Rasti_old/AMD/AMD (26).E2E,AMD (26).E2E,27,Spectralis,n/a,2,DRUSEN,True,OCT5k,2,DRUSEN,0.98574847,0.08280137,0.39486668,-1.2119323,1,4.5171523,True,15.190704,True,-7.266301,False,7.1058297,True,True,True
/Users/yuhaowang/Documents/UCL/Term3_Proj/Dataset/Macular-Dataset-R.Rasti_old/AMD/AMD (26).E2E,AMD (26).E2E,28,Spectralis,n/a,2,DRUSEN,True,OCT5k,3,NORMAL,0.94732434,0.3198598,0.16274689,-1.3628742,2,12.063282,True,71.21884,True,5.519489,True,47.180195,True,True,True
/Users/yuhaowang/Documents/UCL/Term3_Proj/Dataset/Macular-Dataset-R.Rasti_old/AMD/AMD (26).E2E,AMD (26).E2E,29,Spectralis,n/a,2,DRUSEN,True,OCT5k,2,DRUSEN,0.99916565,0.025195472,0.4977489,-1.2836026,1,0.9651246,True,1.5757012,True,-7.266301,False,-1.9596264,False,True,True
/Users/yuhaowang/Documents/UCL/Term3_Proj/Dataset/Macular-Dataset-R.Rasti_old/AMD/AMD (26).E2E,AMD (26).E2E,30,Spectralis,n/a,2,DRUSEN,True,OCT5k,0,CNV,0.69744384,0.39566082,0.39748868,-1.2190003,2,4.4187818,True,89.13422,True,5.519489,True,54.75277,True,True,True
/Users/yuhaowang/Documents/UCL/Term3_Proj/Dataset/Macular-Dataset-R.Rasti_old/AMD/AMD (26).E2E,AMD (26).E2E,31,Spectralis,n/a,2,DRUSEN,True,OCT5k,2,DRUSEN,0.9971928,0.0034520663,0.6978363,-0.53418356,1,-4.6129007,False,-3.5632958,False,-7.266301,False,-5.967003,False,True,True
/Users/yuhaowang/Documents/UCL/Term3_Proj/Dataset/Macular-Dataset-R.Rasti_old/AMD/AMD (26).E2E,AMD (26).E2E,32,Spectralis,n/a,2,DRUSEN,True,OCT5k,2,DRUSEN,0.9999894,0.00035871507,0.70709014,-1.2639332,1,-6.014757,False,-4.294401,False,-7.266301,False,-7.760521,False,False,True
/Users/yuhaowang/Documents/UCL/Term3_Proj/Dataset/Macular-Dataset-R.Rasti_old/AMD/AMD (26).E2E,AMD (26).E2E,33,Spectralis,n/a,2,DRUSEN,True,OCT5k,2,DRUSEN,0.9999987,4.507997e-05,0.84772015,-0.7638899,1,-9.975159,False,-4.3685284,False,-7.266301,False,-8.621101,False,False,True
/Users/yuhaowang/Documents/UCL/Term3_Proj/Dataset/Macular-Dataset-R.Rasti_old/AMD/AMD (26).E2E,AMD (26).E2E,34,Spectralis,n/a,2,DRUSEN,True,OCT5k,2,DRUSEN,0.9995602,0.005015515,0.6401438,-0.9134257,1,-3.2487047,False,-3.193779,False,-7.266301,False,-5.724696,False,True,True
/Users/yuhaowang/Documents/UCL/Term3_Proj/Dataset/Macular-Dataset-R.Rasti_old/AMD/AMD (26).E2E,AMD (26).E2E,35,Spectralis,n/a,2,DRUSEN,True,OCT5k,2,DRUSEN,0.99999344,0.0009287654,0.69744515,-1.0708284,1,-5.402851,False,-4.159672,False,-7.266301,False,-7.2327933,False,False,True
/Users/yuhaowang/Documents/UCL/Term3_Proj/Dataset/Macular-Dataset-R.Rasti_old/AMD/AMD (27).E2E,AMD (27).E2E,9,Spectralis,n/a,2,DRUSEN,True,OCT5k,2,DRUSEN,0.7430347,0.13468176,0.34535137,-2.254987,2,4.6142106,True,27.452497,True,5.519489,True,18.666094,True,True,True
/Users/yuhaowang/Documents/UCL/Term3_Proj/Dataset/Macular-Dataset-R.Rasti_old/AMD/AMD (27).E2E,AMD (27).E2E,10,Spectralis,n/a,2,DRUSEN,True,OCT5k,2,DRUSEN,0.8037609,0.15827817,0.3905341,-3.9773328,2,0.52401733,True,33.029446,True,5.519489,True,18.286055,True,True,True
/Users/yuhaowang/Documents/UCL/Term3_Proj/Dataset/Macular-Dataset-R.Rasti_old/AMD/AMD (27).E2E,AMD (27).E2E,11,Spectralis,n/a,2,DRUSEN,True,OCT5k,2,DRUSEN,0.9272104,0.053902984,0.40271318,-5.0652966,2,-1.5118232,False,8.360647,True,5.519489,True,2.286109,True,True,True
/Users/yuhaowang/Documents/UCL/Term3_Proj/Dataset/Macular-Dataset-R.Rasti_old/AMD/AMD (27).E2E,AMD (27).E2E,12,Spectralis,n/a,2,DRUSEN,True,OCT5k,0,CNV,0.81432927,0.15981829,0.16061339,-4.7266655,3,7.1010747,True,33.39345,True,18.305277,True,25.788221,True,True,True
/Users/yuhaowang/Documents/UCL/Term3_Proj/Dataset/Macular-Dataset-R.Rasti_old/AMD/AMD (27).E2E,AMD (27).E2E,13,Spectralis,n/a,2,DRUSEN,True,OCT5k,0,CNV,0.99519956,0.028387688,0.23629752,-6.0373893,2,2.6055665,True,2.330173,True,5.519489,True,-0.81961966,False,True,True
/Users/yuhaowang/Documents/UCL/Term3_Proj/Dataset/Macular-Dataset-R.Rasti_old/AMD/AMD (27).E2E,AMD (27).E2E,14,Spectralis,n/a,2,DRUSEN,True,OCT5k,0,CNV,0.95851874,0.07684596,0.30690423,-6.057829,2,0.21087694,True,13.783159,True,5.519489,True,4.7796903,True,True,True
/Users/yuhaowang/Documents/UCL/Term3_Proj/Dataset/Macular-Dataset-R.Rasti_old/AMD/AMD (27).E2E,AMD (27).E2E,15,Spectralis,n/a,2,DRUSEN,True,OCT5k,0,CNV,0.9649154,0.075284496,0.2397828,-6.30067,2,2.094892,True,13.41411,True,5.519489,True,4.9542756,True,True,True
/Users/yuhaowang/Documents/UCL/Term3_Proj/Dataset/Macular-Dataset-R.Rasti_old/AMD/AMD (27).E2E,AMD (27).E2E,16,Spectralis,n/a,2,DRUSEN,True,OCT5k,2,DRUSEN,0.79677683,0.12327403,0.34916285,-6.66184,2,-2.1079116,False,24.756311,True,5.519489,True,9.433149,True,True,True
/Users/yuhaowang/Documents/UCL/Term3_Proj/Dataset/Macular-Dataset-R.Rasti_old/AMD/AMD (27).E2E,AMD (27).E2E,17,Spectralis,n/a,2,DRUSEN,True,OCT5k,2,DRUSEN,0.99094385,0.06924857,0.4780876,-6.684143,1,-6.458039,False,11.987535,True,-7.266301,False,-5.219278,False,True,True
/Users/yuhaowang/Documents/UCL/Term3_Proj/Dataset/Macular-Dataset-R.Rasti_old/AMD/AMD (28).E2E,AMD (28).E2E,6,Spectralis,n/a,2,DRUSEN,True,OCT5k,3,NORMAL,0.99637765,0.042341992,0.36863935,-2.9088936,1,2.855946,True,5.6282363,True,-7.266301,False,-0.9417772,False,True,True
/Users/yuhaowang/Documents/UCL/Term3_Proj/Dataset/Macular-Dataset-R.Rasti_old/AMD/AMD (28).E2E,AMD (28).E2E,7,Spectralis,n/a,2,DRUSEN,True,OCT5k,3,NORMAL,0.99996495,0.0013770019,0.27281708,-2.794078,1,6.2361493,True,-4.053732,False,-7.266301,False,-5.07198,False,False,True
/Users/yuhaowang/Documents/UCL/Term3_Proj/Dataset/Macular-Dataset-R.Rasti_old/AMD/AMD (28).E2E,AMD (28).E2E,8,Spectralis,n/a,2,DRUSEN,True,OCT5k,3,NORMAL,0.9997429,0.0026527168,0.34219086,-3.4817967,1,2.88421,True,-3.7522202,False,-7.266301,False,-6.929573,False,True,True
/Users/yuhaowang/Documents/UCL/Term3_Proj/Dataset/Macular-Dataset-R.Rasti_old/AMD/AMD (28).E2E,AMD (28).E2E,9,Spectralis,n/a,2,DRUSEN,True,OCT5k,2,DRUSEN,0.5710224,0.14106417,0.3290721,-2.7642498,2,4.3972135,True,28.960962,True,5.519489,True,18.829933,True,True,True
/Users/yuhaowang/Documents/UCL/Term3_Proj/Dataset/Macular-Dataset-R.Rasti_old/AMD/AMD (28).E2E,AMD (28).E2E,10,Spectralis,n/a,2,DRUSEN,True,OCT5k,2,DRUSEN,0.7202896,0.23293805,0.3707201,-2.009174,2,4.1326356,True,50.675114,True,5.519489,True,31.932783,True,True,True
/Users/yuhaowang/Documents/UCL/Term3_Proj/Dataset/Macular-Dataset-R.Rasti_old/AMD/AMD (28).E2E,AMD (28).E2E,11,Spectralis,n/a,2,DRUSEN,True,OCT5k,3,NORMAL,1.0,4.25546e-06,0.5451775,-3.0674725,1,-3.2923331,False,-4.378177,False,-7.266301,False,-8.99995,False,False,True
/Users/yuhaowang/Documents/UCL/Term3_Proj/Dataset/Macular-Dataset-R.Rasti_old/AMD/AMD (28).E2E,AMD (28).E2E,12,Spectralis,n/a,2,DRUSEN,True,OCT5k,3,NORMAL,0.84844947,0.15995789,0.30518377,-3.071278,1,4.737616,True,33.426445,True,-7.266301,False,15.271154,True,True,True
/Users/yuhaowang/Documents/UCL/Term3_Proj/Dataset/Macular-Dataset-R.Rasti_old/AMD/AMD (28).E2E,AMD (28).E2E,13,Spectralis,n/a,2,DRUSEN,True,OCT5k,3,NORMAL,0.99522483,0.015274249,0.4498224,-3.8066063,1,-1.2056394,False,-0.7691541,False,-7.266301,False,-7.0977135,False,True,True
/Users/yuhaowang/Documents/UCL/Term3_Proj/Dataset/Macular-Dataset-R.Rasti_old/AMD/AMD (28).E2E,AMD (28).E2E,14,Spectralis,n/a,2,DRUSEN,True,OCT5k,3,NORMAL,0.9979284,0.008828197,0.37939537,-2.8667338,1,2.5588937,True,-2.2926617,False,-7.266301,False,-5.480759,False,True,True
/Users/yuhaowang/Documents/UCL/Term3_Proj/Dataset/Macular-Dataset-R.Rasti_old/AMD/AMD (29).E2E,AMD (29).E2E,6,Spectralis,n/a,2,DRUSEN,True,OCT5k,3,NORMAL,0.999925,0.008042524,0.37127882,-3.4219701,1,1.9997911,True,-2.4783535,False,-7.266301,False,-6.4537,False,False,True
/Users/yuhaowang/Documents/UCL/Term3_Proj/Dataset/Macular-Dataset-R.Rasti_old/AMD/AMD (29).E2E,AMD (29).E2E,7,Spectralis,n/a,2,DRUSEN,True,OCT5k,3,NORMAL,0.99999356,0.0045142416,0.41100308,-3.9857213,1,-0.1738925,False,-3.3122537,False,-7.266301,False,-8.382542,False,False,True
/Users/yuhaowang/Documents/UCL/Term3_Proj/Dataset/Macular-Dataset-R.Rasti_old/AMD/AMD (29).E2E,AMD (29).E2E,8,Spectralis,n/a,2,DRUSEN,True,OCT5k,3,NORMAL,0.9997261,0.004685331,0.42033237,-3.5660872,1,0.14168501,True,-3.271817,False,-7.266301,False,-7.7421103,False,True,True
/Users/yuhaowang/Documents/UCL/Term3_Proj/Dataset/Macular-Dataset-R.Rasti_old/AMD/AMD (29).E2E,AMD (29).E2E,9,Spectralis,n/a,2,DRUSEN,True,OCT5k,3,NORMAL,0.9999999,6.4399544e-05,0.58580106,-3.6032627,1,-5.454288,False,-4.363962,False,-7.266301,False,-10.41095,False,False,True
/Users/yuhaowang/Documents/UCL/Term3_Proj/Dataset/Macular-Dataset-R.Rasti_old/AMD/AMD (29).E2E,AMD (29).E2E,10,Spectralis,n/a,2,DRUSEN,True,OCT5k,3,NORMAL,0.9999999,3.2156822e-05,0.76118153,-3.20654,1,-10.732841,False,-4.3715825,False,-7.266301,False,-11.830605,False,False,True
/Users/yuhaowang/Documents/UCL/Term3_Proj/Dataset/Macular-Dataset-R.Rasti_old/AMD/AMD (29).E2E,AMD (29).E2E,11,Spectralis,n/a,2,DRUSEN,True,OCT5k,3,NORMAL,1.0,2.2860695e-07,0.81706375,-4.1401567,1,-14.001013,False,-4.379129,False,-7.266301,False,-14.128674,False,False,True
/Users/yuhaowang/Documents/UCL/Term3_Proj/Dataset/Macular-Dataset-R.Rasti_old/AMD/AMD (29).E2E,AMD (29).E2E,12,Spectralis,n/a,2,DRUSEN,True,OCT5k,3,NORMAL,1.0,7.1919567e-07,0.7469683,-4.791692,1,-12.628997,False,-4.379013,False,-7.266301,False,-14.4199505,False,False,True
/Users/yuhaowang/Documents/UCL/Term3_Proj/Dataset/Macular-Dataset-R.Rasti_old/AMD/AMD (29).E2E,AMD (29).E2E,13,Spectralis,n/a,2,DRUSEN,True,OCT5k,3,NORMAL,0.99953425,0.0071716886,0.4227218,-4.6486816,1,-1.5583348,False,-2.6841729,False,-7.266301,False,-9.320243,False,True,True
/Users/yuhaowang/Documents/UCL/Term3_Proj/Dataset/Macular-Dataset-R.Rasti_old/AMD/AMD (29).E2E,AMD (29).E2E,14,Spectralis,n/a,2,DRUSEN,True,OCT5k,3,NORMAL,0.99999547,0.0006074407,0.58165824,-4.7973275,1,-7.1023974,False,-4.2356157,False,-7.266301,False,-12.364426,False,False,True
/Users/yuhaowang/Documents/UCL/Term3_Proj/Dataset/Macular-Dataset-R.Rasti_old/AMD/AMD (3).E2E,AMD (3).E2E,27,Spectralis,n/a,2,DRUSEN,True,OCT5k,2,DRUSEN,0.99970275,0.03545511,0.5589724,-1.7788181,1,-1.825856,False,4.00054,True,-7.266301,False,-2.1829455,False,True,True
/Users/yuhaowang/Documents/UCL/Term3_Proj/Dataset/Macular-Dataset-R.Rasti_old/AMD/AMD (3).E2E,AMD (3).E2E,28,Spectralis,n/a,2,DRUSEN,True,OCT5k,2,DRUSEN,0.9999436,0.0019927882,0.76660645,-1.4251165,1,-8.248724,False,-3.9081926,False,-7.266301,False,-8.536496,False,False,True
/Users/yuhaowang/Documents/UCL/Term3_Proj/Dataset/Macular-Dataset-R.Rasti_old/AMD/AMD (3).E2E,AMD (3).E2E,29,Spectralis,n/a,2,DRUSEN,True,OCT5k,2,DRUSEN,0.9998159,0.00089151785,0.6971521,-1.3689659,1,-5.8391767,False,-4.168475,False,-7.266301,False,-7.7525606,False,False,True
/Users/yuhaowang/Documents/UCL/Term3_Proj/Dataset/Macular-Dataset-R.Rasti_old/AMD/AMD (3).E2E,AMD (3).E2E,30,Spectralis,n/a,2,DRUSEN,True,OCT5k,2,DRUSEN,0.99731773,0.04944376,0.6339275,-1.1883643,1,-3.4519906,False,7.3067203,True,-7.266301,False,-0.18484545,False,True,True
/Users/yuhaowang/Documents/UCL/Term3_Proj/Dataset/Macular-Dataset-R.Rasti_old/AMD/AMD (3).E2E,AMD (3).E2E,31,Spectralis,n/a,2,DRUSEN,True,OCT5k,2,DRUSEN,0.99999547,0.00040458806,0.78380305,-1.0851127,1,-8.315723,False,-4.28356,False,-7.266301,False,-8.36427,False,False,True
/Users/yuhaowang/Documents/UCL/Term3_Proj/Dataset/Macular-Dataset-R.Rasti_old/AMD/AMD (3).E2E,AMD (3).E2E,32,Spectralis,n/a,2,DRUSEN,True,OCT5k,2,DRUSEN,0.99924916,0.004569534,0.64818686,-1.3525599,1,-4.1751375,False,-3.2991853,False,-7.266301,False,-6.644315,False,True,True
/Users/yuhaowang/Documents/UCL/Term3_Proj/Dataset/Macular-Dataset-R.Rasti_old/AMD/AMD (3).E2E,AMD (3).E2E,33,Spectralis,n/a,2,DRUSEN,True,OCT5k,2,DRUSEN,0.9999254,0.060872037,0.65060747,-1.585496,1,-4.6047564,False,10.007763,True,-7.266301,False,0.4533224,True,False,True
/Users/yuhaowang/Documents/UCL/Term3_Proj/Dataset/Macular-Dataset-R.Rasti_old/AMD/AMD (3).E2E,AMD (3).E2E,34,Spectralis,n/a,2,DRUSEN,True,OCT5k,2,DRUSEN,0.9673498,0.07690948,0.43741736,-1.5479009,1,2.5896878,True,13.798172,True,-7.266301,False,5.222874,True,True,True
/Users/yuhaowang/Documents/UCL/Term3_Proj/Dataset/Macular-Dataset-R.Rasti_old/AMD/AMD (3).E2E,AMD (3).E2E,35,Spectralis,n/a,2,DRUSEN,True,OCT5k,2,DRUSEN,0.99981207,0.018269708,0.63198555,-1.3702967,1,-3.659215,False,-0.06118512,False,-7.266301,False,-4.648004,False,False,True
/Users/yuhaowang/Documents/UCL/Term3_Proj/Dataset/Macular-Dataset-R.Rasti_old/AMD/AMD (30).E2E,AMD (30).E2E,12,Spectralis,n/a,2,DRUSEN,True,OCT5k,2,DRUSEN,0.9927759,0.017722264,0.45327702,-1.1301292,1,2.683826,True,-0.19057226,False,-7.266301,False,-2.1587358,False,True,True
/Users/yuhaowang/Documents/UCL/Term3_Proj/Dataset/Macular-Dataset-R.Rasti_old/AMD/AMD (30).E2E,AMD (30).E2E,13,Spectralis,n/a,2,DRUSEN,True,OCT5k,2,DRUSEN,0.99976474,0.0007673865,0.6364886,-1.4933381,1,-3.9941115,False,-4.197813,False,-7.266301,False,-7.25726,False,True,True
/Users/yuhaowang/Documents/UCL/Term3_Proj/Dataset/Macular-Dataset-R.Rasti_old/AMD/AMD (30).E2E,AMD (30).E2E,14,Spectralis,n/a,2,DRUSEN,True,OCT5k,2,DRUSEN,0.8322798,0.12836164,0.37608188,-1.472413,2,4.756329,True,25.958755,True,5.519489,True,18.812277,True,True,True
/Users/yuhaowang/Documents/UCL/Term3_Proj/Dataset/Macular-Dataset-R.Rasti_old/AMD/AMD (30).E2E,AMD (30).E2E,15,Spectralis,n/a,2,DRUSEN,True,OCT5k,2,DRUSEN,0.86548126,0.06853992,0.3946291,-1.4326347,2,4.194842,True,11.820047,True,5.519489,True,10.656403,True,True,True
/Users/yuhaowang/Documents/UCL/Term3_Proj/Dataset/Macular-Dataset-R.Rasti_old/AMD/AMD (30).E2E,AMD (30).E2E,16,Spectralis,n/a,2,DRUSEN,True,OCT5k,2,DRUSEN,0.93291134,0.0179694,0.4971152,-1.4386778,1,0.75428534,True,-0.13216233,False,-7.266301,False,-3.1882524,False,True,True
/Users/yuhaowang/Documents/UCL/Term3_Proj/Dataset/Macular-Dataset-R.Rasti_old/AMD/AMD (30).E2E,AMD (30).E2E,17,Spectralis,n/a,2,DRUSEN,True,OCT5k,2,DRUSEN,0.62880397,0.044204652,0.42768803,-1.2535866,1,3.3558698,True,6.0684714,True,-7.266301,False,1.4763494,True,True,True
/Users/yuhaowang/Documents/UCL/Term3_Proj/Dataset/Macular-Dataset-R.Rasti_old/AMD/AMD (30).E2E,AMD (30).E2E,18,Spectralis,n/a,2,DRUSEN,True,OCT5k,1,DME,0.82798684,0.24344516,0.26338652,-0.83067095,2,9.489994,True,53.15844,True,5.519489,True,36.67541,True,True,True
/Users/yuhaowang/Documents/UCL/Term3_Proj/Dataset/Macular-Dataset-R.Rasti_old/AMD/AMD (30).E2E,AMD (30).E2E,19,Spectralis,n/a,2,DRUSEN,True,OCT5k,2,DRUSEN,0.41758826,0.28765708,0.31591234,-0.7333231,2,7.8769584,True,63.607822,True,5.519489,True,42.12847,True,True,True
/Users/yuhaowang/Documents/UCL/Term3_Proj/Dataset/Macular-Dataset-R.Rasti_old/AMD/AMD (30).E2E,AMD (30).E2E,20,Spectralis,n/a,2,DRUSEN,True,OCT5k,1,DME,0.73106074,0.22462529,0.2871593,-1.0662882,2,8.341433,True,48.710415,True,5.519489,True,33.462906,True,True,True
/Users/yuhaowang/Documents/UCL/Term3_Proj/Dataset/Macular-Dataset-R.Rasti_old/AMD/AMD (31).E2E,AMD (31).E2E,6,Spectralis,n/a,2,DRUSEN,True,OCT5k,2,DRUSEN,0.99959,0.010169491,0.53060496,-2.8299663,1,-2.448995,False,-1.9756502,False,-7.266301,False,-7.05233,False,True,True
/Users/yuhaowang/Documents/UCL/Term3_Proj/Dataset/Macular-Dataset-R.Rasti_old/AMD/AMD (31).E2E,AMD (31).E2E,7,Spectralis,n/a,2,DRUSEN,True,OCT5k,3,NORMAL,0.9999945,0.0013945783,0.37649414,-3.505892,1,1.6995864,True,-4.0495777,False,-7.266301,False,-7.5514946,False,False,True
/Users/yuhaowang/Documents/UCL/Term3_Proj/Dataset/Macular-Dataset-R.Rasti_old/AMD/AMD (31).E2E,AMD (31).E2E,8,Spectralis,n/a,2,DRUSEN,True,OCT5k,1,DME,0.5575754,0.11430615,0.4089792,-3.01704,2,1.3434258,True,22.636778,True,5.519489,True,13.851919,True,True,True
/Users/yuhaowang/Documents/UCL/Term3_Proj/Dataset/Macular-Dataset-R.Rasti_old/AMD/AMD (31).E2E,AMD (31).E2E,9,Spectralis,n/a,2,DRUSEN,True,OCT5k,2,DRUSEN,0.8179579,0.093031526,0.32661575,-2.5518618,2,4.7972817,True,17.608574,True,5.519489,True,12.80327,True,True,True
/Users/yuhaowang/Documents/UCL/Term3_Proj/Dataset/Macular-Dataset-R.Rasti_old/AMD/AMD (31).E2E,AMD (31).E2E,10,Spectralis,n/a,2,DRUSEN,True,OCT5k,0,CNV,0.98755765,0.073277995,0.17621052,-2.5033045,2,9.90592,True,12.939878,True,5.519489,True,12.050499,True,True,True
/Users/yuhaowang/Documents/UCL/Term3_Proj/Dataset/Macular-Dataset-R.Rasti_old/AMD/AMD (31).E2E,AMD (31).E2E,11,Spectralis,n/a,2,DRUSEN,True,OCT5k,0,CNV,0.9779181,0.021197751,0.15093236,-3.1520123,3,9.781561,True,0.6308501,True,18.305277,True,10.098494,True,True,True
/Users/yuhaowang/Documents/UCL/Term3_Proj/Dataset/Macular-Dataset-R.Rasti_old/AMD/AMD (31).E2E,AMD (31).E2E,12,Spectralis,n/a,2,DRUSEN,True,OCT5k,2,DRUSEN,0.99947566,0.010452099,0.6157357,-4.2062006,1,-7.35883,False,-1.9088565,False,-7.266301,False,-10.428861,False,True,True
/Users/yuhaowang/Documents/UCL/Term3_Proj/Dataset/Macular-Dataset-R.Rasti_old/AMD/AMD (31).E2E,AMD (31).E2E,13,Spectralis,n/a,2,DRUSEN,True,OCT5k,2,DRUSEN,0.65017694,0.15165412,0.4054276,-2.8094559,1,1.7729764,True,31.46387,True,-7.266301,False,13.412331,True,True,True
/Users/yuhaowang/Documents/UCL/Term3_Proj/Dataset/Macular-Dataset-R.Rasti_old/AMD/AMD (31).E2E,AMD (31).E2E,14,Spectralis,n/a,2,DRUSEN,True,OCT5k,2,DRUSEN,0.99990964,0.0007815892,0.6306074,-3.5634084,1,-6.894888,False,-4.194456,False,-7.266301,False,-10.783521,False,False,True
/Users/yuhaowang/Documents/UCL/Term3_Proj/Dataset/Macular-Dataset-R.Rasti_old/AMD/AMD (32).E2E,AMD (32).E2E,6,Spectralis,n/a,2,DRUSEN,True,OCT5k,2,DRUSEN,0.9990753,0.07702309,0.537934,-1.7744709,1,-1.1149273,False,13.825024,True,-7.266301,False,3.6377196,True,True,True
/Users/yuhaowang/Documents/UCL/Term3_Proj/Dataset/Macular-Dataset-R.Rasti_old/AMD/AMD (32).E2E,AMD (32).E2E,7,Spectralis,n/a,2,DRUSEN,True,OCT5k,2,DRUSEN,0.9997117,0.0012678485,0.5934499,-2.8492675,1,-4.582098,False,-4.0795302,False,-7.266301,False,-9.030973,False,True,True
/Users/yuhaowang/Documents/UCL/Term3_Proj/Dataset/Macular-Dataset-R.Rasti_old/AMD/AMD (32).E2E,AMD (32).E2E,8,Spectralis,n/a,2,DRUSEN,True,OCT5k,0,CNV,0.9450119,0.13429627,0.35026002,-6.4243574,2,-1.7892747,False,27.361387,True,5.519489,True,11.307293,True,True,True
/Users/yuhaowang/Documents/UCL/Term3_Proj/Dataset/Macular-Dataset-R.Rasti_old/AMD/AMD (32).E2E,AMD (32).E2E,9,Spectralis,n/a,2,DRUSEN,True,OCT5k,2,DRUSEN,0.840318,0.105871916,0.4197123,-1.6109822,1,3.0881047,True,20.643368,True,-7.266301,False,9.20005,True,True,True
/Users/yuhaowang/Documents/UCL/Term3_Proj/Dataset/Macular-Dataset-R.Rasti_old/AMD/AMD (32).E2E,AMD (32).E2E,10,Spectralis,n/a,2,DRUSEN,True,OCT5k,3,NORMAL,0.48576704,0.26938498,0.24773,-1.3996546,2,9.162775,True,59.289257,True,5.519489,True,39.344162,True,True,True
/Users/yuhaowang/Documents/UCL/Term3_Proj/Dataset/Macular-Dataset-R.Rasti_old/AMD/AMD (32).E2E,AMD (32).E2E,11,Spectralis,n/a,2,DRUSEN,True,OCT5k,2,DRUSEN,0.99165535,0.03305193,0.5773659,-1.221549,1,-1.6078105,False,3.4325542,True,-7.266301,False,-1.756397,False,True,True
/Users/yuhaowang/Documents/UCL/Term3_Proj/Dataset/Macular-Dataset-R.Rasti_old/AMD/AMD (32).E2E,AMD (32).E2E,12,Spectralis,n/a,2,DRUSEN,True,OCT5k,2,DRUSEN,0.9455818,0.04092449,0.50295615,-1.5625101,1,0.3734088,True,5.2932134,True,-7.266301,False,-0.40291262,False,True,True
/Users/yuhaowang/Documents/UCL/Term3_Proj/Dataset/Macular-Dataset-R.Rasti_old/AMD/AMD (32).E2E,AMD (32).E2E,13,Spectralis,n/a,2,DRUSEN,True,OCT5k,2,DRUSEN,0.9917014,0.009893477,0.50794655,-1.5851986,1,0.17236519,True,-2.0408854,False,-7.266301,False,-4.6533036,False,True,True
/Users/yuhaowang/Documents/UCL/Term3_Proj/Dataset/Macular-Dataset-R.Rasti_old/AMD/AMD (32).E2E,AMD (32).E2E,14,Spectralis,n/a,2,DRUSEN,True,OCT5k,2,DRUSEN,0.8380981,0.09880984,0.37240618,-1.4500626,2,4.912847,True,18.974264,True,5.519489,True,14.942076,True,True,True
/Users/yuhaowang/Documents/UCL/Term3_Proj/Dataset/Macular-Dataset-R.Rasti_old/AMD/AMD (33).E2E,AMD (33).E2E,12,Spectralis,n/a,2,DRUSEN,True,OCT5k,2,DRUSEN,0.8907875,0.119793534,0.4008582,-1.1886754,1,4.351341,True,23.933706,True,-7.266301,False,12.022827,True,True,True
/Users/yuhaowang/Documents/UCL/Term3_Proj/Dataset/Macular-Dataset-R.Rasti_old/AMD/AMD (33).E2E,AMD (33).E2E,13,Spectralis,n/a,2,DRUSEN,True,OCT5k,2,DRUSEN,0.9954987,0.13528389,0.58246297,-0.846622,1,-1.2174258,False,27.594807,True,-7.266301,False,12.509895,True,True,True
/Users/yuhaowang/Documents/UCL/Term3_Proj/Dataset/Macular-Dataset-R.Rasti_old/AMD/AMD (33).E2E,AMD (33).E2E,14,Spectralis,n/a,2,DRUSEN,True,OCT5k,2,DRUSEN,0.99996877,0.00078412215,0.6259752,-1.191288,1,-3.1900995,False,-4.1938577,False,-7.266301,False,-6.603728,False,False,True
/Users/yuhaowang/Documents/UCL/Term3_Proj/Dataset/Macular-Dataset-R.Rasti_old/AMD/AMD (33).E2E,AMD (33).E2E,15,Spectralis,n/a,2,DRUSEN,True,OCT5k,2,DRUSEN,0.9999758,0.00046620448,0.66039324,-0.8061346,1,-3.7661583,False,-4.2689967,False,-7.266301,False,-6.389787,False,False,True
/Users/yuhaowang/Documents/UCL/Term3_Proj/Dataset/Macular-Dataset-R.Rasti_old/AMD/AMD (33).E2E,AMD (33).E2E,16,Spectralis,n/a,2,DRUSEN,True,OCT5k,2,DRUSEN,0.9999808,0.0006075611,0.7451671,-0.45480838,1,-6.078886,False,-4.235587,False,-7.266301,False,-6.77762,False,False,True
/Users/yuhaowang/Documents/UCL/Term3_Proj/Dataset/Macular-Dataset-R.Rasti_old/AMD/AMD (33).E2E,AMD (33).E2E,17,Spectralis,n/a,2,DRUSEN,True,OCT5k,2,DRUSEN,0.99923825,0.00088222977,0.6194855,-0.6059253,1,-2.0968585,False,-4.17067,False,-7.266301,False,-5.4950757,False,True,True
/Users/yuhaowang/Documents/UCL/Term3_Proj/Dataset/Macular-Dataset-R.Rasti_old/AMD/AMD (33).E2E,AMD (33).E2E,18,Spectralis,n/a,2,DRUSEN,True,OCT5k,2,DRUSEN,0.9995129,0.0020393068,0.6934063,-0.31599408,1,-4.138069,False,-3.897198,False,-7.266301,False,-5.723502,False,True,True
/Users/yuhaowang/Documents/UCL/Term3_Proj/Dataset/Macular-Dataset-R.Rasti_old/AMD/AMD (33).E2E,AMD (33).E2E,19,Spectralis,n/a,2,DRUSEN,True,OCT5k,2,DRUSEN,0.9997081,0.005544329,0.6359355,-0.82646155,1,-2.9776638,False,-3.0687952,False,-7.266301,False,-5.452261,False,True,True
/Users/yuhaowang/Documents/UCL/Term3_Proj/Dataset/Macular-Dataset-R.Rasti_old/AMD/AMD (33).E2E,AMD (33).E2E,20,Spectralis,n/a,2,DRUSEN,True,OCT5k,2,DRUSEN,0.98449755,0.099617556,0.57046086,-1.073916,2,-1.1556907,False,19.165165,True,5.519489,True,13.326862,True,True,True
/Users/yuhaowang/Documents/UCL/Term3_Proj/Dataset/Macular-Dataset-R.Rasti_old/AMD/AMD (34).E2E,AMD (34).E2E,12,Spectralis,n/a,2,DRUSEN,True,OCT5k,1,DME,0.8157427,0.31690538,0.24983391,-1.0906237,2,9.554771,True,70.52057,True,5.519489,True,46.213,True,True,True
/Users/yuhaowang/Documents/UCL/Term3_Proj/Dataset/Macular-Dataset-R.Rasti_old/AMD/AMD (34).E2E,AMD (34).E2E,13,Spectralis,n/a,2,DRUSEN,True,OCT5k,2,DRUSEN,0.96471554,0.038639367,0.40715307,-1.3570659,1,3.8885884,True,4.7531304,True,-7.266301,False,0.7984538,True,True,True
/Users/yuhaowang/Documents/UCL/Term3_Proj/Dataset/Macular-Dataset-R.Rasti_old/AMD/AMD (34).E2E,AMD (34).E2E,14,Spectralis,n/a,2,DRUSEN,True,OCT5k,2,DRUSEN,0.9971993,0.008600071,0.5332649,-0.9303451,1,0.30457497,True,-2.3465786,False,-7.266301,False,-3.9917688,False,True,True
/Users/yuhaowang/Documents/UCL/Term3_Proj/Dataset/Macular-Dataset-R.Rasti_old/AMD/AMD (34).E2E,AMD (34).E2E,15,Spectralis,n/a,2,DRUSEN,True,OCT5k,2,DRUSEN,0.9949185,0.029381871,0.4859488,-0.9261095,1,1.895184,True,2.5651455,True,-7.266301,False,-0.63648415,False,True,True
/Users/yuhaowang/Documents/UCL/Term3_Proj/Dataset/Macular-Dataset-R.Rasti_old/AMD/AMD (34).E2E,AMD (34).E2E,16,Spectralis,n/a,2,DRUSEN,True,OCT5k,2,DRUSEN,0.73239374,0.16804683,0.39568728,-0.9172452,2,4.93065,True,35.33825,True,5.519489,True,24.850828,True,True,True
/Users/yuhaowang/Documents/UCL/Term3_Proj/Dataset/Macular-Dataset-R.Rasti_old/AMD/AMD (34).E2E,AMD (34).E2E,17,Spectralis,n/a,2,DRUSEN,True,OCT5k,2,DRUSEN,0.99998844,5.343603e-05,0.7784953,-0.49820024,1,-7.259739,False,-4.3665533,False,-7.266301,False,-7.3272085,False,False,True
/Users/yuhaowang/Documents/UCL/Term3_Proj/Dataset/Macular-Dataset-R.Rasti_old/AMD/AMD (34).E2E,AMD (34).E2E,18,Spectralis,n/a,2,DRUSEN,True,OCT5k,3,NORMAL,0.6151708,0.26958543,0.3711474,-0.92367643,2,5.7426896,True,59.33663,True,5.519489,True,38.717117,True,True,True
/Users/yuhaowang/Documents/UCL/Term3_Proj/Dataset/Macular-Dataset-R.Rasti_old/AMD/AMD (34).E2E,AMD (34).E2E,19,Spectralis,n/a,2,DRUSEN,True,OCT5k,2,DRUSEN,0.9995315,0.0041312687,0.6947756,-0.77722967,1,-4.8741193,False,-3.4027681,False,-7.266301,False,-6.261937,False,True,True
/Users/yuhaowang/Documents/UCL/Term3_Proj/Dataset/Macular-Dataset-R.Rasti_old/AMD/AMD (34).E2E,AMD (34).E2E,20,Spectralis,n/a,2,DRUSEN,True,OCT5k,2,DRUSEN,0.9954594,0.042227514,0.5833465,-0.7492256,1,-1.1012635,False,5.6011796,True,-7.266301,False,0.22036552,True,True,True
/Users/yuhaowang/Documents/UCL/Term3_Proj/Dataset/Macular-Dataset-R.Rasti_old/AMD/AMD (35).E2E,AMD (35).E2E,12,Spectralis,n/a,2,DRUSEN,True,OCT5k,2,DRUSEN,0.99658823,0.013981588,0.6056152,-0.69125545,1,-1.7601328,False,-1.0746711,False,-7.266301,False,-3.7246246,False,True,True
/Users/yuhaowang/Documents/UCL/Term3_Proj/Dataset/Macular-Dataset-R.Rasti_old/AMD/AMD (35).E2E,AMD (35).E2E,13,Spectralis,n/a,2,DRUSEN,True,OCT5k,2,DRUSEN,0.99999726,6.569718e-05,0.6698726,-1.0835409,1,-4.498669,False,-4.3636556,False,-7.266301,False,-7.039403,False,False,True
/Users/yuhaowang/Documents/UCL/Term3_Proj/Dataset/Macular-Dataset-R.Rasti_old/AMD/AMD (35).E2E,AMD (35).E2E,14,Spectralis,n/a,2,DRUSEN,True,OCT5k,2,DRUSEN,0.99593806,0.011660479,0.56099963,-0.6287291,1,-0.17271566,False,-1.6232592,False,-7.266301,False,-3.390916,False,True,True
/Users/yuhaowang/Documents/UCL/Term3_Proj/Dataset/Macular-Dataset-R.Rasti_old/AMD/AMD (35).E2E,AMD (35).E2E,15,Spectralis,n/a,2,DRUSEN,True,OCT5k,2,DRUSEN,0.9970681,0.04318083,0.5544834,-0.75311214,1,-0.14066458,False,5.8264937,True,-7.266301,False,0.68756914,True,True,True
/Users/yuhaowang/Documents/UCL/Term3_Proj/Dataset/Macular-Dataset-R.Rasti_old/AMD/AMD (35).E2E,AMD (35).E2E,16,Spectralis,n/a,2,DRUSEN,True,OCT5k,2,DRUSEN,0.9993087,0.020082854,0.6435878,-0.3639686,1,-2.5418015,False,0.367347,True,-7.266301,False,-2.7952473,False,True,True
/Users/yuhaowang/Documents/UCL/Term3_Proj/Dataset/Macular-Dataset-R.Rasti_old/AMD/AMD (35).E2E,AMD (35).E2E,17,Spectralis,n/a,2,DRUSEN,True,OCT5k,2,DRUSEN,0.8891498,0.057328105,0.5565952,-0.58739895,1,0.03660345,True,9.170166,True,-7.266301,False,2.8428044,True,True,True
/Users/yuhaowang/Documents/UCL/Term3_Proj/Dataset/Macular-Dataset-R.Rasti_old/AMD/AMD (35).E2E,AMD (35).E2E,18,Spectralis,n/a,2,DRUSEN,True,OCT5k,2,DRUSEN,0.9912077,0.05338817,0.60972977,-0.26820272,1,-1.2648349,False,8.238972,True,-7.266301,False,2.2329116,True,True,True
/Users/yuhaowang/Documents/UCL/Term3_Proj/Dataset/Macular-Dataset-R.Rasti_old/AMD/AMD (35).E2E,AMD (35).E2E,19,Spectralis,n/a,2,DRUSEN,True,OCT5k,2,DRUSEN,0.94149643,0.104845226,0.43306318,-0.65985703,2,4.064365,True,20.400711,True,5.519489,True,16.395136,True,True,True
/Users/yuhaowang/Documents/UCL/Term3_Proj/Dataset/Macular-Dataset-R.Rasti_old/AMD/AMD (35).E2E,AMD (35).E2E,20,Spectralis,n/a,2,DRUSEN,True,OCT5k,2,DRUSEN,0.9996636,0.003564654,0.6176411,-1.2618564,1,-3.0166512,False,-3.5366862,False,-7.266301,False,-6.2544227,False,True,True
/Users/yuhaowang/Documents/UCL/Term3_Proj/Dataset/Macular-Dataset-R.Rasti_old/AMD/AMD (36).E2E,AMD (36).E2E,27,Spectralis,n/a,2,DRUSEN,True,OCT5k,2,DRUSEN,0.61410624,0.22200227,0.29327622,-1.2579296,2,7.8498454,True,48.090473,True,5.519489,True,32.705444,True,True,True
/Users/yuhaowang/Documents/UCL/Term3_Proj/Dataset/Macular-Dataset-R.Rasti_old/AMD/AMD (36).E2E,AMD (36).E2E,28,Spectralis,n/a,2,DRUSEN,True,OCT5k,0,CNV,0.9988206,0.050907843,0.5236678,-1.1231601,2,0.3373785,True,7.6527534,True,5.519489,True,7.286946,True,True,True
/Users/yuhaowang/Documents/UCL/Term3_Proj/Dataset/Macular-Dataset-R.Rasti_old/AMD/AMD (36).E2E,AMD (36).E2E,29,Spectralis,n/a,2,DRUSEN,True,OCT5k,0,CNV,0.99980074,0.019141618,0.60102314,-1.1190646,1,-2.2465603,False,0.1448884,True,-7.266301,False,-3.7229779,False,True,True
/Users/yuhaowang/Documents/UCL/Term3_Proj/Dataset/Macular-Dataset-R.Rasti_old/AMD/AMD (36).E2E,AMD (36).E2E,30,Spectralis,n/a,2,DRUSEN,True,OCT5k,0,CNV,0.99988425,0.0053868974,0.57426155,-1.229207,1,-1.5153289,False,-3.1060038,False,-7.266301,False,-5.43323,False,False,True
/Users/yuhaowang/Documents/UCL/Term3_Proj/Dataset/Macular-Dataset-R.Rasti_old/AMD/AMD (36).E2E,AMD (36).E2E,31,Spectralis,n/a,2,DRUSEN,True,OCT5k,2,DRUSEN,0.9746587,0.025052175,0.5639722,-0.69405067,1,-0.3699932,False,1.5418329,True,-7.266301,False,-1.7487333,False,True,True
/Users/yuhaowang/Documents/UCL/Term3_Proj/Dataset/Macular-Dataset-R.Rasti_old/AMD/AMD (36).E2E,AMD (36).E2E,32,Spectralis,n/a,2,DRUSEN,True,OCT5k,2,DRUSEN,0.9639052,0.043488353,0.43550676,-1.1843394,1,3.197701,True,5.899176,True,-7.266301,False,1.4070678,True,True,True
/Users/yuhaowang/Documents/UCL/Term3_Proj/Dataset/Macular-Dataset-R.Rasti_old/AMD/AMD (36).E2E,AMD (36).E2E,33,Spectralis,n/a,2,DRUSEN,True,OCT5k,2,DRUSEN,0.99637115,0.06474936,0.49439755,-1.2086581,1,1.1894851,True,10.924158,True,-7.266301,False,3.5020509,True,True,True
/Users/yuhaowang/Documents/UCL/Term3_Proj/Dataset/Macular-Dataset-R.Rasti_old/AMD/AMD (36).E2E,AMD (36).E2E,34,Spectralis,n/a,2,DRUSEN,True,OCT5k,2,DRUSEN,0.9692852,0.067099154,0.5004241,-0.93821716,2,1.3923945,True,11.479528,True,5.519489,True,10.053379,True,True,True
/Users/yuhaowang/Documents/UCL/Term3_Proj/Dataset/Macular-Dataset-R.Rasti_old/AMD/AMD (36).E2E,AMD (36).E2E,35,Spectralis,n/a,2,DRUSEN,True,OCT5k,2,DRUSEN,0.916206,0.08161026,0.400532,-1.2399242,2,4.2855725,True,14.909189,True,5.519489,True,12.669004,True,True,True
/Users/yuhaowang/Documents/UCL/Term3_Proj/Dataset/Macular-Dataset-R.Rasti_old/AMD/AMD (37).E2E,AMD (37).E2E,6,Spectralis,n/a,2,DRUSEN,True,OCT5k,2,DRUSEN,0.98125124,0.117267966,0.4172096,-11.525727,1,-11.664722,False,23.336792,True,-7.266301,False,-6.481917,False,True,True
/Users/yuhaowang/Documents/UCL/Term3_Proj/Dataset/Macular-Dataset-R.Rasti_old/AMD/AMD (37).E2E,AMD (37).E2E,7,Spectralis,n/a,2,DRUSEN,True,OCT5k,2,DRUSEN,0.9990446,0.0071832687,0.65118724,-6.207524,1,-11.540665,False,-2.681436,False,-7.266301,False,-14.770884,False,True,True
/Users/yuhaowang/Documents/UCL/Term3_Proj/Dataset/Macular-Dataset-R.Rasti_old/AMD/AMD (37).E2E,AMD (37).E2E,8,Spectralis,n/a,2,DRUSEN,True,OCT5k,2,DRUSEN,0.7881984,0.1499747,0.44363436,-3.5352345,2,-0.5923605,False,31.066946,True,5.519489,True,17.30652,True,True,True
/Users/yuhaowang/Documents/UCL/Term3_Proj/Dataset/Macular-Dataset-R.Rasti_old/AMD/AMD (37).E2E,AMD (37).E2E,9,Spectralis,n/a,2,DRUSEN,True,OCT5k,1,DME,0.91024995,0.18854323,0.33937645,-3.9315643,2,2.3054032,True,40.182518,True,5.519489,True,23.028236,True,True,True
/Users/yuhaowang/Documents/UCL/Term3_Proj/Dataset/Macular-Dataset-R.Rasti_old/AMD/AMD (37).E2E,AMD (37).E2E,10,Spectralis,n/a,2,DRUSEN,True,OCT5k,2,DRUSEN,0.9225362,0.19440883,0.41957107,-4.1491017,2,-0.7052579,False,41.568836,True,5.519489,True,22.472153,True,True,True
/Users/yuhaowang/Documents/UCL/Term3_Proj/Dataset/Macular-Dataset-R.Rasti_old/AMD/AMD (37).E2E,AMD (37).E2E,11,Spectralis,n/a,2,DRUSEN,True,OCT5k,0,CNV,0.9394626,0.1250807,0.1949768,-3.965575,3,7.0894017,True,25.183313,True,18.305277,True,22.052017,True,True,True
/Users/yuhaowang/Documents/UCL/Term3_Proj/Dataset/Macular-Dataset-R.Rasti_old/AMD/AMD (37).E2E,AMD (37).E2E,12,Spectralis,n/a,2,DRUSEN,True,OCT5k,0,CNV,0.998094,0.03837523,0.28451106,-3.4420536,2,4.8749604,True,4.6907024,True,5.519489,True,4.4496408,True,True,True
/Users/yuhaowang/Documents/UCL/Term3_Proj/Dataset/Macular-Dataset-R.Rasti_old/AMD/AMD (37).E2E,AMD (37).E2E,13,Spectralis,n/a,2,DRUSEN,True,OCT5k,2,DRUSEN,0.78971094,0.2043342,0.38147855,-3.4484894,2,1.6185927,True,43.91467,True,5.519489,True,25.475082,True,True,True
/Users/yuhaowang/Documents/UCL/Term3_Proj/Dataset/Macular-Dataset-R.Rasti_old/AMD/AMD (37).E2E,AMD (37).E2E,14,Spectralis,n/a,2,DRUSEN,True,OCT5k,1,DME,0.74717736,0.20159018,0.33153078,-3.5818682,2,3.0913901,True,43.26613,True,5.519489,True,25.475645,True,True,True
/Users/yuhaowang/Documents/UCL/Term3_Proj/Dataset/Macular-Dataset-R.Rasti_old/AMD/AMD (38).E2E,AMD (38).E2E,9,Spectralis,n/a,2,DRUSEN,True,OCT5k,3,NORMAL,0.69171613,0.1906169,0.2899578,-3.9354732,1,3.954224,True,40.672623,True,-7.266301,False,18.052818,True,True,True
/Users/yuhaowang/Documents/UCL/Term3_Proj/Dataset/Macular-Dataset-R.Rasti_old/AMD/AMD (38).E2E,AMD (38).E2E,10,Spectralis,n/a,2,DRUSEN,True,OCT5k,1,DME,0.8240322,0.1564681,0.42840424,-4.135551,1,-0.9807391,False,32.601643,True,-7.266301,False,11.475143,True,True,True
/Users/yuhaowang/Documents/UCL/Term3_Proj/Dataset/Macular-Dataset-R.Rasti_old/AMD/AMD (38).E2E,AMD (38).E2E,11,Spectralis,n/a,2,DRUSEN,True,OCT5k,0,CNV,0.99999595,0.019422278,0.5756475,-3.0529187,1,-4.2907724,False,0.2112217,True,-7.266301,False,-6.742801,False,False,True
/Users/yuhaowang/Documents/UCL/Term3_Proj/Dataset/Macular-Dataset-R.Rasti_old/AMD/AMD (38).E2E,AMD (38).E2E,12,Spectralis,n/a,2,DRUSEN,True,OCT5k,0,CNV,0.67621225,0.21785241,0.29030105,-3.0670016,1,5.242331,True,47.109665,True,-7.266301,False,23.201832,True,True,True
/Users/yuhaowang/Documents/UCL/Term3_Proj/Dataset/Macular-Dataset-R.Rasti_old/AMD/AMD (38).E2E,AMD (38).E2E,13,Spectralis,n/a,2,DRUSEN,True,OCT5k,0,CNV,0.999967,0.0010212413,0.46360114,-5.7261043,1,-4.5393643,False,-4.137815,False,-7.266301,False,-12.50672,False,False,True
/Users/yuhaowang/Documents/UCL/Term3_Proj/Dataset/Macular-Dataset-R.Rasti_old/AMD/AMD (38).E2E,AMD (38).E2E,14,Spectralis,n/a,2,DRUSEN,True,OCT5k,0,CNV,0.9999939,0.050847515,0.40926364,-5.430184,1,-2.2771745,False,7.638495,True,-7.266301,False,-4.6747665,False,False,True
/Users/yuhaowang/Documents/UCL/Term3_Proj/Dataset/Macular-Dataset-R.Rasti_old/AMD/AMD (38).E2E,AMD (38).E2E,15,Spectralis,n/a,2,DRUSEN,True,OCT5k,0,CNV,1.0,0.0002787024,0.5782732,-8.296691,1,-12.2255745,False,-4.313312,False,-7.266301,False,-18.451302,False,False,True
/Users/yuhaowang/Documents/UCL/Term3_Proj/Dataset/Macular-Dataset-R.Rasti_old/AMD/AMD (38).E2E,AMD (38).E2E,16,Spectralis,n/a,2,DRUSEN,True,OCT5k,0,CNV,0.9999999,0.00015014206,0.57768077,-8.39526,1,-12.35324,False,-4.343697,False,-7.266301,False,-18.63275,False,False,True
/Users/yuhaowang/Documents/UCL/Term3_Proj/Dataset/Macular-Dataset-R.Rasti_old/AMD/AMD (38).E2E,AMD (38).E2E,17,Spectralis,n/a,2,DRUSEN,True,OCT5k,0,CNV,0.9396034,0.17279568,0.22081274,-8.852671,3,-1.0888038,False,36.460625,True,18.305277,True,19.628738,True,True,True
/Users/yuhaowang/Documents/UCL/Term3_Proj/Dataset/Macular-Dataset-R.Rasti_old/AMD/AMD (39).E2E,AMD (39).E2E,9,Spectralis,n/a,2,DRUSEN,True,OCT5k,2,DRUSEN,0.842053,0.17819053,0.2359198,-1.7375636,2,9.052561,True,37.735683,True,5.519489,True,26.699299,True,True,True
/Users/yuhaowang/Documents/UCL/Term3_Proj/Dataset/Macular-Dataset-R.Rasti_old/AMD/AMD (39).E2E,AMD (39).E2E,10,Spectralis,n/a,2,DRUSEN,True,OCT5k,1,DME,0.6423628,0.118805885,0.3225529,-2.5687742,2,4.908008,True,23.700277,True,5.519489,True,16.270494,True,True,True
/Users/yuhaowang/Documents/UCL/Term3_Proj/Dataset/Macular-Dataset-R.Rasti_old/AMD/AMD (39).E2E,AMD (39).E2E,11,Spectralis,n/a,2,DRUSEN,True,OCT5k,1,DME,0.95941013,0.058368713,0.29471308,-2.357595,2,6.156175,True,9.416111,True,5.519489,True,8.887033,True,True,True
/Users/yuhaowang/Documents/UCL/Term3_Proj/Dataset/Macular-Dataset-R.Rasti_old/AMD/AMD (39).E2E,AMD (39).E2E,12,Spectralis,n/a,2,DRUSEN,True,OCT5k,1,DME,0.91344327,0.06826538,0.37250707,-4.9459224,1,-0.32180643,False,11.755161,True,-7.266301,False,-1.0617118,False,True,True
/Users/yuhaowang/Documents/UCL/Term3_Proj/Dataset/Macular-Dataset-R.Rasti_old/AMD/AMD (39).E2E,AMD (39).E2E,13,Spectralis,n/a,2,DRUSEN,True,OCT5k,0,CNV,0.68259346,0.2767114,0.09190462,-5.2695956,2,8.589176,True,61.02084,True,5.519489,True,35.466778,True,True,True
/Users/yuhaowang/Documents/UCL/Term3_Proj/Dataset/Macular-Dataset-R.Rasti_old/AMD/AMD (39).E2E,AMD (39).E2E,14,Spectralis,n/a,2,DRUSEN,True,OCT5k,1,DME,0.52997595,0.118509054,0.19703138,-3.7099757,2,7.403094,True,23.630123,True,5.519489,True,15.753437,True,True,True
/Users/yuhaowang/Documents/UCL/Term3_Proj/Dataset/Macular-Dataset-R.Rasti_old/AMD/AMD (39).E2E,AMD (39).E2E,15,Spectralis,n/a,2,DRUSEN,True,OCT5k,2,DRUSEN,0.74102473,0.17845964,0.39245433,-3.7748682,1,0.76269436,True,37.79929,True,-7.266301,False,15.475506,True,True,True
/Users/yuhaowang/Documents/UCL/Term3_Proj/Dataset/Macular-Dataset-R.Rasti_old/AMD/AMD (39).E2E,AMD (39).E2E,16,Spectralis,n/a,2,DRUSEN,True,OCT5k,3,NORMAL,0.9256929,0.08136079,0.30396977,-5.2817674,2,1.4704452,True,14.850227,True,5.519489,True,6.768023,True,True,True
/Users/yuhaowang/Documents/UCL/Term3_Proj/Dataset/Macular-Dataset-R.Rasti_old/AMD/AMD (39).E2E,AMD (39).E2E,17,Spectralis,n/a,2,DRUSEN,True,OCT5k,1,DME,0.79480433,0.31401485,0.20617424,-7.4301634,2,1.5300002,True,69.8374,True,5.519489,True,35.32928,True,True,True
/Users/yuhaowang/Documents/UCL/Term3_Proj/Dataset/Macular-Dataset-R.Rasti_old/AMD/AMD (4).E2E,AMD (4).E2E,12,Spectralis,n/a,2,DRUSEN,True,OCT5k,3,NORMAL,0.72177136,0.20893812,0.32400832,-3.9903553,2,2.7319942,True,45.002796,True,5.519489,True,25.838734,True,True,True
/Users/yuhaowang/Documents/UCL/Term3_Proj/Dataset/Macular-Dataset-R.Rasti_old/AMD/AMD (4).E2E,AMD (4).E2E,13,Spectralis,n/a,2,DRUSEN,True,OCT5k,0,CNV,0.77374226,0.11535156,0.25248134,-2.968269,3,6.656382,True,22.883856,True,18.305277,True,21.794117,True,True,True
/Users/yuhaowang/Documents/UCL/Term3_Proj/Dataset/Macular-Dataset-R.Rasti_old/AMD/AMD (4).E2E,AMD (4).E2E,14,Spectralis,n/a,2,DRUSEN,True,OCT5k,0,CNV,0.79979134,0.09089142,0.21525662,-2.909463,3,7.990766,True,17.102766,True,18.305277,True,19.071089,True,True,True
/Users/yuhaowang/Documents/UCL/Term3_Proj/Dataset/Macular-Dataset-R.Rasti_old/AMD/AMD (4).E2E,AMD (4).E2E,15,Spectralis,n/a,2,DRUSEN,True,OCT5k,0,CNV,0.9153561,0.1250495,0.23525257,-2.5159862,3,7.9100547,True,25.175938,True,18.305277,True,24.084492,True,True,True
/Users/yuhaowang/Documents/UCL/Term3_Proj/Dataset/Macular-Dataset-R.Rasti_old/AMD/AMD (4).E2E,AMD (4).E2E,16,Spectralis,n/a,2,DRUSEN,True,OCT5k,0,CNV,0.9997739,0.034343682,0.31856966,-3.377258,1,3.8315473,True,3.7378564,True,-7.266301,False,-2.2249863,False,True,True
/Users/yuhaowang/Documents/UCL/Term3_Proj/Dataset/Macular-Dataset-R.Rasti_old/AMD/AMD (4).E2E,AMD (4).E2E,17,Spectralis,n/a,2,DRUSEN,True,OCT5k,2,DRUSEN,0.69087803,0.05357498,0.2695751,-2.521935,2,6.751941,True,8.283125,True,5.519489,True,8.261795,True,True,True
/Users/yuhaowang/Documents/UCL/Term3_Proj/Dataset/Macular-Dataset-R.Rasti_old/AMD/AMD (4).E2E,AMD (4).E2E,18,Spectralis,n/a,2,DRUSEN,True,OCT5k,0,CNV,0.9795492,0.13547418,0.31848964,-3.1769023,2,4.134043,True,27.639784,True,5.519489,True,17.491787,True,True,True
/Users/yuhaowang/Documents/UCL/Term3_Proj/Dataset/Macular-Dataset-R.Rasti_old/AMD/AMD (4).E2E,AMD (4).E2E,19,Spectralis,n/a,2,DRUSEN,True,OCT5k,0,CNV,0.9999378,0.003925314,0.32215035,-5.6242633,1,0.34919214,True,-3.451445,False,-7.266301,False,-10.243406,False,False,True
/Users/yuhaowang/Documents/UCL/Term3_Proj/Dataset/Macular-Dataset-R.Rasti_old/AMD/AMD (4).E2E,AMD (4).E2E,20,Spectralis,n/a,2,DRUSEN,True,OCT5k,0,CNV,0.9999882,0.032489423,0.46285355,-3.3213065,1,-0.9157443,False,3.2996073,True,-7.266301,False,-4.1075525,False,False,True
/Users/yuhaowang/Documents/UCL/Term3_Proj/Dataset/Macular-Dataset-R.Rasti_old/AMD/AMD (40).E2E,AMD (40).E2E,6,Spectralis,n/a,2,DRUSEN,True,OCT5k,2,DRUSEN,0.9996247,0.015149251,0.59843814,-3.5341127,1,-5.773934,False,-0.79869723,False,-7.266301,False,-8.424498,False,True,True
/Users/yuhaowang/Documents/UCL/Term3_Proj/Dataset/Macular-Dataset-R.Rasti_old/AMD/AMD (40).E2E,AMD (40).E2E,7,Spectralis,n/a,2,DRUSEN,True,OCT5k,0,CNV,0.9818641,0.29858446,0.25187194,-4.498876,3,4.386355,True,66.19047,True,18.305277,True,43.65177,True,True,True
/Users/yuhaowang/Documents/UCL/Term3_Proj/Dataset/Macular-Dataset-R.Rasti_old/AMD/AMD (40).E2E,AMD (40).E2E,8,Spectralis,n/a,2,DRUSEN,True,OCT5k,0,CNV,0.91838306,0.16170305,0.23420586,-4.064297,3,5.628178,True,33.83891,True,18.305277,True,26.308548,True,True,True
/Users/yuhaowang/Documents/UCL/Term3_Proj/Dataset/Macular-Dataset-R.Rasti_old/AMD/AMD (40).E2E,AMD (40).E2E,9,Spectralis,n/a,2,DRUSEN,True,OCT5k,0,CNV,0.99472827,0.030689538,0.2782609,-4.0201726,2,4.2191234,True,2.874209,True,5.519489,True,2.4914951,True,True,True
/Users/yuhaowang/Documents/UCL/Term3_Proj/Dataset/Macular-Dataset-R.Rasti_old/AMD/AMD (40).E2E,AMD (40).E2E,10,Spectralis,n/a,2,DRUSEN,True,OCT5k,0,CNV,0.6835897,0.064388335,0.3658129,-3.390184,1,2.230372,True,10.838833,True,-7.266301,False,1.2046018,True,True,True
/Users/yuhaowang/Documents/UCL/Term3_Proj/Dataset/Macular-Dataset-R.Rasti_old/AMD/AMD (40).E2E,AMD (40).E2E,11,Spectralis,n/a,2,DRUSEN,True,OCT5k,0,CNV,0.999997,0.00738459,0.59638983,-4.826517,1,-7.639331,False,-2.6338544,False,-7.266301,False,-11.685403,False,False,True
/Users/yuhaowang/Documents/UCL/Term3_Proj/Dataset/Macular-Dataset-R.Rasti_old/AMD/AMD (40).E2E,AMD (40).E2E,12,Spectralis,n/a,2,DRUSEN,True,OCT5k,2,DRUSEN,0.99940073,0.0023631416,0.6765328,-4.4751854,1,-9.796997,False,-3.8206606,False,-7.266301,False,-12.708277,False,True,True
/Users/yuhaowang/Documents/UCL/Term3_Proj/Dataset/Macular-Dataset-R.Rasti_old/AMD/AMD (40).E2E,AMD (40).E2E,13,Spectralis,n/a,2,DRUSEN,True,OCT5k,0,CNV,0.89372504,0.06256038,0.21323305,-4.4107,3,5.812039,True,10.406799,True,18.305277,True,12.695652,True,True,True
/Users/yuhaowang/Documents/UCL/Term3_Proj/Dataset/Macular-Dataset-R.Rasti_old/AMD/AMD (40).E2E,AMD (40).E2E,14,Spectralis,n/a,2,DRUSEN,True,OCT5k,2,DRUSEN,0.5361062,0.2345196,0.33955064,-3.8110816,2,2.4798627,True,51.048912,True,5.519489,True,29.385908,True,True,True
/Users/yuhaowang/Documents/UCL/Term3_Proj/Dataset/Macular-Dataset-R.Rasti_old/AMD/AMD (41).E2E,AMD (41).E2E,12,Spectralis,n/a,2,DRUSEN,True,OCT5k,3,NORMAL,0.53797704,0.24877411,0.38336265,-2.8442712,1,2.4596725,True,54.417927,True,-7.266301,False,26.608479,True,True,True
/Users/yuhaowang/Documents/UCL/Term3_Proj/Dataset/Macular-Dataset-R.Rasti_old/AMD/AMD (41).E2E,AMD (41).E2E,13,Spectralis,n/a,2,DRUSEN,True,OCT5k,3,NORMAL,0.6943423,0.10889405,0.46313256,-1.2684005,1,2.1469235,True,21.357641,True,-7.266301,False,9.678734,True,True,True
/Users/yuhaowang/Documents/UCL/Term3_Proj/Dataset/Macular-Dataset-R.Rasti_old/AMD/AMD (41).E2E,AMD (41).E2E,14,Spectralis,n/a,2,DRUSEN,True,OCT5k,1,DME,0.99993813,0.054003395,0.5837886,-1.903046,1,-2.8426657,False,8.384378,True,-7.266301,False,-0.21554899,False,False,True
/Users/yuhaowang/Documents/UCL/Term3_Proj/Dataset/Macular-Dataset-R.Rasti_old/AMD/AMD (41).E2E,AMD (41).E2E,15,Spectralis,n/a,2,DRUSEN,True,OCT5k,3,NORMAL,0.99054635,0.06621939,0.3068478,-2.2053773,2,5.977652,True,11.271597,True,5.519489,True,10.056204,True,True,True
/Users/yuhaowang/Documents/UCL/Term3_Proj/Dataset/Macular-Dataset-R.Rasti_old/AMD/AMD (41).E2E,AMD (41).E2E,16,Spectralis,n/a,2,DRUSEN,True,OCT5k,3,NORMAL,0.9905467,0.06467178,0.21508321,-0.80293256,2,11.1488285,True,10.905823,True,5.519489,True,13.388702,True,True,True
/Users/yuhaowang/Documents/UCL/Term3_Proj/Dataset/Macular-Dataset-R.Rasti_old/AMD/AMD (41).E2E,AMD (41).E2E,17,Spectralis,n/a,2,DRUSEN,True,OCT5k,3,NORMAL,0.99807787,0.016848829,0.35148367,-1.0607847,1,6.195913,True,-0.3970065,False,-7.266301,False,-0.93323135,False,True,True
/Users/yuhaowang/Documents/UCL/Term3_Proj/Dataset/Macular-Dataset-R.Rasti_old/AMD/AMD (41).E2E,AMD (41).E2E,18,Spectralis,n/a,2,DRUSEN,True,OCT5k,3,NORMAL,0.9909099,0.029934153,0.24521105,-0.917966,2,9.967926,True,2.6956758,True,5.519489,True,8.18022,True,True,True
/Users/yuhaowang/Documents/UCL/Term3_Proj/Dataset/Macular-Dataset-R.Rasti_old/AMD/AMD (41).E2E,AMD (41).E2E,19,Spectralis,n/a,2,DRUSEN,True,OCT5k,0,CNV,0.903752,0.08916688,0.18024585,-1.1331946,3,11.821068,True,16.695175,True,18.305277,True,22.348602,True,True,True
/Users/yuhaowang/Documents/UCL/Term3_Proj/Dataset/Macular-Dataset-R.Rasti_old/AMD/AMD (41).E2E,AMD (41).E2E,20,Spectralis,n/a,2,DRUSEN,True,OCT5k,0,CNV,0.8483919,0.18493512,0.47077382,-1.8688346,2,0.99257135,True,39.32975,True,5.519489,True,24.554447,True,True,True
/Users/yuhaowang/Documents/UCL/Term3_Proj/Dataset/Macular-Dataset-R.Rasti_old/AMD/AMD (42).E2E,AMD (42).E2E,9,Spectralis,n/a,2,DRUSEN,True,OCT5k,1,DME,0.69532514,0.3369236,0.2913493,-0.6902743,1,8.763815,True,75.25182,True,-7.266301,False,43.249386,True,True,True
/Users/yuhaowang/Documents/UCL/Term3_Proj/Dataset/Macular-Dataset-R.Rasti_old/AMD/AMD (42).E2E,AMD (42).E2E,10,Spectralis,n/a,2,DRUSEN,True,OCT5k,0,CNV,1.0,9.754156e-06,0.8070714,-1.567239,1,-9.816275,False,-4.3768773,False,-7.266301,False,-9.534531,False,False,True
/Users/yuhaowang/Documents/UCL/Term3_Proj/Dataset/Macular-Dataset-R.Rasti_old/AMD/AMD (42).E2E,AMD (42).E2E,11,Spectralis,n/a,2,DRUSEN,True,OCT5k,0,CNV,1.0,1.417132e-08,0.73905134,-3.2157066,1,-10.005578,False,-4.3791795,False,-7.266301,False,-11.585219,False,False,True
/Users/yuhaowang/Documents/UCL/Term3_Proj/Dataset/Macular-Dataset-R.Rasti_old/AMD/AMD (42).E2E,AMD (42).E2E,12,Spectralis,n/a,2,DRUSEN,True,OCT5k,0,CNV,0.9999502,0.0071398206,0.53176856,-1.852106,1,-1.0246658,False,-2.691705,False,-7.266301,False,-5.7716002,False,False,True
/Users/yuhaowang/Documents/UCL/Term3_Proj/Dataset/Macular-Dataset-R.Rasti_old/AMD/AMD (42).E2E,AMD (42).E2E,13,Spectralis,n/a,2,DRUSEN,True,OCT5k,0,CNV,0.46928835,0.33012468,0.21277408,-0.7197814,2,11.350571,True,73.64492,True,5.519489,True,49.07088,True,True,True
/Users/yuhaowang/Documents/UCL/Term3_Proj/Dataset/Macular-Dataset-R.Rasti_old/AMD/AMD (42).E2E,AMD (42).E2E,14,Spectralis,n/a,2,DRUSEN,True,OCT5k,1,DME,0.77889454,0.29357654,0.36083403,-0.54365087,2,6.6566873,True,65.00687,True,5.519489,True,42.71088,True,True,True
/Users/yuhaowang/Documents/UCL/Term3_Proj/Dataset/Macular-Dataset-R.Rasti_old/AMD/AMD (42).E2E,AMD (42).E2E,15,Spectralis,n/a,2,DRUSEN,True,OCT5k,3,NORMAL,0.97929925,0.27073544,0.18240397,-0.69116557,1,12.410267,True,59.608433,True,-7.266301,False,35.701412,True,True,True
/Users/yuhaowang/Documents/UCL/Term3_Proj/Dataset/Macular-Dataset-R.Rasti_old/AMD/AMD (42).E2E,AMD (42).E2E,16,Spectralis,n/a,2,DRUSEN,True,OCT5k,1,DME,0.9153939,0.33950478,0.31658077,-0.7858472,1,7.7759786,True,75.86188,True,-7.266301,False,43.12568,True,True,True
/Users/yuhaowang/Documents/UCL/Term3_Proj/Dataset/Macular-Dataset-R.Rasti_old/AMD/AMD (42).E2E,AMD (42).E2E,17,Spectralis,n/a,2,DRUSEN,True,OCT5k,0,CNV,0.99249744,0.12887181,0.49153134,-1.4793617,1,0.8803673,True,26.079332,True,-7.266301,False,11.643568,True,True,True
/Users/yuhaowang/Documents/UCL/Term3_Proj/Dataset/Macular-Dataset-R.Rasti_old/AMD/AMD (43).E2E,AMD (43).E2E,9,Spectralis,n/a,2,DRUSEN,True,OCT5k,2,DRUSEN,0.960569,0.11932212,0.4602216,-3.258562,2,-0.73372793,False,23.822289,True,5.519489,True,13.487989,True,True,True
/Users/yuhaowang/Documents/UCL/Term3_Proj/Dataset/Macular-Dataset-R.Rasti_old/AMD/AMD (43).E2E,AMD (43).E2E,10,Spectralis,n/a,2,DRUSEN,True,OCT5k,2,DRUSEN,0.9546033,0.14151227,0.44111592,-3.503869,2,-0.46109962,False,29.066874,True,5.519489,True,16.259249,True,True,True
/Users/yuhaowang/Documents/UCL/Term3_Proj/Dataset/Macular-Dataset-R.Rasti_old/AMD/AMD (43).E2E,AMD (43).E2E,11,Spectralis,n/a,2,DRUSEN,True,OCT5k,2,DRUSEN,0.9999994,4.6853296e-05,0.75629306,-2.899648,1,-10.1099205,False,-4.368109,False,-7.266301,False,-11.236443,False,False,True
/Users/yuhaowang/Documents/UCL/Term3_Proj/Dataset/Macular-Dataset-R.Rasti_old/AMD/AMD (43).E2E,AMD (43).E2E,12,Spectralis,n/a,2,DRUSEN,True,OCT5k,2,DRUSEN,0.9851307,0.14998974,0.5083486,-2.551656,1,-1.287322,False,31.070498,True,-7.266301,False,12.4025345,True,True,True
/Users/yuhaowang/Documents/UCL/Term3_Proj/Dataset/Macular-Dataset-R.Rasti_old/AMD/AMD (43).E2E,AMD (43).E2E,13,Spectralis,n/a,2,DRUSEN,True,OCT5k,2,DRUSEN,0.9998561,0.009199349,0.5929428,-3.9413435,1,-6.1993227,False,-2.2049408,False,-7.266301,False,-9.862421,False,False,True
/Users/yuhaowang/Documents/UCL/Term3_Proj/Dataset/Macular-Dataset-R.Rasti_old/AMD/AMD (43).E2E,AMD (43).E2E,14,Spectralis,n/a,2,DRUSEN,True,OCT5k,2,DRUSEN,0.9998627,0.0039603235,0.7303586,-2.2134192,1,-8.214678,False,-3.4431708,False,-7.266301,False,-9.208665,False,False,True
/Users/yuhaowang/Documents/UCL/Term3_Proj/Dataset/Macular-Dataset-R.Rasti_old/AMD/AMD (43).E2E,AMD (43).E2E,15,Spectralis,n/a,2,DRUSEN,True,OCT5k,2,DRUSEN,0.99941015,0.057913836,0.6515304,-1.649893,1,-4.7320232,False,9.308601,True,-7.266301,False,-0.065428734,False,True,True
/Users/yuhaowang/Documents/UCL/Term3_Proj/Dataset/Macular-Dataset-R.Rasti_old/AMD/AMD (43).E2E,AMD (43).E2E,16,Spectralis,n/a,2,DRUSEN,True,OCT5k,2,DRUSEN,0.9873991,0.021899283,0.54922897,-2.0951922,1,-1.973047,False,0.7966552,True,-7.266301,False,-4.429381,False,True,True
/Users/yuhaowang/Documents/UCL/Term3_Proj/Dataset/Macular-Dataset-R.Rasti_old/AMD/AMD (43).E2E,AMD (43).E2E,17,Spectralis,n/a,2,DRUSEN,True,OCT5k,2,DRUSEN,0.9995946,0.0064167976,0.6375177,-2.6568425,1,-5.769659,False,-2.8625894,False,-7.266301,False,-8.536599,False,True,True
/Users/yuhaowang/Documents/UCL/Term3_Proj/Dataset/Macular-Dataset-R.Rasti_old/AMD/AMD (44).E2E,AMD (44).E2E,12,Spectralis,n/a,2,DRUSEN,True,OCT5k,1,DME,0.95383275,0.30829385,0.25740853,-3.9949286,1,4.955094,True,68.48527,True,-7.266301,False,34.081898,True,True,True
/Users/yuhaowang/Documents/UCL/Term3_Proj/Dataset/Macular-Dataset-R.Rasti_old/AMD/AMD (44).E2E,AMD (44).E2E,13,Spectralis,n/a,2,DRUSEN,True,OCT5k,0,CNV,0.99836296,0.12011627,0.5375118,-4.2255096,1,-4.768575,False,24.009983,True,-7.266301,False,5.1463532,True,True,True
/Users/yuhaowang/Documents/UCL/Term3_Proj/Dataset/Macular-Dataset-R.Rasti_old/AMD/AMD (44).E2E,AMD (44).E2E,14,Spectralis,n/a,2,DRUSEN,True,OCT5k,0,CNV,0.98459125,0.16690987,0.57423455,-4.183629,2,-5.935481,False,35.06953,True,5.519489,True,16.877192,True,True,True
/Users/yuhaowang/Documents/UCL/Term3_Proj/Dataset/Macular-Dataset-R.Rasti_old/AMD/AMD (44).E2E,AMD (44).E2E,15,Spectralis,n/a,2,DRUSEN,True,OCT5k,0,CNV,0.798725,0.08463973,0.15911414,-2.9525123,2,9.80615,True,15.625196,True,5.519489,True,12.994638,True,True,True
/Users/yuhaowang/Documents/UCL/Term3_Proj/Dataset/Macular-Dataset-R.Rasti_old/AMD/AMD (44).E2E,AMD (44).E2E,16,Spectralis,n/a,2,DRUSEN,True,OCT5k,2,DRUSEN,0.9999907,0.04782197,0.63848597,-4.434018,1,-8.461481,False,6.9234147,True,-7.266301,False,-6.0989723,False,False,True
/Users/yuhaowang/Documents/UCL/Term3_Proj/Dataset/Macular-Dataset-R.Rasti_old/AMD/AMD (44).E2E,AMD (44).E2E,17,Spectralis,n/a,2,DRUSEN,True,OCT5k,0,CNV,0.9805182,0.13717921,0.40690476,-2.9323058,2,1.5396819,True,28.042765,True,5.519489,True,17.08388,True,True,True
/Users/yuhaowang/Documents/UCL/Term3_Proj/Dataset/Macular-Dataset-R.Rasti_old/AMD/AMD (44).E2E,AMD (44).E2E,18,Spectralis,n/a,2,DRUSEN,True,OCT5k,0,CNV,0.96145374,0.080628574,0.33165237,-2.9564157,2,4.0232596,True,14.67717,True,5.519489,True,10.380358,True,True,True
/Users/yuhaowang/Documents/UCL/Term3_Proj/Dataset/Macular-Dataset-R.Rasti_old/AMD/AMD (44).E2E,AMD (44).E2E,19,Spectralis,n/a,2,DRUSEN,True,OCT5k,1,DME,0.9064163,0.28617308,0.26619318,-2.6022832,2,6.744942,True,63.257076,True,5.519489,True,39.277588,True,True,True
/Users/yuhaowang/Documents/UCL/Term3_Proj/Dataset/Macular-Dataset-R.Rasti_old/AMD/AMD (44).E2E,AMD (44).E2E,20,Spectralis,n/a,2,DRUSEN,True,OCT5k,0,CNV,0.9972338,0.06953821,0.42720005,-4.26734,2,-1.1376319,False,12.055992,True,5.519489,True,5.470963,True,True,True
/Users/yuhaowang/Documents/UCL/Term3_Proj/Dataset/Macular-Dataset-R.Rasti_old/AMD/AMD (45).E2E,AMD (45).E2E,6,Spectralis,n/a,2,DRUSEN,True,OCT5k,3,NORMAL,0.6432898,0.115309656,0.3873016,-2.9604719,1,2.153901,True,22.873953,True,-7.266301,False,8.505516,True,True,True
/Users/yuhaowang/Documents/UCL/Term3_Proj/Dataset/Macular-Dataset-R.Rasti_old/AMD/AMD (45).E2E,AMD (45).E2E,7,Spectralis,n/a,2,DRUSEN,True,OCT5k,3,NORMAL,0.8211418,0.08182466,0.3413638,-2.7739203,2,3.9711843,True,14.959862,True,5.519489,True,10.74106,True,True,True
/Users/yuhaowang/Documents/UCL/Term3_Proj/Dataset/Macular-Dataset-R.Rasti_old/AMD/AMD (45).E2E,AMD (45).E2E,8,Spectralis,n/a,2,DRUSEN,True,OCT5k,1,DME,0.7633339,0.064050615,0.4019415,-3.2174118,2,1.2792268,True,10.759012,True,5.519489,True,6.865318,True,True,True
/Users/yuhaowang/Documents/UCL/Term3_Proj/Dataset/Macular-Dataset-R.Rasti_old/AMD/AMD (45).E2E,AMD (45).E2E,9,Spectralis,n/a,2,DRUSEN,True,OCT5k,3,NORMAL,0.9578791,0.038112104,0.37346813,-3.1997187,3,2.2590694,True,4.628514,True,18.305277,True,9.607185,True,True,True
/Users/yuhaowang/Documents/UCL/Term3_Proj/Dataset/Macular-Dataset-R.Rasti_old/AMD/AMD (45).E2E,AMD (45).E2E,10,Spectralis,n/a,2,DRUSEN,True,OCT5k,2,DRUSEN,0.9484994,0.11260545,0.4667307,-3.6662333,1,-1.561719,False,22.234821,True,-7.266301,False,5.963469,True,True,True
/Users/yuhaowang/Documents/UCL/Term3_Proj/Dataset/Macular-Dataset-R.Rasti_old/AMD/AMD (45).E2E,AMD (45).E2E,11,Spectralis,n/a,2,DRUSEN,True,OCT5k,2,DRUSEN,0.9849842,0.03657998,0.45770925,-3.3144248,1,-0.733202,False,4.2664003,True,-7.266301,False,-3.4866457,False,True,True
/Users/yuhaowang/Documents/UCL/Term3_Proj/Dataset/Macular-Dataset-R.Rasti_old/AMD/AMD (45).E2E,AMD (45).E2E,12,Spectralis,n/a,2,DRUSEN,True,OCT5k,2,DRUSEN,0.98748606,0.017077133,0.5073063,-2.0759335,1,-0.5405421,False,-0.34304714,False,-7.266301,False,-4.5377803,False,True,True
/Users/yuhaowang/Documents/UCL/Term3_Proj/Dataset/Macular-Dataset-R.Rasti_old/AMD/AMD (45).E2E,AMD (45).E2E,13,Spectralis,n/a,2,DRUSEN,True,OCT5k,0,CNV,0.8322371,0.20810801,0.21628112,-4.771853,2,5.1695466,True,44.8066,True,5.519489,True,25.662092,True,True,True
/Users/yuhaowang/Documents/UCL/Term3_Proj/Dataset/Macular-Dataset-R.Rasti_old/AMD/AMD (45).E2E,AMD (45).E2E,14,Spectralis,n/a,2,DRUSEN,True,OCT5k,2,DRUSEN,0.5528694,0.14693755,0.28035012,-4.6076484,1,3.27006,True,30.349123,True,-7.266301,False,11.156551,True,True,True
/Users/yuhaowang/Documents/UCL/Term3_Proj/Dataset/Macular-Dataset-R.Rasti_old/AMD/AMD (46).E2E,AMD (46).E2E,12,Spectralis,n/a,2,DRUSEN,True,OCT5k,2,DRUSEN,0.99817383,0.061043173,0.4491477,-8.502623,1,-8.210262,False,10.048212,True,-7.266301,False,-9.130934,False,True,True
/Users/yuhaowang/Documents/UCL/Term3_Proj/Dataset/Macular-Dataset-R.Rasti_old/AMD/AMD (46).E2E,AMD (46).E2E,13,Spectralis,n/a,2,DRUSEN,True,OCT5k,2,DRUSEN,0.8381039,0.26658934,0.29057834,-6.628765,2,-0.096848965,False,58.628513,True,5.519489,True,29.365255,True,True,True
/Users/yuhaowang/Documents/UCL/Term3_Proj/Dataset/Macular-Dataset-R.Rasti_old/AMD/AMD (46).E2E,AMD (46).E2E,14,Spectralis,n/a,2,DRUSEN,True,OCT5k,2,DRUSEN,0.9995523,0.18514803,0.52531725,-10.18585,1,-13.279442,False,39.38007,True,-7.266301,False,3.630221,True,True,True
/Users/yuhaowang/Documents/UCL/Term3_Proj/Dataset/Macular-Dataset-R.Rasti_old/AMD/AMD (46).E2E,AMD (46).E2E,15,Spectralis,n/a,2,DRUSEN,True,OCT5k,2,DRUSEN,0.99427634,0.018571801,0.5594818,-8.043303,1,-11.217213,False,0.010213852,True,-7.266301,False,-15.338163,False,True,True
/Users/yuhaowang/Documents/UCL/Term3_Proj/Dataset/Macular-Dataset-R.Rasti_old/AMD/AMD (46).E2E,AMD (46).E2E,16,Spectralis,n/a,2,DRUSEN,True,OCT5k,2,DRUSEN,0.99995327,0.0413119,0.7027999,-8.995273,1,-17.440441,False,5.3847775,True,-7.266301,False,-15.671366,False,False,True
/Users/yuhaowang/Documents/UCL/Term3_Proj/Dataset/Macular-Dataset-R.Rasti_old/AMD/AMD (46).E2E,AMD (46).E2E,17,Spectralis,n/a,2,DRUSEN,True,OCT5k,2,DRUSEN,0.9978148,0.0013771243,0.6261668,-9.950001,1,-16.30323,False,-4.0537033,False,-7.266301,False,-21.753445,False,True,True
/Users/yuhaowang/Documents/UCL/Term3_Proj/Dataset/Macular-Dataset-R.Rasti_old/AMD/AMD (46).E2E,AMD (46).E2E,18,Spectralis,n/a,2,DRUSEN,True,OCT5k,2,DRUSEN,0.83145815,0.07966429,0.38799658,-6.466887,1,-3.1164393,False,14.449265,True,-7.266301,False,-2.3669317,False,True,True
/Users/yuhaowang/Documents/UCL/Term3_Proj/Dataset/Macular-Dataset-R.Rasti_old/AMD/AMD (46).E2E,AMD (46).E2E,19,Spectralis,n/a,2,DRUSEN,True,OCT5k,2,DRUSEN,0.9768017,0.020574883,0.45024702,-7.6157928,2,-6.9199996,False,0.48363662,True,5.519489,True,-7.176713,False,True,True
/Users/yuhaowang/Documents/UCL/Term3_Proj/Dataset/Macular-Dataset-R.Rasti_old/AMD/AMD (46).E2E,AMD (46).E2E,20,Spectralis,n/a,2,DRUSEN,True,OCT5k,2,DRUSEN,0.9949458,0.03826189,0.39909708,-8.596176,1,-6.6744266,False,4.663915,True,-7.266301,False,-11.740311,False,True,True
/Users/yuhaowang/Documents/UCL/Term3_Proj/Dataset/Macular-Dataset-R.Rasti_old/AMD/AMD (47).E2E,AMD (47).E2E,12,Spectralis,n/a,2,DRUSEN,True,OCT5k,2,DRUSEN,0.57223016,0.20560628,0.32284296,-3.4530244,2,3.575087,True,44.215324,True,5.519489,True,26.34115,True,True,True
/Users/yuhaowang/Documents/UCL/Term3_Proj/Dataset/Macular-Dataset-R.Rasti_old/AMD/AMD (47).E2E,AMD (47).E2E,13,Spectralis,n/a,2,DRUSEN,True,OCT5k,2,DRUSEN,0.99634343,0.051371053,0.4280366,-3.5913305,1,-0.15404749,False,7.7622313,True,-7.266301,False,-1.6332705,False,True,True
/Users/yuhaowang/Documents/UCL/Term3_Proj/Dataset/Macular-Dataset-R.Rasti_old/AMD/AMD (47).E2E,AMD (47).E2E,14,Spectralis,n/a,2,DRUSEN,True,OCT5k,0,CNV,0.9999596,0.0020651626,0.5739907,-3.892415,1,-5.491538,False,-3.891087,False,-7.266301,False,-10.504232,False,False,True
/Users/yuhaowang/Documents/UCL/Term3_Proj/Dataset/Macular-Dataset-R.Rasti_old/AMD/AMD (47).E2E,AMD (47).E2E,15,Spectralis,n/a,2,DRUSEN,True,OCT5k,2,DRUSEN,0.93647754,0.12776372,0.37941986,-3.4138982,2,1.739286,True,25.817438,True,5.519489,True,15.317017,True,True,True
/Users/yuhaowang/Documents/UCL/Term3_Proj/Dataset/Macular-Dataset-R.Rasti_old/AMD/AMD (47).E2E,AMD (47).E2E,16,Spectralis,n/a,2,DRUSEN,True,OCT5k,2,DRUSEN,0.99996257,0.0010288269,0.647399,-4.1713204,1,-8.366808,False,-4.1360226,False,-7.266301,False,-12.008826,False,False,True
/Users/yuhaowang/Documents/UCL/Term3_Proj/Dataset/Macular-Dataset-R.Rasti_old/AMD/AMD (47).E2E,AMD (47).E2E,17,Spectralis,n/a,2,DRUSEN,True,OCT5k,2,DRUSEN,0.99978906,5.8656326e-05,0.6381934,-3.0794268,1,-6.424648,False,-4.3653197,False,-7.266301,False,-10.129893,False,True,True
/Users/yuhaowang/Documents/UCL/Term3_Proj/Dataset/Macular-Dataset-R.Rasti_old/AMD/AMD (47).E2E,AMD (47).E2E,18,Spectralis,n/a,2,DRUSEN,True,OCT5k,2,DRUSEN,0.9999312,0.0028601838,0.68723893,-3.2226737,1,-8.281183,False,-3.7031858,False,-7.266301,False,-10.592837,False,False,True
/Users/yuhaowang/Documents/UCL/Term3_Proj/Dataset/Macular-Dataset-R.Rasti_old/AMD/AMD (47).E2E,AMD (47).E2E,19,Spectralis,n/a,2,DRUSEN,True,OCT5k,2,DRUSEN,0.5498036,0.27041864,0.18018955,-4.1473413,2,7.3125234,True,59.533558,True,5.519489,True,35.51634,True,True,True
/Users/yuhaowang/Documents/UCL/Term3_Proj/Dataset/Macular-Dataset-R.Rasti_old/AMD/AMD (47).E2E,AMD (47).E2E,20,Spectralis,n/a,2,DRUSEN,True,OCT5k,1,DME,0.84276587,0.2361669,0.2835068,-4.815701,1,2.8530316,True,51.438248,True,-7.266301,False,22.693268,True,True,True
/Users/yuhaowang/Documents/UCL/Term3_Proj/Dataset/Macular-Dataset-R.Rasti_old/AMD/AMD (48).E2E,AMD (48).E2E,6,Spectralis,n/a,2,DRUSEN,True,OCT5k,1,DME,0.9999999,1.391719e-05,0.7950952,-3.7407358,1,-12.667744,False,-4.3758936,False,-7.266301,False,-13.168781,False,False,True
/Users/yuhaowang/Documents/UCL/Term3_Proj/Dataset/Macular-Dataset-R.Rasti_old/AMD/AMD (48).E2E,AMD (48).E2E,7,Spectralis,n/a,2,DRUSEN,True,OCT5k,1,DME,0.9838757,0.03607343,0.44077438,-3.2609472,2,-0.08615112,False,4.1466784,True,5.519489,True,2.5809999,True,True,True
/Users/yuhaowang/Documents/UCL/Term3_Proj/Dataset/Macular-Dataset-R.Rasti_old/AMD/AMD (48).E2E,AMD (48).E2E,8,Spectralis,n/a,2,DRUSEN,True,OCT5k,1,DME,0.9836626,0.022803701,0.54428416,-4.12035,1,-4.8379683,False,1.0104122,True,-7.266301,False,-7.769717,False,True,True
/Users/yuhaowang/Documents/UCL/Term3_Proj/Dataset/Macular-Dataset-R.Rasti_old/AMD/AMD (48).E2E,AMD (48).E2E,9,Spectralis,n/a,2,DRUSEN,True,OCT5k,2,DRUSEN,0.9983518,0.020726025,0.57539135,-3.8395886,1,-5.459385,False,0.5193589,True,-7.266301,False,-7.9329243,False,True,True
/Users/yuhaowang/Documents/UCL/Term3_Proj/Dataset/Macular-Dataset-R.Rasti_old/AMD/AMD (48).E2E,AMD (48).E2E,10,Spectralis,n/a,2,DRUSEN,True,OCT5k,2,DRUSEN,0.6975601,0.22180781,0.54333144,-3.423474,1,-3.7632494,False,48.044514,True,-7.266301,False,20.074196,True,True,True
/Users/yuhaowang/Documents/UCL/Term3_Proj/Dataset/Macular-Dataset-R.Rasti_old/AMD/AMD (48).E2E,AMD (48).E2E,11,Spectralis,n/a,2,DRUSEN,True,OCT5k,2,DRUSEN,0.8877464,0.19804212,0.5413012,-3.5449197,1,-3.8770046,False,42.427555,True,-7.266301,False,16.708275,True,True,True
/Users/yuhaowang/Documents/UCL/Term3_Proj/Dataset/Macular-Dataset-R.Rasti_old/AMD/AMD (48).E2E,AMD (48).E2E,12,Spectralis,n/a,2,DRUSEN,True,OCT5k,3,NORMAL,0.62137425,0.13928902,0.47220463,-3.431927,1,-1.3943787,False,28.54141,True,-7.266301,False,9.87459,True,True,True
/Users/yuhaowang/Documents/UCL/Term3_Proj/Dataset/Macular-Dataset-R.Rasti_old/AMD/AMD (48).E2E,AMD (48).E2E,13,Spectralis,n/a,2,DRUSEN,True,OCT5k,3,NORMAL,0.7711824,0.18162113,0.30746847,-4.2519317,2,2.8943658,True,38.546497,True,5.519489,True,21.928293,True,True,True
/Users/yuhaowang/Documents/UCL/Term3_Proj/Dataset/Macular-Dataset-R.Rasti_old/AMD/AMD (48).E2E,AMD (48).E2E,14,Spectralis,n/a,2,DRUSEN,True,OCT5k,2,DRUSEN,0.97674996,0.08741264,0.47906765,-3.7097714,2,-2.0399446,False,16.280565,True,5.519489,True,8.208811,True,True,True
/Users/yuhaowang/Documents/UCL/Term3_Proj/Dataset/Macular-Dataset-R.Rasti_old/AMD/AMD (5).E2E,AMD (5).E2E,9,Spectralis,n/a,2,DRUSEN,True,OCT5k,1,DME,0.99777585,0.004031617,0.5273428,-2.100588,1,-1.2483134,False,-3.4263206,False,-7.266301,False,-6.566245,False,True,True
/Users/yuhaowang/Documents/UCL/Term3_Proj/Dataset/Macular-Dataset-R.Rasti_old/AMD/AMD (5).E2E,AMD (5).E2E,10,Spectralis,n/a,2,DRUSEN,True,OCT5k,3,NORMAL,0.3889941,0.1579336,0.20223223,-1.0917583,2,11.146908,True,32.94801,True,5.519489,True,25.51656,True,True,True
/Users/yuhaowang/Documents/UCL/Term3_Proj/Dataset/Macular-Dataset-R.Rasti_old/AMD/AMD (5).E2E,AMD (5).E2E,11,Spectralis,n/a,2,DRUSEN,True,OCT5k,3,NORMAL,0.8087135,0.110915124,0.31612977,-1.3253484,1,6.9837594,True,21.835316,True,-7.266301,False,11.614515,True,True,True
/Users/yuhaowang/Documents/UCL/Term3_Proj/Dataset/Macular-Dataset-R.Rasti_old/AMD/AMD (5).E2E,AMD (5).E2E,12,Spectralis,n/a,2,DRUSEN,True,OCT5k,1,DME,0.94039476,0.15298125,0.3121247,-0.9791726,2,7.635885,True,31.777536,True,5.519489,True,23.730806,True,True,True
/Users/yuhaowang/Documents/UCL/Term3_Proj/Dataset/Macular-Dataset-R.Rasti_old/AMD/AMD (5).E2E,AMD (5).E2E,13,Spectralis,n/a,2,DRUSEN,True,OCT5k,3,NORMAL,0.98216176,0.05702761,0.3545101,-1.4493134,2,5.5131783,True,9.099144,True,5.519489,True,9.568928,True,True,True
/Users/yuhaowang/Documents/UCL/Term3_Proj/Dataset/Macular-Dataset-R.Rasti_old/AMD/AMD (5).E2E,AMD (5).E2E,14,Spectralis,n/a,2,DRUSEN,True,OCT5k,0,CNV,0.99999726,0.006436743,0.62885284,-1.2856542,1,-3.4276624,False,-2.8578756,False,-7.266301,False,-6.046163,False,False,True
/Users/yuhaowang/Documents/UCL/Term3_Proj/Dataset/Macular-Dataset-R.Rasti_old/AMD/AMD (5).E2E,AMD (5).E2E,15,Spectralis,n/a,2,DRUSEN,True,OCT5k,0,CNV,0.9970265,0.032061156,0.44552568,-1.468085,2,2.4376373,True,3.1983876,True,5.519489,True,5.104078,True,True,True
/Users/yuhaowang/Documents/UCL/Term3_Proj/Dataset/Macular-Dataset-R.Rasti_old/AMD/AMD (5).E2E,AMD (5).E2E,16,Spectralis,n/a,2,DRUSEN,True,OCT5k,0,CNV,0.99996257,0.006985886,0.6802238,-1.5308163,1,-5.514569,False,-2.728087,False,-7.266301,False,-7.015498,False,False,True
/Users/yuhaowang/Documents/UCL/Term3_Proj/Dataset/Macular-Dataset-R.Rasti_old/AMD/AMD (5).E2E,AMD (5).E2E,17,Spectralis,n/a,2,DRUSEN,True,OCT5k,0,CNV,0.99656975,0.13831672,0.63904035,-1.7671742,1,-4.4893246,False,28.311611,True,-7.266301,False,10.636169,True,True,True
/Users/yuhaowang/Documents/UCL/Term3_Proj/Dataset/Macular-Dataset-R.Rasti_old/AMD/AMD (6).E2E,AMD (6).E2E,6,Spectralis,n/a,2,DRUSEN,True,OCT5k,3,NORMAL,0.9986206,0.017391495,0.37367567,-5.496412,1,-1.1846976,False,-0.26874852,False,-7.266301,False,-8.838198,False,True,True
/Users/yuhaowang/Documents/UCL/Term3_Proj/Dataset/Macular-Dataset-R.Rasti_old/AMD/AMD (6).E2E,AMD (6).E2E,7,Spectralis,n/a,2,DRUSEN,True,OCT5k,1,DME,0.84819156,0.06573275,0.4444262,-4.7898483,2,-2.4963021,False,11.15658,True,5.519489,True,3.8467793,True,True,True
/Users/yuhaowang/Documents/UCL/Term3_Proj/Dataset/Macular-Dataset-R.Rasti_old/AMD/AMD (6).E2E,AMD (6).E2E,8,Spectralis,n/a,2,DRUSEN,True,OCT5k,2,DRUSEN,0.9962542,0.06212663,0.42427644,-4.6367927,1,-1.592597,False,10.304283,True,-7.266301,False,-1.9668562,False,True,True
/Users/yuhaowang/Documents/UCL/Term3_Proj/Dataset/Macular-Dataset-R.Rasti_old/AMD/AMD (6).E2E,AMD (6).E2E,9,Spectralis,n/a,2,DRUSEN,True,OCT5k,2,DRUSEN,0.94485354,0.06187579,0.479663,-4.78437,1,-3.6679292,False,10.244999,True,-7.266301,False,-2.921756,False,True,True
/Users/yuhaowang/Documents/UCL/Term3_Proj/Dataset/Macular-Dataset-R.Rasti_old/AMD/AMD (6).E2E,AMD (6).E2E,10,Spectralis,n/a,2,DRUSEN,True,OCT5k,2,DRUSEN,0.999566,0.003155429,0.5954183,-4.462476,1,-7.062042,False,-3.6334054,False,-7.266301,False,-11.606606,False,True,True
/Users/yuhaowang/Documents/UCL/Term3_Proj/Dataset/Macular-Dataset-R.Rasti_old/AMD/AMD (6).E2E,AMD (6).E2E,11,Spectralis,n/a,2,DRUSEN,True,OCT5k,2,DRUSEN,0.9198846,0.11958116,0.4803888,-3.4815154,2,-1.7426119,False,23.883512,True,5.519489,True,12.892984,True,True,True
/Users/yuhaowang/Documents/UCL/Term3_Proj/Dataset/Macular-Dataset-R.Rasti_old/AMD/AMD (6).E2E,AMD (6).E2E,12,Spectralis,n/a,2,DRUSEN,True,OCT5k,2,DRUSEN,0.9437507,0.09089345,0.4462472,-3.887014,1,-1.2062535,False,17.103247,True,-7.266301,False,2.9210687,True,True,True
/Users/yuhaowang/Documents/UCL/Term3_Proj/Dataset/Macular-Dataset-R.Rasti_old/AMD/AMD (6).E2E,AMD (6).E2E,13,Spectralis,n/a,2,DRUSEN,True,OCT5k,2,DRUSEN,0.9944167,0.05052861,0.5689474,-6.0074906,1,-8.487715,False,7.5631213,True,-7.266301,False,-7.637686,False,True,True
/Users/yuhaowang/Documents/UCL/Term3_Proj/Dataset/Macular-Dataset-R.Rasti_old/AMD/AMD (6).E2E,AMD (6).E2E,14,Spectralis,n/a,2,DRUSEN,True,OCT5k,3,NORMAL,0.71506906,0.27201998,0.2532789,-6.7033963,2,1.0403571,True,59.912033,True,5.519489,True,30.409666,True,True,True
/Users/yuhaowang/Documents/UCL/Term3_Proj/Dataset/Macular-Dataset-R.Rasti_old/AMD/AMD (7).E2E,AMD (7).E2E,6,Spectralis,n/a,2,DRUSEN,True,OCT5k,3,NORMAL,0.9997774,0.0076811556,0.2909976,-3.2559762,1,4.9362245,True,-2.5637617,False,-7.266301,False,-5.2498765,False,True,True
/Users/yuhaowang/Documents/UCL/Term3_Proj/Dataset/Macular-Dataset-R.Rasti_old/AMD/AMD (7).E2E,AMD (7).E2E,7,Spectralis,n/a,2,DRUSEN,True,OCT5k,3,NORMAL,0.9999937,0.0014172466,0.4537157,-3.9026551,1,-1.4797263,False,-4.04422,False,-7.266301,False,-9.165087,False,False,True
/Users/yuhaowang/Documents/UCL/Term3_Proj/Dataset/Macular-Dataset-R.Rasti_old/AMD/AMD (7).E2E,AMD (7).E2E,8,Spectralis,n/a,2,DRUSEN,True,OCT5k,2,DRUSEN,0.86315393,0.17958838,0.42033917,-2.8538213,2,1.2073073,True,38.06606,True,5.519489,True,22.73219,True,True,True
/Users/yuhaowang/Documents/UCL/Term3_Proj/Dataset/Macular-Dataset-R.Rasti_old/AMD/AMD (7).E2E,AMD (7).E2E,9,Spectralis,n/a,2,DRUSEN,True,OCT5k,2,DRUSEN,0.8524434,0.08924407,0.41494432,-2.915508,1,1.2956314,True,16.713419,True,-7.266301,False,4.765078,True,True,True
/Users/yuhaowang/Documents/UCL/Term3_Proj/Dataset/Macular-Dataset-R.Rasti_old/AMD/AMD (7).E2E,AMD (7).E2E,10,Spectralis,n/a,2,DRUSEN,True,OCT5k,3,NORMAL,0.8348472,0.121411204,0.28091764,-3.001333,2,5.654781,True,24.316036,True,5.519489,True,16.366756,True,True,True
/Users/yuhaowang/Documents/UCL/Term3_Proj/Dataset/Macular-Dataset-R.Rasti_old/AMD/AMD (7).E2E,AMD (7).E2E,11,Spectralis,n/a,2,DRUSEN,True,OCT5k,2,DRUSEN,0.9635784,0.07487187,0.46325853,-3.567813,1,-1.298182,False,13.316587,True,-7.266301,False,1.1285844,True,True,True
/Users/yuhaowang/Documents/UCL/Term3_Proj/Dataset/Macular-Dataset-R.Rasti_old/AMD/AMD (7).E2E,AMD (7).E2E,12,Spectralis,n/a,2,DRUSEN,True,OCT5k,3,NORMAL,0.63250345,0.21510133,0.4497492,-4.2777333,1,-1.9081926,False,46.459454,True,-7.266301,False,18.815195,True,True,True
/Users/yuhaowang/Documents/UCL/Term3_Proj/Dataset/Macular-Dataset-R.Rasti_old/AMD/AMD (7).E2E,AMD (7).E2E,13,Spectralis,n/a,2,DRUSEN,True,OCT5k,2,DRUSEN,0.99998677,0.00025424839,0.7248378,-4.8953605,1,-12.043137,False,-4.319092,False,-7.266301,False,-14.300634,False,False,True
/Users/yuhaowang/Documents/UCL/Term3_Proj/Dataset/Macular-Dataset-R.Rasti_old/AMD/AMD (7).E2E,AMD (7).E2E,14,Spectralis,n/a,2,DRUSEN,True,OCT5k,2,DRUSEN,0.99899,0.0353149,0.5866397,-4.916473,1,-7.4474816,False,3.9674015,True,-7.266301,False,-7.988495,False,True,True
/Users/yuhaowang/Documents/UCL/Term3_Proj/Dataset/Macular-Dataset-R.Rasti_old/AMD/AMD (8).E2E,AMD (8).E2E,6,Spectralis,n/a,2,DRUSEN,True,OCT5k,3,NORMAL,0.9916795,0.11050078,0.45714316,-4.2375836,1,-2.0956802,False,21.737389,True,-7.266301,False,4.8037276,True,True,True
/Users/yuhaowang/Documents/UCL/Term3_Proj/Dataset/Macular-Dataset-R.Rasti_old/AMD/AMD (8).E2E,AMD (8).E2E,7,Spectralis,n/a,2,DRUSEN,True,OCT5k,1,DME,0.9802014,0.011629596,0.57074404,-4.1287637,1,-5.736507,False,-1.6305581,False,-7.266301,False,-9.596704,False,True,True
/Users/yuhaowang/Documents/UCL/Term3_Proj/Dataset/Macular-Dataset-R.Rasti_old/AMD/AMD (8).E2E,AMD (8).E2E,8,Spectralis,n/a,2,DRUSEN,True,OCT5k,2,DRUSEN,0.99888176,0.0931205,0.6305375,-3.253666,1,-6.4290423,False,17.629602,True,-7.266301,False,2.1080651,True,True,True
/Users/yuhaowang/Documents/UCL/Term3_Proj/Dataset/Macular-Dataset-R.Rasti_old/AMD/AMD (8).E2E,AMD (8).E2E,9,Spectralis,n/a,2,DRUSEN,True,OCT5k,3,NORMAL,0.9999974,0.0010744433,0.5631434,-3.6624122,1,-4.7841587,False,-4.1252413,False,-7.266301,False,-10.106712,False,False,True
/Users/yuhaowang/Documents/UCL/Term3_Proj/Dataset/Macular-Dataset-R.Rasti_old/AMD/AMD (8).E2E,AMD (8).E2E,10,Spectralis,n/a,2,DRUSEN,True,OCT5k,3,NORMAL,0.99999857,0.0013808478,0.5496108,-3.310204,1,-3.804,False,-4.052823,False,-7.266301,False,-9.290995,False,False,True
/Users/yuhaowang/Documents/UCL/Term3_Proj/Dataset/Macular-Dataset-R.Rasti_old/AMD/AMD (8).E2E,AMD (8).E2E,11,Spectralis,n/a,2,DRUSEN,True,OCT5k,3,NORMAL,0.99999964,5.5290075e-05,0.74911624,-3.3209708,1,-10.500097,False,-4.366115,False,-7.266301,False,-11.88163,False,False,True
/Users/yuhaowang/Documents/UCL/Term3_Proj/Dataset/Macular-Dataset-R.Rasti_old/AMD/AMD (8).E2E,AMD (8).E2E,12,Spectralis,n/a,2,DRUSEN,True,OCT5k,3,NORMAL,0.99999964,0.00014650333,0.62110996,-3.587392,1,-6.612777,False,-4.3445573,False,-7.266301,False,-10.796177,False,False,True
/Users/yuhaowang/Documents/UCL/Term3_Proj/Dataset/Macular-Dataset-R.Rasti_old/AMD/AMD (8).E2E,AMD (8).E2E,13,Spectralis,n/a,2,DRUSEN,True,OCT5k,3,NORMAL,1.0,6.4442196e-05,0.5676312,-4.048598,1,-5.5123196,False,-4.363952,False,-7.266301,False,-10.967058,False,False,True
/Users/yuhaowang/Documents/UCL/Term3_Proj/Dataset/Macular-Dataset-R.Rasti_old/AMD/AMD (8).E2E,AMD (8).E2E,14,Spectralis,n/a,2,DRUSEN,True,OCT5k,3,NORMAL,0.95898587,0.05145365,0.44023684,-4.076138,2,-1.2880206,False,7.781753,True,5.519489,True,3.227695,True,True,True
/Users/yuhaowang/Documents/UCL/Term3_Proj/Dataset/Macular-Dataset-R.Rasti_old/AMD/AMD (9).E2E,AMD (9).E2E,6,Spectralis,n/a,2,DRUSEN,True,OCT5k,3,NORMAL,0.99999607,0.008879054,0.36013108,-3.6998446,1,1.957232,True,-2.2806416,False,-7.266301,False,-6.6910686,False,False,True
/Users/yuhaowang/Documents/UCL/Term3_Proj/Dataset/Macular-Dataset-R.Rasti_old/AMD/AMD (9).E2E,AMD (9).E2E,7,Spectralis,n/a,2,DRUSEN,True,OCT5k,3,NORMAL,0.99999726,0.0019803355,0.45522398,-3.0542676,1,-0.26068306,False,-3.9111357,False,-7.266301,False,-7.632971,False,False,True
/Users/yuhaowang/Documents/UCL/Term3_Proj/Dataset/Macular-Dataset-R.Rasti_old/AMD/AMD (9).E2E,AMD (9).E2E,8,Spectralis,n/a,2,DRUSEN,True,OCT5k,0,CNV,0.7389393,0.20219865,0.30017507,-2.6142213,2,5.58927,True,43.40994,True,5.519489,True,27.615614,True,True,True
/Users/yuhaowang/Documents/UCL/Term3_Proj/Dataset/Macular-Dataset-R.Rasti_old/AMD/AMD (9).E2E,AMD (9).E2E,9,Spectralis,n/a,2,DRUSEN,True,OCT5k,0,CNV,0.9999163,0.03259661,0.326475,-2.1710777,1,5.3718076,True,3.3249407,True,-7.266301,False,-0.45667315,False,False,True
/Users/yuhaowang/Documents/UCL/Term3_Proj/Dataset/Macular-Dataset-R.Rasti_old/AMD/AMD (9).E2E,AMD (9).E2E,10,Spectralis,n/a,2,DRUSEN,True,OCT5k,0,CNV,0.99707115,0.031453546,0.42262948,-1.8699296,2,2.6029363,True,3.0547805,True,5.519489,True,4.5990195,True,True,True
/Users/yuhaowang/Documents/UCL/Term3_Proj/Dataset/Macular-Dataset-R.Rasti_old/AMD/AMD (9).E2E,AMD (9).E2E,11,Spectralis,n/a,2,DRUSEN,True,OCT5k,2,DRUSEN,0.98782814,0.141172,0.5731591,-1.9960229,1,-2.6258948,False,28.98645,True,-7.266301,False,11.411028,True,True,True
/Users/yuhaowang/Documents/UCL/Term3_Proj/Dataset/Macular-Dataset-R.Rasti_old/AMD/AMD (9).E2E,AMD (9).E2E,12,Spectralis,n/a,2,DRUSEN,True,OCT5k,0,CNV,0.99900395,0.020694982,0.24955356,-2.312507,1,7.7357078,True,0.5120218,True,-7.266301,False,-1.3713746,False,True,True
/Users/yuhaowang/Documents/UCL/Term3_Proj/Dataset/Macular-Dataset-R.Rasti_old/AMD/AMD (9).E2E,AMD (9).E2E,13,Spectralis,n/a,2,DRUSEN,True,OCT5k,0,CNV,0.9614637,0.1176258,0.05995064,-2.2350698,2,14.200008,True,23.421368,True,5.519489,True,19.844694,True,True,True
/Users/yuhaowang/Documents/UCL/Term3_Proj/Dataset/Macular-Dataset-R.Rasti_old/AMD/AMD (9).E2E,AMD (9).E2E,14,Spectralis,n/a,2,DRUSEN,True,OCT5k,0,CNV,0.9994942,0.016309474,0.44068125,-2.2577689,2,1.4181437,True,-0.52448153,False,5.519489,True,1.6822658,True,True,True
/Users/yuhaowang/Documents/UCL/Term3_Proj/Dataset/Macular-Dataset-R.Rasti_old/DME/DME (1).E2E,DME (1).E2E,6,Spectralis,n/a,1,DME,True,OCT5k,1,DME,0.99955434,0.0006599929,0.6557109,-7.8675847,1,-14.176277,False,-4.223195,False,-7.266301,False,-18.583767,False,True,True
/Users/yuhaowang/Documents/UCL/Term3_Proj/Dataset/Macular-Dataset-R.Rasti_old/DME/DME (1).E2E,DME (1).E2E,7,Spectralis,n/a,1,DME,True,OCT5k,1,DME,0.9999683,3.6677462e-05,0.7183975,-9.658174,1,-18.95467,False,-4.370514,False,-7.266301,False,-22.532438,False,False,True
/Users/yuhaowang/Documents/UCL/Term3_Proj/Dataset/Macular-Dataset-R.Rasti_old/DME/DME (1).E2E,DME (1).E2E,8,Spectralis,n/a,1,DME,True,OCT5k,1,DME,0.99999976,3.5337798e-06,0.7366579,-6.9658794,1,-15.537273,False,-4.3783474,False,-7.266301,False,-18.075577,False,False,True
/Users/yuhaowang/Documents/UCL/Term3_Proj/Dataset/Macular-Dataset-R.Rasti_old/DME/DME (1).E2E,DME (1).E2E,9,Spectralis,n/a,1,DME,True,OCT5k,1,DME,0.99999416,6.1758095e-05,0.6816105,-5.96754,1,-12.200201,False,-4.3645864,False,-7.266301,False,-15.671492,False,False,True
/Users/yuhaowang/Documents/UCL/Term3_Proj/Dataset/Macular-Dataset-R.Rasti_old/DME/DME (1).E2E,DME (1).E2E,10,Spectralis,n/a,1,DME,True,OCT5k,1,DME,0.99937564,0.0005667545,0.5893629,-5.210264,1,-7.978298,False,-4.2452316,False,-7.266301,False,-13.180222,False,True,True
/Users/yuhaowang/Documents/UCL/Term3_Proj/Dataset/Macular-Dataset-R.Rasti_old/DME/DME (1).E2E,DME (1).E2E,11,Spectralis,n/a,1,DME,True,OCT5k,1,DME,0.99999523,0.00015441445,0.66674936,-14.265091,1,-24.119232,False,-4.3426876,False,-7.266301,False,-29.905752,False,False,True
/Users/yuhaowang/Documents/UCL/Term3_Proj/Dataset/Macular-Dataset-R.Rasti_old/DME/DME (1).E2E,DME (1).E2E,12,Spectralis,n/a,1,DME,True,OCT5k,1,DME,0.9991968,0.014151841,0.4820483,-13.632584,1,-16.98844,False,-1.0344322,False,-7.266301,False,-24.716803,False,True,True
/Users/yuhaowang/Documents/UCL/Term3_Proj/Dataset/Macular-Dataset-R.Rasti_old/DME/DME (1).E2E,DME (1).E2E,13,Spectralis,n/a,1,DME,True,OCT5k,1,DME,0.9999877,0.00018530118,0.5763085,-7.8813167,1,-11.538218,False,-4.335387,False,-7.266301,False,-17.7181,False,False,True
/Users/yuhaowang/Documents/UCL/Term3_Proj/Dataset/Macular-Dataset-R.Rasti_old/DME/DME (1).E2E,DME (1).E2E,14,Spectralis,n/a,1,DME,True,OCT5k,1,DME,0.99996793,0.0003430692,0.61143816,-7.0547147,1,-11.4775095,False,-4.2980995,False,-7.266301,False,-16.681623,False,False,True
/Users/yuhaowang/Documents/UCL/Term3_Proj/Dataset/Macular-Dataset-R.Rasti_old/DME/DME (10).E2E,DME (10).E2E,27,Spectralis,n/a,1,DME,True,OCT5k,3,NORMAL,0.9552193,0.103990644,0.44176707,-2.4301822,2,1.123785,True,20.198734,True,5.519489,True,13.098696,True,True,True
/Users/yuhaowang/Documents/UCL/Term3_Proj/Dataset/Macular-Dataset-R.Rasti_old/DME/DME (10).E2E,DME (10).E2E,28,Spectralis,n/a,1,DME,True,OCT5k,1,DME,0.871275,0.109048575,0.3760715,-1.401148,1,4.863318,True,21.394161,True,-7.266301,False,10.513592,True,True,True
/Users/yuhaowang/Documents/UCL/Term3_Proj/Dataset/Macular-Dataset-R.Rasti_old/DME/DME (10).E2E,DME (10).E2E,29,Spectralis,n/a,1,DME,True,OCT5k,0,CNV,0.9805555,0.07064265,0.2322091,-1.2133448,2,9.961258,True,12.317024,True,5.519489,True,13.268389,True,True,True
/Users/yuhaowang/Documents/UCL/Term3_Proj/Dataset/Macular-Dataset-R.Rasti_old/DME/DME (10).E2E,DME (10).E2E,30,Spectralis,n/a,1,DME,True,OCT5k,0,CNV,0.98770916,0.06511204,0.17350087,-0.9961421,3,12.251995,True,11.009878,True,18.305277,True,19.449982,True,True,True
/Users/yuhaowang/Documents/UCL/Term3_Proj/Dataset/Macular-Dataset-R.Rasti_old/DME/DME (10).E2E,DME (10).E2E,31,Spectralis,n/a,1,DME,True,OCT5k,0,CNV,0.9998272,0.028033976,0.46892148,-1.38088,1,1.7847781,True,2.246574,True,-7.266301,False,-1.4030247,False,False,True
/Users/yuhaowang/Documents/UCL/Term3_Proj/Dataset/Macular-Dataset-R.Rasti_old/DME/DME (10).E2E,DME (10).E2E,32,Spectralis,n/a,1,DME,True,OCT5k,0,CNV,0.9935442,0.026761912,0.2995087,-1.6695393,1,7.0252233,True,1.9459248,True,-7.266301,False,-0.041611195,False,True,True
/Users/yuhaowang/Documents/UCL/Term3_Proj/Dataset/Macular-Dataset-R.Rasti_old/DME/DME (10).E2E,DME (10).E2E,33,Spectralis,n/a,1,DME,True,OCT5k,0,CNV,0.9702774,0.0843043,0.21254832,-1.362066,3,10.397005,True,15.545919,True,18.305277,True,20.912529,True,True,True
/Users/yuhaowang/Documents/UCL/Term3_Proj/Dataset/Macular-Dataset-R.Rasti_old/DME/DME (10).E2E,DME (10).E2E,34,Spectralis,n/a,1,DME,True,OCT5k,1,DME,0.66671157,0.06304777,0.4292236,-1.6525788,2,2.707396,True,10.521992,True,5.519489,True,9.124121,True,True,True
/Users/yuhaowang/Documents/UCL/Term3_Proj/Dataset/Macular-Dataset-R.Rasti_old/DME/DME (10).E2E,DME (10).E2E,35,Spectralis,n/a,1,DME,True,OCT5k,1,DME,0.9945956,0.012253776,0.5647073,-0.99416906,1,-0.84370995,False,-1.4830348,False,-7.266301,False,-3.9913578,False,True,True
/Users/yuhaowang/Documents/UCL/Term3_Proj/Dataset/Macular-Dataset-R.Rasti_old/DME/DME (11).E2E,DME (11).E2E,6,Spectralis,n/a,1,DME,True,OCT5k,1,DME,0.9999999,4.893496e-06,0.6918547,-7.5718465,1,-14.943922,False,-4.378026,False,-7.266301,False,-18.591091,False,False,True
/Users/yuhaowang/Documents/UCL/Term3_Proj/Dataset/Macular-Dataset-R.Rasti_old/DME/DME (11).E2E,DME (11).E2E,7,Spectralis,n/a,1,DME,True,OCT5k,1,DME,0.9999995,4.7444373e-06,0.6776028,-3.9660072,1,-9.070879,False,-4.3780613,False,-7.266301,False,-12.151415,False,False,True
/Users/yuhaowang/Documents/UCL/Term3_Proj/Dataset/Macular-Dataset-R.Rasti_old/DME/DME (11).E2E,DME (11).E2E,8,Spectralis,n/a,1,DME,True,OCT5k,1,DME,1.0,1.8499586e-06,0.7137463,-5.577499,1,-12.692531,False,-4.3787456,False,-7.266301,False,-15.387148,False,False,True
/Users/yuhaowang/Documents/UCL/Term3_Proj/Dataset/Macular-Dataset-R.Rasti_old/DME/DME (11).E2E,DME (11).E2E,9,Spectralis,n/a,1,DME,True,OCT5k,1,DME,0.99998236,2.5607907e-05,0.6768993,-3.5183413,1,-8.377427,False,-4.3731303,False,-7.266301,False,-11.361927,False,False,True
/Users/yuhaowang/Documents/UCL/Term3_Proj/Dataset/Macular-Dataset-R.Rasti_old/DME/DME (11).E2E,DME (11).E2E,10,Spectralis,n/a,1,DME,True,OCT5k,1,DME,0.99999595,0.00047759025,0.7092283,-3.446729,1,-9.352727,False,-4.2663054,False,-7.266301,False,-11.565002,False,False,True
/Users/yuhaowang/Documents/UCL/Term3_Proj/Dataset/Macular-Dataset-R.Rasti_old/DME/DME (11).E2E,DME (11).E2E,11,Spectralis,n/a,1,DME,True,OCT5k,1,DME,0.99997365,8.4429106e-05,0.67820466,-2.7337127,1,-7.2469997,False,-4.359228,False,-7.266301,False,-10.005674,False,False,True
/Users/yuhaowang/Documents/UCL/Term3_Proj/Dataset/Macular-Dataset-R.Rasti_old/DME/DME (11).E2E,DME (11).E2E,12,Spectralis,n/a,1,DME,True,OCT5k,1,DME,0.99999654,1.2079006e-05,0.73965,-2.994132,1,-9.694055,False,-4.376328,False,-7.266301,False,-11.205591,False,False,True
/Users/yuhaowang/Documents/UCL/Term3_Proj/Dataset/Macular-Dataset-R.Rasti_old/DME/DME (11).E2E,DME (11).E2E,13,Spectralis,n/a,1,DME,True,OCT5k,1,DME,0.9999876,2.2257242e-05,0.7503635,-2.809702,1,-9.776788,False,-4.3739223,False,-7.266301,False,-11.012194,False,False,True
/Users/yuhaowang/Documents/UCL/Term3_Proj/Dataset/Macular-Dataset-R.Rasti_old/DME/DME (11).E2E,DME (11).E2E,14,Spectralis,n/a,1,DME,True,OCT5k,1,DME,0.999985,5.0469534e-06,0.73538256,-2.5510285,1,-8.8881,False,-4.37799,False,-7.266301,False,-10.384991,False,False,True
/Users/yuhaowang/Documents/UCL/Term3_Proj/Dataset/Macular-Dataset-R.Rasti_old/DME/DME (12).E2E,DME (12).E2E,9,Spectralis,n/a,1,DME,True,OCT5k,1,DME,0.991559,0.007985786,0.55422926,-2.3857572,1,-2.5752778,False,-2.4917634,False,-7.266301,False,-6.855758,False,True,True
/Users/yuhaowang/Documents/UCL/Term3_Proj/Dataset/Macular-Dataset-R.Rasti_old/DME/DME (12).E2E,DME (12).E2E,10,Spectralis,n/a,1,DME,True,OCT5k,0,CNV,0.559891,0.06517202,0.36634052,-4.505834,2,0.54322433,True,11.024054,True,5.519489,True,5.2027555,True,True,True
/Users/yuhaowang/Documents/UCL/Term3_Proj/Dataset/Macular-Dataset-R.Rasti_old/DME/DME (12).E2E,DME (12).E2E,11,Spectralis,n/a,1,DME,True,OCT5k,1,DME,0.99997675,4.9834023e-05,0.6096528,-3.1557164,1,-5.5831923,False,-4.367405,False,-7.266301,False,-9.921138,False,False,True
/Users/yuhaowang/Documents/UCL/Term3_Proj/Dataset/Macular-Dataset-R.Rasti_old/DME/DME (12).E2E,DME (12).E2E,12,Spectralis,n/a,1,DME,True,OCT5k,1,DME,0.9998907,0.0003760357,0.6315101,-2.4539046,1,-5.2648277,False,-4.290308,False,-7.266301,False,-8.919769,False,False,True
/Users/yuhaowang/Documents/UCL/Term3_Proj/Dataset/Macular-Dataset-R.Rasti_old/DME/DME (12).E2E,DME (12).E2E,13,Spectralis,n/a,1,DME,True,OCT5k,1,DME,0.99996114,0.00062511186,0.6508221,-2.4765444,1,-5.945326,False,-4.231439,False,-7.266301,False,-9.157604,False,False,True
/Users/yuhaowang/Documents/UCL/Term3_Proj/Dataset/Macular-Dataset-R.Rasti_old/DME/DME (12).E2E,DME (12).E2E,14,Spectralis,n/a,1,DME,True,OCT5k,1,DME,0.9992994,0.0037530642,0.5788218,-2.1670253,1,-3.071388,False,-3.4921558,False,-7.266301,False,-7.336891,False,True,True
/Users/yuhaowang/Documents/UCL/Term3_Proj/Dataset/Macular-Dataset-R.Rasti_old/DME/DME (12).E2E,DME (12).E2E,15,Spectralis,n/a,1,DME,True,OCT5k,1,DME,0.9946516,0.012655266,0.5064513,-2.870622,1,-1.7011027,False,-1.3881439,False,-7.266301,False,-6.5005765,False,True,True
/Users/yuhaowang/Documents/UCL/Term3_Proj/Dataset/Macular-Dataset-R.Rasti_old/DME/DME (12).E2E,DME (12).E2E,16,Spectralis,n/a,1,DME,True,OCT5k,1,DME,0.996588,0.029858947,0.52283317,-2.833767,1,-2.1944618,False,2.6779008,True,-7.266301,False,-4.331777,False,True,True
/Users/yuhaowang/Documents/UCL/Term3_Proj/Dataset/Macular-Dataset-R.Rasti_old/DME/DME (12).E2E,DME (12).E2E,17,Spectralis,n/a,1,DME,True,OCT5k,1,DME,0.8592943,0.03654167,0.48100746,-2.0315077,1,0.40649414,True,4.2573457,True,-7.266301,False,-1.5411012,False,True,True
/Users/yuhaowang/Documents/UCL/Term3_Proj/Dataset/Macular-Dataset-R.Rasti_old/DME/DME (13).E2E,DME (13).E2E,6,Spectralis,n/a,1,DME,True,OCT5k,1,DME,0.9999999,2.9749703e-05,0.69532835,-5.8769636,1,-12.523972,False,-4.3721514,False,-7.266301,False,-15.6829605,False,False,True
/Users/yuhaowang/Documents/UCL/Term3_Proj/Dataset/Macular-Dataset-R.Rasti_old/DME/DME (13).E2E,DME (13).E2E,7,Spectralis,n/a,1,DME,True,OCT5k,1,DME,0.99999976,1.6964386e-06,0.7352446,-4.008789,1,-11.064901,False,-4.378782,False,-7.266301,False,-12.918052,False,False,True
/Users/yuhaowang/Documents/UCL/Term3_Proj/Dataset/Macular-Dataset-R.Rasti_old/DME/DME (13).E2E,DME (13).E2E,8,Spectralis,n/a,1,DME,True,OCT5k,1,DME,1.0,2.2316954e-08,0.7836803,-3.3781872,1,-11.743017,False,-4.3791776,False,-7.266301,False,-12.403353,False,False,True
/Users/yuhaowang/Documents/UCL/Term3_Proj/Dataset/Macular-Dataset-R.Rasti_old/DME/DME (13).E2E,DME (13).E2E,9,Spectralis,n/a,1,DME,True,OCT5k,1,DME,1.0,4.739759e-07,0.8085187,-3.098391,1,-12.155983,False,-4.3790708,False,-7.266301,False,-12.215002,False,False,True
/Users/yuhaowang/Documents/UCL/Term3_Proj/Dataset/Macular-Dataset-R.Rasti_old/DME/DME (13).E2E,DME (13).E2E,10,Spectralis,n/a,1,DME,True,OCT5k,1,DME,0.9999969,6.6327993e-06,0.7764119,-2.7302177,1,-10.530016,False,-4.377615,False,-7.266301,False,-11.188753,False,False,True
/Users/yuhaowang/Documents/UCL/Term3_Proj/Dataset/Macular-Dataset-R.Rasti_old/DME/DME (13).E2E,DME (13).E2E,11,Spectralis,n/a,1,DME,True,OCT5k,1,DME,0.9999889,3.989949e-05,0.71416515,-2.8410027,1,-8.611607,False,-4.369753,False,-7.266301,False,-10.629772,False,False,True
/Users/yuhaowang/Documents/UCL/Term3_Proj/Dataset/Macular-Dataset-R.Rasti_old/DME/DME (13).E2E,DME (13).E2E,12,Spectralis,n/a,1,DME,True,OCT5k,1,DME,1.0,2.3046982e-07,0.8082275,-2.9010968,1,-11.850996,False,-4.3791285,False,-7.266301,False,-11.868549,False,False,True
/Users/yuhaowang/Documents/UCL/Term3_Proj/Dataset/Macular-Dataset-R.Rasti_old/DME/DME (13).E2E,DME (13).E2E,13,Spectralis,n/a,1,DME,True,OCT5k,1,DME,1.0,9.821788e-07,0.7506921,-3.2250795,1,-10.4093685,False,-4.3789506,False,-7.266301,False,-11.741105,False,False,True
/Users/yuhaowang/Documents/UCL/Term3_Proj/Dataset/Macular-Dataset-R.Rasti_old/DME/DME (13).E2E,DME (13).E2E,14,Spectralis,n/a,1,DME,True,OCT5k,1,DME,0.9999999,1.8709216e-07,0.7584619,-2.5738883,1,-9.695066,False,-4.3791385,False,-7.266301,False,-10.7023945,False,False,True
/Users/yuhaowang/Documents/UCL/Term3_Proj/Dataset/Macular-Dataset-R.Rasti_old/DME/DME (14).E2E,DME (14).E2E,6,Spectralis,n/a,1,DME,True,OCT5k,1,DME,0.99979836,0.0024676155,0.64472556,-4.466066,1,-8.718356,False,-3.7959683,False,-7.266301,False,-12.296675,False,True,True
/Users/yuhaowang/Documents/UCL/Term3_Proj/Dataset/Macular-Dataset-R.Rasti_old/DME/DME (14).E2E,DME (14).E2E,7,Spectralis,n/a,1,DME,True,OCT5k,1,DME,0.999977,0.00044976093,0.6478713,-4.460693,1,-8.815645,False,-4.272883,False,-7.266301,False,-12.595022,False,False,True
/Users/yuhaowang/Documents/UCL/Term3_Proj/Dataset/Macular-Dataset-R.Rasti_old/DME/DME (14).E2E,DME (14).E2E,8,Spectralis,n/a,1,DME,True,OCT5k,1,DME,1.0,3.4025362e-08,0.77149665,-4.111079,1,-12.431789,False,-4.3791747,False,-7.266301,False,-13.531223,False,False,True
/Users/yuhaowang/Documents/UCL/Term3_Proj/Dataset/Macular-Dataset-R.Rasti_old/DME/DME (14).E2E,DME (14).E2E,9,Spectralis,n/a,1,DME,True,OCT5k,1,DME,1.0,4.0535184e-08,0.80475473,-3.5498102,1,-12.705465,False,-4.3791733,False,-7.266301,False,-12.95466,False,False,True
/Users/yuhaowang/Documents/UCL/Term3_Proj/Dataset/Macular-Dataset-R.Rasti_old/DME/DME (14).E2E,DME (14).E2E,10,Spectralis,n/a,1,DME,True,OCT5k,1,DME,1.0,7.964154e-06,0.77683765,-2.946264,1,-10.867567,False,-4.3773003,False,-7.266301,False,-11.569275,False,False,True
/Users/yuhaowang/Documents/UCL/Term3_Proj/Dataset/Macular-Dataset-R.Rasti_old/DME/DME (14).E2E,DME (14).E2E,11,Spectralis,n/a,1,DME,True,OCT5k,1,DME,0.99999607,2.7570743e-05,0.7704802,-2.3734498,1,-9.797533,False,-4.3726664,False,-7.266301,False,-10.494527,False,False,True
/Users/yuhaowang/Documents/UCL/Term3_Proj/Dataset/Macular-Dataset-R.Rasti_old/DME/DME (14).E2E,DME (14).E2E,12,Spectralis,n/a,1,DME,True,OCT5k,1,DME,0.9999496,0.0001519639,0.7819771,-2.7855031,1,-10.799086,False,-4.3432665,False,-7.266301,False,-11.332222,False,False,True
/Users/yuhaowang/Documents/UCL/Term3_Proj/Dataset/Macular-Dataset-R.Rasti_old/DME/DME (14).E2E,DME (14).E2E,13,Spectralis,n/a,1,DME,True,OCT5k,1,DME,0.99999857,4.046058e-06,0.786218,-3.5144978,1,-12.031963,False,-4.3782263,False,-7.266301,False,-12.670244,False,False,True
/Users/yuhaowang/Documents/UCL/Term3_Proj/Dataset/Macular-Dataset-R.Rasti_old/DME/DME (14).E2E,DME (14).E2E,14,Spectralis,n/a,1,DME,True,OCT5k,1,DME,1.0,1.3871897e-08,0.84190285,-3.3805757,1,-13.696041,False,-4.3791795,False,-7.266301,False,-13.106331,False,False,True
/Users/yuhaowang/Documents/UCL/Term3_Proj/Dataset/Macular-Dataset-R.Rasti_old/DME/DME (15).E2E,DME (15).E2E,6,Spectralis,n/a,1,DME,True,OCT5k,3,NORMAL,0.98619044,0.093355924,0.43368304,-3.2754242,2,0.12962198,True,17.685246,True,5.519489,True,10.303682,True,True,True
/Users/yuhaowang/Documents/UCL/Term3_Proj/Dataset/Macular-Dataset-R.Rasti_old/DME/DME (15).E2E,DME (15).E2E,7,Spectralis,n/a,1,DME,True,OCT5k,1,DME,0.5232612,0.1398192,0.5059021,-3.6369739,1,-2.8294988,False,28.666718,True,-7.266301,False,9.184586,True,True,True
/Users/yuhaowang/Documents/UCL/Term3_Proj/Dataset/Macular-Dataset-R.Rasti_old/DME/DME (15).E2E,DME (15).E2E,8,Spectralis,n/a,1,DME,True,OCT5k,1,DME,0.9999865,0.00010382419,0.7593599,-3.470491,1,-11.066828,False,-4.3546443,False,-7.266301,False,-12.258024,False,False,True
/Users/yuhaowang/Documents/UCL/Term3_Proj/Dataset/Macular-Dataset-R.Rasti_old/DME/DME (15).E2E,DME (15).E2E,9,Spectralis,n/a,1,DME,True,OCT5k,1,DME,0.8947071,0.07237744,0.6123954,-4.006001,1,-6.9474044,False,12.727037,True,-7.266301,False,-1.756912,False,True,True
/Users/yuhaowang/Documents/UCL/Term3_Proj/Dataset/Macular-Dataset-R.Rasti_old/DME/DME (15).E2E,DME (15).E2E,10,Spectralis,n/a,1,DME,True,OCT5k,3,NORMAL,0.87813556,0.093770385,0.5653174,-4.592792,1,-6.24919,False,17.783203,True,-7.266301,False,0.6497879,True,True,True
/Users/yuhaowang/Documents/UCL/Term3_Proj/Dataset/Macular-Dataset-R.Rasti_old/DME/DME (15).E2E,DME (15).E2E,11,Spectralis,n/a,1,DME,True,OCT5k,1,DME,0.9721128,0.10537164,0.6343315,-4.6998973,1,-8.720246,False,20.525127,True,-7.266301,False,1.1871467,True,True,True
/Users/yuhaowang/Documents/UCL/Term3_Proj/Dataset/Macular-Dataset-R.Rasti_old/DME/DME (15).E2E,DME (15).E2E,12,Spectralis,n/a,1,DME,True,OCT5k,1,DME,0.94497263,0.02118498,0.63207746,-3.789182,1,-7.2819614,False,0.62783194,True,-7.266301,False,-8.464283,False,True,True
/Users/yuhaowang/Documents/UCL/Term3_Proj/Dataset/Macular-Dataset-R.Rasti_old/DME/DME (15).E2E,DME (15).E2E,13,Spectralis,n/a,1,DME,True,OCT5k,1,DME,0.99972874,0.0012260657,0.68561864,-5.844323,1,-12.150021,False,-4.089405,False,-7.266301,False,-15.34964,False,True,True
/Users/yuhaowang/Documents/UCL/Term3_Proj/Dataset/Macular-Dataset-R.Rasti_old/DME/DME (15).E2E,DME (15).E2E,14,Spectralis,n/a,1,DME,True,OCT5k,1,DME,0.99993515,0.00021224131,0.6720788,-6.489032,1,-12.661425,False,-4.32902,False,-7.266301,False,-16.443552,False,False,True
/Users/yuhaowang/Documents/UCL/Term3_Proj/Dataset/Macular-Dataset-R.Rasti_old/DME/DME (16).E2E,DME (16).E2E,9,Spectralis,n/a,1,DME,True,OCT5k,1,DME,1.0,3.5635617e-07,0.7619051,-3.90737,1,-11.805802,False,-4.3790984,False,-7.266301,False,-13.061914,False,False,True
/Users/yuhaowang/Documents/UCL/Term3_Proj/Dataset/Macular-Dataset-R.Rasti_old/DME/DME (16).E2E,DME (16).E2E,10,Spectralis,n/a,1,DME,True,OCT5k,1,DME,1.0,3.9665374e-06,0.766005,-3.152933,1,-10.814124,False,-4.3782454,False,-7.266301,False,-11.799076,False,False,True
/Users/yuhaowang/Documents/UCL/Term3_Proj/Dataset/Macular-Dataset-R.Rasti_old/DME/DME (16).E2E,DME (16).E2E,11,Spectralis,n/a,1,DME,True,OCT5k,1,DME,1.0,2.6802127e-08,0.6766219,-4.795279,1,-10.278975,False,-4.3791766,False,-7.266301,False,-13.581936,False,False,True
/Users/yuhaowang/Documents/UCL/Term3_Proj/Dataset/Macular-Dataset-R.Rasti_old/DME/DME (16).E2E,DME (16).E2E,12,Spectralis,n/a,1,DME,True,OCT5k,1,DME,1.0,1.0832618e-06,0.69631994,-3.3546743,1,-8.782768,False,-4.3789268,False,-7.266301,False,-11.313778,False,False,True
/Users/yuhaowang/Documents/UCL/Term3_Proj/Dataset/Macular-Dataset-R.Rasti_old/DME/DME (16).E2E,DME (16).E2E,13,Spectralis,n/a,1,DME,True,OCT5k,1,DME,1.0,4.595363e-07,0.76352984,-4.2688065,1,-12.401065,False,-4.379074,False,-7.266301,False,-13.709747,False,False,True
/Users/yuhaowang/Documents/UCL/Term3_Proj/Dataset/Macular-Dataset-R.Rasti_old/DME/DME (16).E2E,DME (16).E2E,14,Spectralis,n/a,1,DME,True,OCT5k,1,DME,0.9999411,0.00036570104,0.6425799,-2.3864808,1,-5.534581,False,-4.2927504,False,-7.266301,False,-8.936806,False,False,True
/Users/yuhaowang/Documents/UCL/Term3_Proj/Dataset/Macular-Dataset-R.Rasti_old/DME/DME (16).E2E,DME (16).E2E,15,Spectralis,n/a,1,DME,True,OCT5k,1,DME,0.9999634,0.0013184517,0.6779501,-4.0445867,1,-9.200094,False,-4.06757,False,-7.266301,False,-12.116455,False,False,True
/Users/yuhaowang/Documents/UCL/Term3_Proj/Dataset/Macular-Dataset-R.Rasti_old/DME/DME (16).E2E,DME (16).E2E,16,Spectralis,n/a,1,DME,True,OCT5k,1,DME,0.99998856,0.000121024845,0.70048594,-3.817097,1,-9.614237,False,-4.350579,False,-7.266301,False,-12.151642,False,False,True
/Users/yuhaowang/Documents/UCL/Term3_Proj/Dataset/Macular-Dataset-R.Rasti_old/DME/DME (16).E2E,DME (16).E2E,17,Spectralis,n/a,1,DME,True,OCT5k,1,DME,0.9999999,1.6221493e-06,0.7040233,-5.517465,1,-12.277142,False,-4.3787994,False,-7.266301,False,-15.166109,False,False,True
/Users/yuhaowang/Documents/UCL/Term3_Proj/Dataset/Macular-Dataset-R.Rasti_old/DME/DME (17).E2E,DME (17).E2E,6,Spectralis,n/a,1,DME,True,OCT5k,1,DME,0.9999999,3.0716437e-06,0.79232365,-4.0553966,1,-13.045809,False,-4.378457,False,-7.266301,False,-13.683994,False,False,True
/Users/yuhaowang/Documents/UCL/Term3_Proj/Dataset/Macular-Dataset-R.Rasti_old/DME/DME (17).E2E,DME (17).E2E,7,Spectralis,n/a,1,DME,True,OCT5k,1,DME,0.99999976,5.972979e-07,0.82932496,-2.8129303,1,-12.425463,False,-4.3790417,False,-7.266301,False,-11.968452,False,False,True
/Users/yuhaowang/Documents/UCL/Term3_Proj/Dataset/Macular-Dataset-R.Rasti_old/DME/DME (17).E2E,DME (17).E2E,8,Spectralis,n/a,1,DME,True,OCT5k,1,DME,0.9989794,0.0018154755,0.6146282,-3.056926,1,-5.6019497,False,-3.9501,False,-7.266301,False,-9.57292,False,True,True
/Users/yuhaowang/Documents/UCL/Term3_Proj/Dataset/Macular-Dataset-R.Rasti_old/DME/DME (17).E2E,DME (17).E2E,9,Spectralis,n/a,1,DME,True,OCT5k,1,DME,0.99999225,1.6593462e-05,0.7169629,-4.174553,1,-10.700833,False,-4.375261,False,-7.266301,False,-12.984806,False,False,True
/Users/yuhaowang/Documents/UCL/Term3_Proj/Dataset/Macular-Dataset-R.Rasti_old/DME/DME (17).E2E,DME (17).E2E,10,Spectralis,n/a,1,DME,True,OCT5k,1,DME,0.99986887,0.0002537053,0.69761,-5.492536,1,-12.0251045,False,-4.31922,False,-7.266301,False,-15.012072,False,False,True
/Users/yuhaowang/Documents/UCL/Term3_Proj/Dataset/Macular-Dataset-R.Rasti_old/DME/DME (17).E2E,DME (17).E2E,11,Spectralis,n/a,1,DME,True,OCT5k,1,DME,0.99996805,7.3558476e-05,0.6712902,-3.396637,1,-8.007499,False,-4.3617973,False,-7.266301,False,-11.076609,False,False,True
/Users/yuhaowang/Documents/UCL/Term3_Proj/Dataset/Macular-Dataset-R.Rasti_old/DME/DME (17).E2E,DME (17).E2E,12,Spectralis,n/a,1,DME,True,OCT5k,1,DME,0.9787884,0.009126596,0.5702337,-3.518071,1,-4.8055677,False,-2.2221358,False,-7.266301,False,-8.863738,False,True,True
/Users/yuhaowang/Documents/UCL/Term3_Proj/Dataset/Macular-Dataset-R.Rasti_old/DME/DME (17).E2E,DME (17).E2E,13,Spectralis,n/a,1,DME,True,OCT5k,1,DME,0.99934894,0.003201956,0.5858174,-3.0315828,1,-4.5993614,False,-3.6224089,False,-7.266301,False,-8.997584,False,True,True
/Users/yuhaowang/Documents/UCL/Term3_Proj/Dataset/Macular-Dataset-R.Rasti_old/DME/DME (17).E2E,DME (17).E2E,14,Spectralis,n/a,1,DME,True,OCT5k,1,DME,0.9998982,0.002742231,0.6436532,-3.1787603,1,-6.7561016,False,-3.7310638,False,-7.266301,False,-10.00913,False,False,True
/Users/yuhaowang/Documents/UCL/Term3_Proj/Dataset/Macular-Dataset-R.Rasti_old/DME/DME (18).E2E,DME (18).E2E,9,Spectralis,n/a,1,DME,True,OCT5k,1,DME,1.0,6.173591e-07,0.8192799,-3.5916939,1,-13.254484,False,-4.379037,False,-7.266301,False,-13.201736,False,False,True
/Users/yuhaowang/Documents/UCL/Term3_Proj/Dataset/Macular-Dataset-R.Rasti_old/DME/DME (18).E2E,DME (18).E2E,10,Spectralis,n/a,1,DME,True,OCT5k,1,DME,1.0,1.1965142e-08,0.7824205,-3.2935944,1,-11.574249,False,-4.37918,False,-7.266301,False,-12.241171,False,False,True
/Users/yuhaowang/Documents/UCL/Term3_Proj/Dataset/Macular-Dataset-R.Rasti_old/DME/DME (18).E2E,DME (18).E2E,11,Spectralis,n/a,1,DME,True,OCT5k,1,DME,1.0,2.8312888e-07,0.84019226,-2.4350529,1,-12.2238655,False,-4.379116,False,-7.266301,False,-11.442002,False,False,True
/Users/yuhaowang/Documents/UCL/Term3_Proj/Dataset/Macular-Dataset-R.Rasti_old/DME/DME (18).E2E,DME (18).E2E,12,Spectralis,n/a,1,DME,True,OCT5k,1,DME,1.0,1.6453257e-08,0.84419954,-2.703911,1,-12.7603655,False,-4.379179,False,-7.266301,False,-11.957538,False,False,True
/Users/yuhaowang/Documents/UCL/Term3_Proj/Dataset/Macular-Dataset-R.Rasti_old/DME/DME (18).E2E,DME (18).E2E,13,Spectralis,n/a,1,DME,True,OCT5k,1,DME,1.0,1.850482e-08,0.849732,-1.6122906,1,-11.312084,False,-4.3791785,False,-7.266301,False,-10.126194,False,False,True
/Users/yuhaowang/Documents/UCL/Term3_Proj/Dataset/Macular-Dataset-R.Rasti_old/DME/DME (18).E2E,DME (18).E2E,14,Spectralis,n/a,1,DME,True,OCT5k,1,DME,1.0,1.083489e-07,0.84104913,-1.8693146,1,-11.405975,False,-4.379157,False,-7.266301,False,-10.468792,False,False,True
/Users/yuhaowang/Documents/UCL/Term3_Proj/Dataset/Macular-Dataset-R.Rasti_old/DME/DME (18).E2E,DME (18).E2E,15,Spectralis,n/a,1,DME,True,OCT5k,1,DME,1.0,1.8932451e-07,0.83142537,-2.0941927,1,-11.420258,False,-4.379138,False,-7.266301,False,-10.744214,False,False,True
/Users/yuhaowang/Documents/UCL/Term3_Proj/Dataset/Macular-Dataset-R.Rasti_old/DME/DME (18).E2E,DME (18).E2E,16,Spectralis,n/a,1,DME,True,OCT5k,1,DME,1.0,2.6478938e-07,0.7801299,-3.7333646,1,-12.155634,False,-4.3791203,False,-7.266301,False,-12.978169,False,False,True
/Users/yuhaowang/Documents/UCL/Term3_Proj/Dataset/Macular-Dataset-R.Rasti_old/DME/DME (18).E2E,DME (18).E2E,17,Spectralis,n/a,1,DME,True,OCT5k,1,DME,1.0,6.694762e-09,0.79463,-3.658413,1,-12.528977,False,-4.3791814,False,-7.266301,False,-13.021943,False,False,True
/Users/yuhaowang/Documents/UCL/Term3_Proj/Dataset/Macular-Dataset-R.Rasti_old/DME/DME (19).E2E,DME (19).E2E,6,Spectralis,n/a,1,DME,True,OCT5k,1,DME,1.0,5.519512e-07,0.7717085,-6.186552,1,-15.544661,False,-4.379052,False,-7.266301,False,-17.14184,False,False,True
/Users/yuhaowang/Documents/UCL/Term3_Proj/Dataset/Macular-Dataset-R.Rasti_old/DME/DME (19).E2E,DME (19).E2E,7,Spectralis,n/a,1,DME,True,OCT5k,1,DME,0.9999999,4.9784634e-05,0.7517227,-5.3668184,1,-13.648817,False,-4.3674164,False,-7.266301,False,-15.470291,False,False,True
/Users/yuhaowang/Documents/UCL/Term3_Proj/Dataset/Macular-Dataset-R.Rasti_old/DME/DME (19).E2E,DME (19).E2E,8,Spectralis,n/a,1,DME,True,OCT5k,1,DME,0.99999857,0.00030755502,0.68835443,-6.073369,1,-12.584372,False,-4.306493,False,-7.266301,False,-15.903536,False,False,True
/Users/yuhaowang/Documents/UCL/Term3_Proj/Dataset/Macular-Dataset-R.Rasti_old/DME/DME (19).E2E,DME (19).E2E,9,Spectralis,n/a,1,DME,True,OCT5k,1,DME,0.9999995,2.7941205e-06,0.73715925,-3.8836246,1,-10.941711,False,-4.3785224,False,-7.266301,False,-12.723291,False,False,True
/Users/yuhaowang/Documents/UCL/Term3_Proj/Dataset/Macular-Dataset-R.Rasti_old/DME/DME (19).E2E,DME (19).E2E,10,Spectralis,n/a,1,DME,True,OCT5k,1,DME,0.99978393,0.00035424205,0.645129,-6.0036836,1,-11.032788,False,-4.295459,False,-7.266301,False,-15.257326,False,True,True
/Users/yuhaowang/Documents/UCL/Term3_Proj/Dataset/Macular-Dataset-R.Rasti_old/DME/DME (19).E2E,DME (19).E2E,11,Spectralis,n/a,1,DME,True,OCT5k,1,DME,0.9999989,2.8542672e-06,0.82989424,-5.295614,1,-16.159662,False,-4.378508,False,-7.266301,False,-16.291048,False,False,True
/Users/yuhaowang/Documents/UCL/Term3_Proj/Dataset/Macular-Dataset-R.Rasti_old/DME/DME (19).E2E,DME (19).E2E,12,Spectralis,n/a,1,DME,True,OCT5k,1,DME,0.9999758,0.00058454066,0.68652356,-4.850892,1,-10.693729,False,-4.2410283,False,-7.266301,False,-13.719271,False,False,True
/Users/yuhaowang/Documents/UCL/Term3_Proj/Dataset/Macular-Dataset-R.Rasti_old/DME/DME (19).E2E,DME (19).E2E,13,Spectralis,n/a,1,DME,True,OCT5k,1,DME,0.9992331,0.0065015424,0.60022676,-5.4893146,1,-8.759625,False,-2.8425603,False,-7.266301,False,-13.001834,False,True,True
/Users/yuhaowang/Documents/UCL/Term3_Proj/Dataset/Macular-Dataset-R.Rasti_old/DME/DME (19).E2E,DME (19).E2E,14,Spectralis,n/a,1,DME,True,OCT5k,1,DME,0.9999877,0.00038210582,0.643305,-5.0636463,1,-9.565023,False,-4.288873,False,-7.266301,False,-13.597481,False,False,True
/Users/yuhaowang/Documents/UCL/Term3_Proj/Dataset/Macular-Dataset-R.Rasti_old/DME/DME (2).E2E,DME (2).E2E,6,Spectralis,n/a,1,DME,True,OCT5k,1,DME,0.9999989,9.847383e-06,0.7077276,-3.542714,1,-9.446115,False,-4.3768554,False,-7.266301,False,-11.776428,False,False,True
/Users/yuhaowang/Documents/UCL/Term3_Proj/Dataset/Macular-Dataset-R.Rasti_old/DME/DME (2).E2E,DME (2).E2E,7,Spectralis,n/a,1,DME,True,OCT5k,1,DME,0.99999857,1.5383193e-05,0.69199324,-3.539011,1,-8.913744,False,-4.375547,False,-7.266301,False,-11.580397,False,False,True
/Users/yuhaowang/Documents/UCL/Term3_Proj/Dataset/Macular-Dataset-R.Rasti_old/DME/DME (2).E2E,DME (2).E2E,8,Spectralis,n/a,1,DME,True,OCT5k,1,DME,0.9992101,0.0049089044,0.6070135,-2.794781,1,-4.95471,False,-3.218976,False,-7.266301,False,-8.611982,False,True,True
/Users/yuhaowang/Documents/UCL/Term3_Proj/Dataset/Macular-Dataset-R.Rasti_old/DME/DME (2).E2E,DME (2).E2E,9,Spectralis,n/a,1,DME,True,OCT5k,1,DME,0.99987197,8.6202286e-05,0.64342487,-2.7143855,1,-6.053556,False,-4.358809,False,-7.266301,False,-9.554388,False,False,True
/Users/yuhaowang/Documents/UCL/Term3_Proj/Dataset/Macular-Dataset-R.Rasti_old/DME/DME (2).E2E,DME (2).E2E,10,Spectralis,n/a,1,DME,True,OCT5k,1,DME,0.99999607,1.5280326e-05,0.7251439,-2.6019359,1,-8.621461,False,-4.3755713,False,-7.266301,False,-10.349231,False,False,True
/Users/yuhaowang/Documents/UCL/Term3_Proj/Dataset/Macular-Dataset-R.Rasti_old/DME/DME (2).E2E,DME (2).E2E,11,Spectralis,n/a,1,DME,True,OCT5k,1,DME,0.9999895,2.3628789e-05,0.7166129,-3.1100452,1,-9.096163,False,-4.373598,False,-7.266301,False,-11.129051,False,False,True
/Users/yuhaowang/Documents/UCL/Term3_Proj/Dataset/Macular-Dataset-R.Rasti_old/DME/DME (2).E2E,DME (2).E2E,12,Spectralis,n/a,1,DME,True,OCT5k,1,DME,0.9999348,0.002523676,0.5813857,-3.401424,1,-5.0044127,False,-3.7827187,False,-7.266301,False,-9.678083,False,False,True
/Users/yuhaowang/Documents/UCL/Term3_Proj/Dataset/Macular-Dataset-R.Rasti_old/DME/DME (2).E2E,DME (2).E2E,13,Spectralis,n/a,1,DME,True,OCT5k,1,DME,0.9999988,2.8028458e-05,0.7067494,-6.009997,1,-13.1054535,False,-4.3725586,False,-7.266301,False,-16.051546,False,False,True
/Users/yuhaowang/Documents/UCL/Term3_Proj/Dataset/Macular-Dataset-R.Rasti_old/DME/DME (2).E2E,DME (2).E2E,14,Spectralis,n/a,1,DME,True,OCT5k,1,DME,0.99998915,6.5058004e-05,0.56756794,-5.82929,1,-8.174865,False,-4.3638067,False,-7.266301,False,-14.061893,False,False,True
/Users/yuhaowang/Documents/UCL/Term3_Proj/Dataset/Macular-Dataset-R.Rasti_old/DME/DME (20).E2E,DME (20).E2E,6,Spectralis,n/a,1,DME,True,OCT5k,1,DME,1.0,3.6309143e-07,0.73520315,-2.6979122,1,-9.101892,False,-4.379097,False,-7.266301,False,-10.638816,False,False,True
/Users/yuhaowang/Documents/UCL/Term3_Proj/Dataset/Macular-Dataset-R.Rasti_old/DME/DME (20).E2E,DME (20).E2E,7,Spectralis,n/a,1,DME,True,OCT5k,1,DME,1.0,9.520642e-08,0.7944237,-3.6360104,1,-12.488546,False,-4.3791604,False,-7.266301,False,-12.980509,False,False,True
/Users/yuhaowang/Documents/UCL/Term3_Proj/Dataset/Macular-Dataset-R.Rasti_old/DME/DME (20).E2E,DME (20).E2E,8,Spectralis,n/a,1,DME,True,OCT5k,1,DME,1.0,2.3335224e-07,0.7713869,-2.908802,1,-10.629004,False,-4.3791275,False,-7.266301,False,-11.439759,False,False,True
/Users/yuhaowang/Documents/UCL/Term3_Proj/Dataset/Macular-Dataset-R.Rasti_old/DME/DME (20).E2E,DME (20).E2E,9,Spectralis,n/a,1,DME,True,OCT5k,1,DME,1.0,9.436647e-09,0.7129166,-3.1044219,1,-8.963987,False,-4.3791804,False,-7.266301,False,-11.07807,False,False,True
/Users/yuhaowang/Documents/UCL/Term3_Proj/Dataset/Macular-Dataset-R.Rasti_old/DME/DME (20).E2E,DME (20).E2E,10,Spectralis,n/a,1,DME,True,OCT5k,1,DME,0.99986696,0.006080675,0.627967,-1.3855985,1,-3.547561,False,-2.9420311,False,-7.266301,False,-6.256912,False,False,True
/Users/yuhaowang/Documents/UCL/Term3_Proj/Dataset/Macular-Dataset-R.Rasti_old/DME/DME (20).E2E,DME (20).E2E,11,Spectralis,n/a,1,DME,True,OCT5k,1,DME,0.9999994,1.4984769e-05,0.7336865,-1.3170555,1,-6.9847693,False,-4.3756413,False,-7.266301,False,-8.218081,False,False,True
/Users/yuhaowang/Documents/UCL/Term3_Proj/Dataset/Macular-Dataset-R.Rasti_old/DME/DME (20).E2E,DME (20).E2E,12,Spectralis,n/a,1,DME,True,OCT5k,1,DME,1.0,3.0475303e-07,0.83402735,-1.7257923,1,-10.956097,False,-4.379111,False,-7.266301,False,-10.134977,False,False,True
/Users/yuhaowang/Documents/UCL/Term3_Proj/Dataset/Macular-Dataset-R.Rasti_old/DME/DME (20).E2E,DME (20).E2E,13,Spectralis,n/a,1,DME,True,OCT5k,1,DME,1.0,1.1064699e-08,0.73936784,-1.9485419,1,-8.119965,False,-4.37918,False,-7.266301,False,-9.386093,False,False,True
/Users/yuhaowang/Documents/UCL/Term3_Proj/Dataset/Macular-Dataset-R.Rasti_old/DME/DME (20).E2E,DME (20).E2E,14,Spectralis,n/a,1,DME,True,OCT5k,1,DME,0.99999976,2.5331254e-05,0.78116447,-1.6181564,1,-9.025034,False,-4.3731956,False,-7.266301,False,-9.310013,False,False,True
/Users/yuhaowang/Documents/UCL/Term3_Proj/Dataset/Macular-Dataset-R.Rasti_old/DME/DME (21).E2E,DME (21).E2E,6,Spectralis,n/a,1,DME,True,OCT5k,1,DME,1.0,2.2517042e-08,0.8076042,-1.9620886,1,-10.424976,False,-4.3791776,False,-7.266301,False,-10.228661,False,False,True
/Users/yuhaowang/Documents/UCL/Term3_Proj/Dataset/Macular-Dataset-R.Rasti_old/DME/DME (21).E2E,DME (21).E2E,7,Spectralis,n/a,1,DME,True,OCT5k,1,DME,0.9994357,0.0007461165,0.6111749,-3.709522,1,-6.462881,False,-4.20284,False,-7.266301,False,-10.809036,False,True,True
/Users/yuhaowang/Documents/UCL/Term3_Proj/Dataset/Macular-Dataset-R.Rasti_old/DME/DME (21).E2E,DME (21).E2E,8,Spectralis,n/a,1,DME,True,OCT5k,1,DME,0.99999976,1.1182219e-06,0.80085546,-2.9217486,1,-11.635063,False,-4.3789186,False,-7.266301,False,-11.815849,False,False,True
/Users/yuhaowang/Documents/UCL/Term3_Proj/Dataset/Macular-Dataset-R.Rasti_old/DME/DME (21).E2E,DME (21).E2E,9,Spectralis,n/a,1,DME,True,OCT5k,1,DME,0.9999993,8.673451e-06,0.795361,-4.0490627,1,-13.138029,False,-4.377133,False,-7.266301,False,-13.708691,False,False,True
/Users/yuhaowang/Documents/UCL/Term3_Proj/Dataset/Macular-Dataset-R.Rasti_old/DME/DME (21).E2E,DME (21).E2E,10,Spectralis,n/a,1,DME,True,OCT5k,1,DME,0.9998692,0.00070556556,0.6546736,-4.713505,1,-9.421716,False,-4.2124243,False,-7.266301,False,-13.081953,False,False,True
/Users/yuhaowang/Documents/UCL/Term3_Proj/Dataset/Macular-Dataset-R.Rasti_old/DME/DME (21).E2E,DME (21).E2E,11,Spectralis,n/a,1,DME,True,OCT5k,1,DME,0.9999993,1.456483e-05,0.75561184,-5.899323,1,-14.575886,False,-4.3757405,False,-7.266301,False,-16.447424,False,False,True
/Users/yuhaowang/Documents/UCL/Term3_Proj/Dataset/Macular-Dataset-R.Rasti_old/DME/DME (21).E2E,DME (21).E2E,12,Spectralis,n/a,1,DME,True,OCT5k,1,DME,1.0,-1.53168e-08,0.83042425,-4.4113007,1,-14.854103,False,-4.3791866,False,-7.266301,False,-14.760443,False,False,True
/Users/yuhaowang/Documents/UCL/Term3_Proj/Dataset/Macular-Dataset-R.Rasti_old/DME/DME (21).E2E,DME (21).E2E,13,Spectralis,n/a,1,DME,True,OCT5k,1,DME,0.9999995,4.28774e-06,0.6818464,-5.3002806,1,-11.209599,False,-4.3781695,False,-7.266301,False,-14.522001,False,False,True
/Users/yuhaowang/Documents/UCL/Term3_Proj/Dataset/Macular-Dataset-R.Rasti_old/DME/DME (21).E2E,DME (21).E2E,14,Spectralis,n/a,1,DME,True,OCT5k,1,DME,1.0,2.040535e-06,0.69082654,-5.1300793,1,-11.255587,False,-4.3787003,False,-7.266301,False,-14.334198,False,False,True
/Users/yuhaowang/Documents/UCL/Term3_Proj/Dataset/Macular-Dataset-R.Rasti_old/DME/DME (22).E2E,DME (22).E2E,6,Spectralis,n/a,1,DME,True,OCT5k,1,DME,1.0,1.7656293e-06,0.67048097,-3.7601593,1,-8.5243845,False,-4.3787656,False,-7.266301,False,-11.708471,False,False,True
/Users/yuhaowang/Documents/UCL/Term3_Proj/Dataset/Macular-Dataset-R.Rasti_old/DME/DME (22).E2E,DME (22).E2E,7,Spectralis,n/a,1,DME,True,OCT5k,1,DME,1.0,3.4724962e-07,0.71053064,-5.1337094,1,-11.920765,False,-4.379101,False,-7.266301,False,-14.577238,False,False,True
/Users/yuhaowang/Documents/UCL/Term3_Proj/Dataset/Macular-Dataset-R.Rasti_old/DME/DME (22).E2E,DME (22).E2E,8,Spectralis,n/a,1,DME,True,OCT5k,1,DME,1.0,2.8712554e-07,0.74713933,-4.9152083,1,-12.819555,False,-4.379115,False,-7.266301,False,-14.636789,False,False,True
/Users/yuhaowang/Documents/UCL/Term3_Proj/Dataset/Macular-Dataset-R.Rasti_old/DME/DME (22).E2E,DME (22).E2E,9,Spectralis,n/a,1,DME,True,OCT5k,1,DME,1.0,2.4661886e-06,0.7924433,-3.2051048,1,-11.777421,False,-4.3786,False,-7.266301,False,-12.207306,False,False,True
/Users/yuhaowang/Documents/UCL/Term3_Proj/Dataset/Macular-Dataset-R.Rasti_old/DME/DME (22).E2E,DME (22).E2E,10,Spectralis,n/a,1,DME,True,OCT5k,1,DME,0.99999166,2.034055e-05,0.6550821,-4.99741,1,-9.860235,False,-4.3743753,False,-7.266301,False,-13.672081,False,False,True
/Users/yuhaowang/Documents/UCL/Term3_Proj/Dataset/Macular-Dataset-R.Rasti_old/DME/DME (22).E2E,DME (22).E2E,11,Spectralis,n/a,1,DME,True,OCT5k,1,DME,1.0,5.635602e-07,0.77247536,-4.5906863,1,-13.182253,False,-4.3790493,False,-7.266301,False,-14.37668,False,False,True
/Users/yuhaowang/Documents/UCL/Term3_Proj/Dataset/Macular-Dataset-R.Rasti_old/DME/DME (22).E2E,DME (22).E2E,12,Spectralis,n/a,1,DME,True,OCT5k,1,DME,1.0,1.5731584e-05,0.7645471,-5.398547,1,-14.125692,False,-4.375465,False,-7.266301,False,-15.683933,False,False,True
/Users/yuhaowang/Documents/UCL/Term3_Proj/Dataset/Macular-Dataset-R.Rasti_old/DME/DME (22).E2E,DME (22).E2E,13,Spectralis,n/a,1,DME,True,OCT5k,1,DME,1.0,7.24546e-05,0.69802946,-6.7266693,1,-13.885929,False,-4.3620586,False,-7.266301,False,-17.186853,False,False,True
/Users/yuhaowang/Documents/UCL/Term3_Proj/Dataset/Macular-Dataset-R.Rasti_old/DME/DME (22).E2E,DME (22).E2E,14,Spectralis,n/a,1,DME,True,OCT5k,1,DME,0.9999924,0.00053078565,0.5556425,-9.434477,1,-13.1704445,False,-4.253733,False,-7.266301,False,-20.123959,False,False,True
/Users/yuhaowang/Documents/UCL/Term3_Proj/Dataset/Macular-Dataset-R.Rasti_old/DME/DME (23).E2E,DME (23).E2E,6,Spectralis,n/a,1,DME,True,OCT5k,1,DME,0.9999964,5.58007e-06,0.74447244,-2.7859938,1,-9.544061,False,-4.377864,False,-7.266301,False,-10.9025,False,False,True
/Users/yuhaowang/Documents/UCL/Term3_Proj/Dataset/Macular-Dataset-R.Rasti_old/DME/DME (23).E2E,DME (23).E2E,7,Spectralis,n/a,1,DME,True,OCT5k,1,DME,0.99999714,8.991512e-06,0.60526246,-4.5518937,1,-7.525459,False,-4.3770576,False,-7.266301,False,-12.301115,False,False,True
/Users/yuhaowang/Documents/UCL/Term3_Proj/Dataset/Macular-Dataset-R.Rasti_old/DME/DME (23).E2E,DME (23).E2E,8,Spectralis,n/a,1,DME,True,OCT5k,1,DME,0.9999927,0.00011230062,0.69412357,-6.923944,1,-14.050356,False,-4.352641,False,-7.266301,False,-17.477598,False,False,True
/Users/yuhaowang/Documents/UCL/Term3_Proj/Dataset/Macular-Dataset-R.Rasti_old/DME/DME (23).E2E,DME (23).E2E,9,Spectralis,n/a,1,DME,True,OCT5k,1,DME,0.9997969,0.00017713616,0.63563967,-7.3836923,1,-12.780132,False,-4.337317,False,-7.266301,False,-17.566221,False,True,True
/Users/yuhaowang/Documents/UCL/Term3_Proj/Dataset/Macular-Dataset-R.Rasti_old/DME/DME (23).E2E,DME (23).E2E,10,Spectralis,n/a,1,DME,True,OCT5k,1,DME,0.9999994,5.092552e-07,0.6991273,-9.855589,1,-18.604868,False,-4.3790627,False,-7.266301,False,-22.649183,False,False,True
/Users/yuhaowang/Documents/UCL/Term3_Proj/Dataset/Macular-Dataset-R.Rasti_old/DME/DME (23).E2E,DME (23).E2E,11,Spectralis,n/a,1,DME,True,OCT5k,1,DME,0.99891746,0.015074488,0.62276477,-4.910276,1,-8.647774,False,-0.81636715,False,-7.266301,False,-11.118898,False,True,True
/Users/yuhaowang/Documents/UCL/Term3_Proj/Dataset/Macular-Dataset-R.Rasti_old/DME/DME (23).E2E,DME (23).E2E,12,Spectralis,n/a,1,DME,True,OCT5k,1,DME,0.9999951,8.303978e-06,0.8051453,-4.1672935,1,-13.642559,False,-4.37722,False,-7.266301,False,-14.031717,False,False,True
/Users/yuhaowang/Documents/UCL/Term3_Proj/Dataset/Macular-Dataset-R.Rasti_old/DME/DME (23).E2E,DME (23).E2E,13,Spectralis,n/a,1,DME,True,OCT5k,1,DME,1.0,4.9351274e-07,0.8002139,-3.792095,1,-12.915985,False,-4.379066,False,-7.266301,False,-13.321302,False,False,True
/Users/yuhaowang/Documents/UCL/Term3_Proj/Dataset/Macular-Dataset-R.Rasti_old/DME/DME (23).E2E,DME (23).E2E,14,Spectralis,n/a,1,DME,True,OCT5k,1,DME,0.99999166,3.333998e-05,0.6453455,-3.0625281,1,-6.638832,False,-4.371303,False,-7.266301,False,-10.189746,False,False,True
/Users/yuhaowang/Documents/UCL/Term3_Proj/Dataset/Macular-Dataset-R.Rasti_old/DME/DME (24).E2E,DME (24).E2E,6,Spectralis,n/a,1,DME,True,OCT5k,1,DME,0.99999213,0.0003234254,0.74841475,-6.456168,1,-15.168182,False,-4.302742,False,-7.266301,False,-17.28778,False,False,True
/Users/yuhaowang/Documents/UCL/Term3_Proj/Dataset/Macular-Dataset-R.Rasti_old/DME/DME (24).E2E,DME (24).E2E,7,Spectralis,n/a,1,DME,True,OCT5k,1,DME,1.0,2.8304385e-08,0.827695,-3.517787,1,-13.42565,False,-4.379176,False,-7.266301,False,-13.1743355,False,False,True
/Users/yuhaowang/Documents/UCL/Term3_Proj/Dataset/Macular-Dataset-R.Rasti_old/DME/DME (24).E2E,DME (24).E2E,8,Spectralis,n/a,1,DME,True,OCT5k,1,DME,0.99999845,6.753448e-05,0.71954834,-4.0756025,1,-10.63933,False,-4.363221,False,-7.266301,False,-12.837,False,False,True
/Users/yuhaowang/Documents/UCL/Term3_Proj/Dataset/Macular-Dataset-R.Rasti_old/DME/DME (24).E2E,DME (24).E2E,9,Spectralis,n/a,1,DME,True,OCT5k,1,DME,1.0,2.3905914e-06,0.7860745,-3.7418602,1,-12.36739,False,-4.378618,False,-7.266301,False,-13.064007,False,False,True
/Users/yuhaowang/Documents/UCL/Term3_Proj/Dataset/Macular-Dataset-R.Rasti_old/DME/DME (24).E2E,DME (24).E2E,10,Spectralis,n/a,1,DME,True,OCT5k,1,DME,0.9999906,1.7429848e-05,0.76277965,-4.26316,1,-12.367498,False,-4.3750634,False,-7.266301,False,-13.688658,False,False,True
/Users/yuhaowang/Documents/UCL/Term3_Proj/Dataset/Macular-Dataset-R.Rasti_old/DME/DME (24).E2E,DME (24).E2E,11,Spectralis,n/a,1,DME,True,OCT5k,1,DME,0.99998856,5.0145754e-06,0.8263143,-3.8191519,1,-13.830387,False,-4.3779974,False,-7.266301,False,-13.681007,False,False,True
/Users/yuhaowang/Documents/UCL/Term3_Proj/Dataset/Macular-Dataset-R.Rasti_old/DME/DME (24).E2E,DME (24).E2E,12,Spectralis,n/a,1,DME,True,OCT5k,1,DME,0.99999404,5.6467135e-05,0.7776621,-3.5307758,1,-11.769848,False,-4.365837,False,-7.266301,False,-12.588837,False,False,True
/Users/yuhaowang/Documents/UCL/Term3_Proj/Dataset/Macular-Dataset-R.Rasti_old/DME/DME (24).E2E,DME (24).E2E,13,Spectralis,n/a,1,DME,True,OCT5k,1,DME,0.9996613,0.0003799433,0.6473562,-2.6473594,1,-6.0848894,False,-4.289384,False,-7.266301,False,-9.445757,False,True,True
/Users/yuhaowang/Documents/UCL/Term3_Proj/Dataset/Macular-Dataset-R.Rasti_old/DME/DME (24).E2E,DME (24).E2E,14,Spectralis,n/a,1,DME,True,OCT5k,1,DME,0.9999994,1.5989644e-06,0.8579122,-3.3019798,1,-14.114466,False,-4.378805,False,-7.266301,False,-13.161638,False,False,True
/Users/yuhaowang/Documents/UCL/Term3_Proj/Dataset/Macular-Dataset-R.Rasti_old/DME/DME (25).E2E,DME (25).E2E,6,Spectralis,n/a,1,DME,True,OCT5k,1,DME,0.999877,0.00024664635,0.5623585,-3.8861804,1,-5.09273,False,-4.3208885,False,-7.266301,False,-10.59704,False,False,True
/Users/yuhaowang/Documents/UCL/Term3_Proj/Dataset/Macular-Dataset-R.Rasti_old/DME/DME (25).E2E,DME (25).E2E,7,Spectralis,n/a,1,DME,True,OCT5k,1,DME,0.9999945,7.322244e-05,0.5699814,-4.8996468,1,-6.864537,False,-4.361877,False,-7.266301,False,-12.473613,False,False,True
/Users/yuhaowang/Documents/UCL/Term3_Proj/Dataset/Macular-Dataset-R.Rasti_old/DME/DME (25).E2E,DME (25).E2E,8,Spectralis,n/a,1,DME,True,OCT5k,1,DME,0.99997425,5.2675838e-05,0.5629544,-4.1454477,1,-5.5006566,False,-4.366733,False,-7.266301,False,-11.08087,False,False,True
/Users/yuhaowang/Documents/UCL/Term3_Proj/Dataset/Macular-Dataset-R.Rasti_old/DME/DME (25).E2E,DME (25).E2E,9,Spectralis,n/a,1,DME,True,OCT5k,1,DME,0.9999962,2.6920781e-05,0.66314757,-4.2463655,1,-9.0064125,False,-4.37282,False,-7.266301,False,-12.462341,False,False,True
/Users/yuhaowang/Documents/UCL/Term3_Proj/Dataset/Macular-Dataset-R.Rasti_old/DME/DME (25).E2E,DME (25).E2E,10,Spectralis,n/a,1,DME,True,OCT5k,1,DME,0.99999905,2.9604707e-06,0.6166381,-5.7217693,1,-9.656973,False,-4.378483,False,-7.266301,False,-14.472252,False,False,True
/Users/yuhaowang/Documents/UCL/Term3_Proj/Dataset/Macular-Dataset-R.Rasti_old/DME/DME (25).E2E,DME (25).E2E,11,Spectralis,n/a,1,DME,True,OCT5k,1,DME,0.99999905,2.1861473e-05,0.6314236,-4.6160936,1,-8.497475,False,-4.374016,False,-7.266301,False,-12.725006,False,False,True
/Users/yuhaowang/Documents/UCL/Term3_Proj/Dataset/Macular-Dataset-R.Rasti_old/DME/DME (25).E2E,DME (25).E2E,12,Spectralis,n/a,1,DME,True,OCT5k,1,DME,0.99989307,0.0012021954,0.4995963,-4.3568997,1,-3.6956744,False,-4.095047,False,-7.266301,False,-10.534233,False,False,True
/Users/yuhaowang/Documents/UCL/Term3_Proj/Dataset/Macular-Dataset-R.Rasti_old/DME/DME (25).E2E,DME (25).E2E,13,Spectralis,n/a,1,DME,True,OCT5k,1,DME,0.9999815,0.0014057958,0.55423355,-6.142165,1,-8.196587,False,-4.0469265,False,-7.266301,False,-14.266417,False,False,True
/Users/yuhaowang/Documents/UCL/Term3_Proj/Dataset/Macular-Dataset-R.Rasti_old/DME/DME (25).E2E,DME (25).E2E,14,Spectralis,n/a,1,DME,True,OCT5k,1,DME,0.9999733,0.00094338367,0.525959,-4.661093,1,-5.0335717,False,-4.1562166,False,-7.266301,False,-11.414108,False,False,True
/Users/yuhaowang/Documents/UCL/Term3_Proj/Dataset/Macular-Dataset-R.Rasti_old/DME/DME (26).E2E,DME (26).E2E,6,Spectralis,n/a,1,DME,True,OCT5k,1,DME,1.0,1.2816876e-05,0.7793642,-3.700027,1,-12.080111,False,-4.3761535,False,-7.266301,False,-12.909345,False,False,True
/Users/yuhaowang/Documents/UCL/Term3_Proj/Dataset/Macular-Dataset-R.Rasti_old/DME/DME (26).E2E,DME (26).E2E,7,Spectralis,n/a,1,DME,True,OCT5k,1,DME,0.99991906,0.0005372958,0.6661056,-3.760634,1,-8.378597,False,-4.2521944,False,-7.266301,False,-11.585143,False,False,True
/Users/yuhaowang/Documents/UCL/Term3_Proj/Dataset/Macular-Dataset-R.Rasti_old/DME/DME (26).E2E,DME (26).E2E,8,Spectralis,n/a,1,DME,True,OCT5k,1,DME,0.9999962,1.4230813e-05,0.6942127,-3.396315,1,-8.774523,False,-4.375819,False,-7.266301,False,-11.359117,False,False,True
/Users/yuhaowang/Documents/UCL/Term3_Proj/Dataset/Macular-Dataset-R.Rasti_old/DME/DME (26).E2E,DME (26).E2E,9,Spectralis,n/a,1,DME,True,OCT5k,1,DME,0.96655244,0.0123820305,0.47862372,-3.3616388,1,-1.5041265,False,-1.4527223,False,-7.266301,False,-7.056739,False,True,True
/Users/yuhaowang/Documents/UCL/Term3_Proj/Dataset/Macular-Dataset-R.Rasti_old/DME/DME (26).E2E,DME (26).E2E,10,Spectralis,n/a,1,DME,True,OCT5k,1,DME,0.68919015,0.09425771,0.50811404,-3.550273,1,-2.773819,False,17.89838,True,-7.266301,False,3.2139564,True,True,True
/Users/yuhaowang/Documents/UCL/Term3_Proj/Dataset/Macular-Dataset-R.Rasti_old/DME/DME (26).E2E,DME (26).E2E,11,Spectralis,n/a,1,DME,True,OCT5k,3,NORMAL,0.997785,0.02809788,0.32324505,-5.139177,1,1.0384321,True,2.2616773,True,-7.266301,False,-6.1796494,False,True,True
/Users/yuhaowang/Documents/UCL/Term3_Proj/Dataset/Macular-Dataset-R.Rasti_old/DME/DME (26).E2E,DME (26).E2E,12,Spectralis,n/a,1,DME,True,OCT5k,3,NORMAL,0.9962339,0.047888897,0.4417601,-4.277497,1,-1.6403408,False,6.9392333,True,-7.266301,False,-3.4566789,False,True,True
/Users/yuhaowang/Documents/UCL/Term3_Proj/Dataset/Macular-Dataset-R.Rasti_old/DME/DME (26).E2E,DME (26).E2E,13,Spectralis,n/a,1,DME,True,OCT5k,1,DME,0.9995492,0.0005321456,0.6307955,-2.8463445,1,-5.8281555,False,-4.253412,False,-7.266301,False,-9.572554,False,True,True
/Users/yuhaowang/Documents/UCL/Term3_Proj/Dataset/Macular-Dataset-R.Rasti_old/DME/DME (26).E2E,DME (26).E2E,14,Spectralis,n/a,1,DME,True,OCT5k,1,DME,0.9999875,1.6585516e-05,0.7283594,-4.156508,1,-11.055418,False,-4.3752627,False,-7.266301,False,-13.090225,False,False,True
/Users/yuhaowang/Documents/UCL/Term3_Proj/Dataset/Macular-Dataset-R.Rasti_old/DME/DME (27).E2E,DME (27).E2E,6,Spectralis,n/a,1,DME,True,OCT5k,1,DME,0.99999225,0.00013963995,0.67693615,-6.2315874,1,-12.438818,False,-4.346179,False,-7.266301,False,-16.064007,False,False,True
/Users/yuhaowang/Documents/UCL/Term3_Proj/Dataset/Macular-Dataset-R.Rasti_old/DME/DME (27).E2E,DME (27).E2E,7,Spectralis,n/a,1,DME,True,OCT5k,1,DME,0.9999969,0.00014370552,0.69754404,-13.425861,1,-23.894482,False,-4.3452187,False,-7.266301,False,-28.817827,False,False,True
/Users/yuhaowang/Documents/UCL/Term3_Proj/Dataset/Macular-Dataset-R.Rasti_old/DME/DME (27).E2E,DME (27).E2E,8,Spectralis,n/a,1,DME,True,OCT5k,1,DME,1.0,3.5370525e-05,0.79562235,-3.9646425,1,-13.0204525,False,-4.370823,False,-7.266301,False,-13.561493,False,False,True
/Users/yuhaowang/Documents/UCL/Term3_Proj/Dataset/Macular-Dataset-R.Rasti_old/DME/DME (27).E2E,DME (27).E2E,9,Spectralis,n/a,1,DME,True,OCT5k,1,DME,1.0,3.4879884e-07,0.788873,-5.803205,1,-15.545729,False,-4.3791003,False,-7.266301,False,-16.68145,False,False,True
/Users/yuhaowang/Documents/UCL/Term3_Proj/Dataset/Macular-Dataset-R.Rasti_old/DME/DME (27).E2E,DME (27).E2E,10,Spectralis,n/a,1,DME,True,OCT5k,1,DME,0.9999685,0.0008697612,0.66981477,-4.036562,1,-8.915693,False,-4.173617,False,-7.266301,False,-12.06488,False,False,True
/Users/yuhaowang/Documents/UCL/Term3_Proj/Dataset/Macular-Dataset-R.Rasti_old/DME/DME (27).E2E,DME (27).E2E,11,Spectralis,n/a,1,DME,True,OCT5k,1,DME,0.9999987,0.0001589923,0.7456296,-3.4021635,1,-10.504854,False,-4.341605,False,-7.266301,False,-11.967058,False,False,True
/Users/yuhaowang/Documents/UCL/Term3_Proj/Dataset/Macular-Dataset-R.Rasti_old/DME/DME (27).E2E,DME (27).E2E,12,Spectralis,n/a,1,DME,True,OCT5k,1,DME,1.0,6.8630015e-07,0.75012636,-3.7899134,1,-11.235655,False,-4.3790207,False,-7.266301,False,-12.716299,False,False,True
/Users/yuhaowang/Documents/UCL/Term3_Proj/Dataset/Macular-Dataset-R.Rasti_old/DME/DME (27).E2E,DME (27).E2E,13,Spectralis,n/a,1,DME,True,OCT5k,1,DME,1.0,2.2646475e-08,0.64613473,-4.69647,1,-9.110321,False,-4.3791776,False,-7.266301,False,-13.044231,False,False,True
/Users/yuhaowang/Documents/UCL/Term3_Proj/Dataset/Macular-Dataset-R.Rasti_old/DME/DME (27).E2E,DME (27).E2E,14,Spectralis,n/a,1,DME,True,OCT5k,1,DME,1.0,5.478455e-08,0.69832855,-4.2730565,1,-10.224308,False,-4.37917,False,-7.266301,False,-12.934602,False,False,True
/Users/yuhaowang/Documents/UCL/Term3_Proj/Dataset/Macular-Dataset-R.Rasti_old/DME/DME (28).E2E,DME (28).E2E,6,Spectralis,n/a,1,DME,True,OCT5k,1,DME,0.99999523,5.3571785e-06,0.5938317,-5.8222785,1,-9.0437565,False,-4.377917,False,-7.266301,False,-14.372925,False,False,True
/Users/yuhaowang/Documents/UCL/Term3_Proj/Dataset/Macular-Dataset-R.Rasti_old/DME/DME (28).E2E,DME (28).E2E,7,Spectralis,n/a,1,DME,True,OCT5k,1,DME,0.9999701,0.0010699395,0.5945539,-4.7141986,1,-7.409783,False,-4.1263056,False,-7.266301,False,-12.312821,False,False,True
/Users/yuhaowang/Documents/UCL/Term3_Proj/Dataset/Macular-Dataset-R.Rasti_old/DME/DME (28).E2E,DME (28).E2E,8,Spectralis,n/a,1,DME,True,OCT5k,1,DME,0.9999758,0.0007362198,0.60652727,-4.6384277,1,-7.697299,False,-4.205179,False,-7.266301,False,-12.369451,False,False,True
/Users/yuhaowang/Documents/UCL/Term3_Proj/Dataset/Macular-Dataset-R.Rasti_old/DME/DME (28).E2E,DME (28).E2E,9,Spectralis,n/a,1,DME,True,OCT5k,1,DME,0.9999869,0.00025103556,0.67231107,-4.5542374,1,-9.773936,False,-4.319851,False,-7.266301,False,-13.077572,False,False,True
/Users/yuhaowang/Documents/UCL/Term3_Proj/Dataset/Macular-Dataset-R.Rasti_old/DME/DME (28).E2E,DME (28).E2E,10,Spectralis,n/a,1,DME,True,OCT5k,1,DME,0.99999976,4.999856e-07,0.68327814,-4.5685143,1,-10.162508,False,-4.3790646,False,-7.266301,False,-13.267542,False,False,True
/Users/yuhaowang/Documents/UCL/Term3_Proj/Dataset/Macular-Dataset-R.Rasti_old/DME/DME (28).E2E,DME (28).E2E,11,Spectralis,n/a,1,DME,True,OCT5k,1,DME,0.9999919,0.00013794604,0.65741694,-3.7712452,1,-8.103555,False,-4.3465796,False,-7.266301,False,-11.552725,False,False,True
/Users/yuhaowang/Documents/UCL/Term3_Proj/Dataset/Macular-Dataset-R.Rasti_old/DME/DME (28).E2E,DME (28).E2E,12,Spectralis,n/a,1,DME,True,OCT5k,1,DME,0.99998367,1.4440011e-05,0.6299171,-5.019821,1,-9.051179,False,-4.37577,False,-7.266301,False,-13.409784,False,False,True
/Users/yuhaowang/Documents/UCL/Term3_Proj/Dataset/Macular-Dataset-R.Rasti_old/DME/DME (28).E2E,DME (28).E2E,13,Spectralis,n/a,1,DME,True,OCT5k,1,DME,0.99999976,4.6689485e-05,0.68645525,-4.6740513,1,-10.426815,False,-4.368148,False,-7.266301,False,-13.482969,False,False,True
/Users/yuhaowang/Documents/UCL/Term3_Proj/Dataset/Macular-Dataset-R.Rasti_old/DME/DME (28).E2E,DME (28).E2E,14,Spectralis,n/a,1,DME,True,OCT5k,1,DME,0.9999999,8.4148305e-06,0.73416376,-4.7835937,1,-12.188147,False,-4.377194,False,-7.266301,False,-14.251152,False,False,True
/Users/yuhaowang/Documents/UCL/Term3_Proj/Dataset/Macular-Dataset-R.Rasti_old/DME/DME (29).E2E,DME (29).E2E,6,Spectralis,n/a,1,DME,True,OCT5k,1,DME,1.0,1.4180148e-07,0.80173737,-4.3307686,1,-13.773079,False,-4.3791494,False,-7.266301,False,-14.2761,False,False,True
/Users/yuhaowang/Documents/UCL/Term3_Proj/Dataset/Macular-Dataset-R.Rasti_old/DME/DME (29).E2E,DME (29).E2E,7,Spectralis,n/a,1,DME,True,OCT5k,1,DME,0.9999881,6.886333e-05,0.70517576,-3.9298306,1,-9.9399605,False,-4.3629074,False,-7.266301,False,-12.410894,False,False,True
/Users/yuhaowang/Documents/UCL/Term3_Proj/Dataset/Macular-Dataset-R.Rasti_old/DME/DME (29).E2E,DME (29).E2E,8,Spectralis,n/a,1,DME,True,OCT5k,1,DME,0.9999987,4.3257984e-05,0.74930054,-4.2952456,1,-11.964193,False,-4.368959,False,-7.266301,False,-13.579197,False,False,True
/Users/yuhaowang/Documents/UCL/Term3_Proj/Dataset/Macular-Dataset-R.Rasti_old/DME/DME (29).E2E,DME (29).E2E,9,Spectralis,n/a,1,DME,True,OCT5k,1,DME,0.9997794,0.0005035321,0.6321878,-3.9295194,1,-7.495659,False,-4.2601743,False,-7.266301,False,-11.476158,False,True,True
/Users/yuhaowang/Documents/UCL/Term3_Proj/Dataset/Macular-Dataset-R.Rasti_old/DME/DME (29).E2E,DME (29).E2E,10,Spectralis,n/a,1,DME,True,OCT5k,1,DME,0.99999535,9.614011e-05,0.7359183,-4.362699,1,-11.617058,False,-4.3564606,False,-7.266301,False,-13.528765,False,False,True
/Users/yuhaowang/Documents/UCL/Term3_Proj/Dataset/Macular-Dataset-R.Rasti_old/DME/DME (29).E2E,DME (29).E2E,11,Spectralis,n/a,1,DME,True,OCT5k,1,DME,0.9891073,0.01977449,0.61366254,-3.8129423,1,-6.7009344,False,0.29446578,True,-7.266301,False,-8.473245,False,True,True
/Users/yuhaowang/Documents/UCL/Term3_Proj/Dataset/Macular-Dataset-R.Rasti_old/DME/DME (29).E2E,DME (29).E2E,12,Spectralis,n/a,1,DME,True,OCT5k,1,DME,0.9999809,0.0016514277,0.7076216,-3.8738132,1,-9.938028,False,-3.9888723,False,-7.266301,False,-12.131165,False,False,True
/Users/yuhaowang/Documents/UCL/Term3_Proj/Dataset/Macular-Dataset-R.Rasti_old/DME/DME (29).E2E,DME (29).E2E,13,Spectralis,n/a,1,DME,True,OCT5k,1,DME,0.99999774,2.9387993e-06,0.728913,-4.2622905,1,-11.232248,False,-4.378488,False,-7.266301,False,-13.282595,False,False,True
/Users/yuhaowang/Documents/UCL/Term3_Proj/Dataset/Macular-Dataset-R.Rasti_old/DME/DME (29).E2E,DME (29).E2E,14,Spectralis,n/a,1,DME,True,OCT5k,1,DME,0.9999993,8.870047e-07,0.7946122,-4.1533127,1,-13.268961,False,-4.378973,False,-7.266301,False,-13.881979,False,False,True
/Users/yuhaowang/Documents/UCL/Term3_Proj/Dataset/Macular-Dataset-R.Rasti_old/DME/DME (3).E2E,DME (3).E2E,6,Spectralis,n/a,1,DME,True,OCT5k,1,DME,0.9999999,1.04052106e-07,0.7486069,-4.093772,1,-11.63948,False,-4.379158,False,-7.266301,False,-13.226389,False,False,True
/Users/yuhaowang/Documents/UCL/Term3_Proj/Dataset/Macular-Dataset-R.Rasti_old/DME/DME (3).E2E,DME (3).E2E,7,Spectralis,n/a,1,DME,True,OCT5k,1,DME,0.99999964,3.7797632e-05,0.742524,-2.9296205,1,-9.693748,False,-4.3702493,False,-7.266301,False,-11.1244955,False,False,True
/Users/yuhaowang/Documents/UCL/Term3_Proj/Dataset/Macular-Dataset-R.Rasti_old/DME/DME (3).E2E,DME (3).E2E,8,Spectralis,n/a,1,DME,True,OCT5k,1,DME,0.9999763,0.00018477056,0.5656941,-2.9669833,1,-3.8289104,False,-4.3355126,False,-7.266301,False,-9.047359,False,False,True
/Users/yuhaowang/Documents/UCL/Term3_Proj/Dataset/Macular-Dataset-R.Rasti_old/DME/DME (3).E2E,DME (3).E2E,9,Spectralis,n/a,1,DME,True,OCT5k,1,DME,1.0,9.714204e-07,0.79751116,-2.9318893,1,-11.538262,False,-4.378953,False,-7.266301,False,-11.793358,False,False,True
/Users/yuhaowang/Documents/UCL/Term3_Proj/Dataset/Macular-Dataset-R.Rasti_old/DME/DME (3).E2E,DME (3).E2E,10,Spectralis,n/a,1,DME,True,OCT5k,1,DME,0.99999976,1.7316801e-05,0.6980644,-2.9831748,1,-8.285257,False,-4.37509,False,-7.266301,False,-10.686703,False,False,True
/Users/yuhaowang/Documents/UCL/Term3_Proj/Dataset/Macular-Dataset-R.Rasti_old/DME/DME (3).E2E,DME (3).E2E,11,Spectralis,n/a,1,DME,True,OCT5k,1,DME,1.0,1.2431656e-09,0.7704985,-3.5008888,1,-11.485268,False,-4.3791823,False,-7.266301,False,-12.458451,False,False,True
/Users/yuhaowang/Documents/UCL/Term3_Proj/Dataset/Macular-Dataset-R.Rasti_old/DME/DME (3).E2E,DME (3).E2E,12,Spectralis,n/a,1,DME,True,OCT5k,1,DME,0.9999999,-7.940889e-08,0.8157516,-2.7434676,1,-11.867044,False,-4.379202,False,-7.266301,False,-11.684867,False,False,True
/Users/yuhaowang/Documents/UCL/Term3_Proj/Dataset/Macular-Dataset-R.Rasti_old/DME/DME (3).E2E,DME (3).E2E,13,Spectralis,n/a,1,DME,True,OCT5k,1,DME,0.9999999,7.373479e-06,0.66268075,-2.9101532,1,-6.991246,False,-4.37744,False,-7.266301,False,-10.136391,False,False,True
/Users/yuhaowang/Documents/UCL/Term3_Proj/Dataset/Macular-Dataset-R.Rasti_old/DME/DME (3).E2E,DME (3).E2E,14,Spectralis,n/a,1,DME,True,OCT5k,1,DME,1.0,6.561345e-08,0.84280235,-3.3343792,1,-13.657028,False,-4.3791676,False,-7.266301,False,-13.03681,False,False,True
/Users/yuhaowang/Documents/UCL/Term3_Proj/Dataset/Macular-Dataset-R.Rasti_old/DME/DME (30).E2E,DME (30).E2E,6,Spectralis,n/a,1,DME,True,OCT5k,1,DME,0.6307913,0.13452661,0.50293213,-1.5002819,1,0.46733236,True,27.415829,True,-7.266301,False,12.226807,True,True,True
/Users/yuhaowang/Documents/UCL/Term3_Proj/Dataset/Macular-Dataset-R.Rasti_old/DME/DME (30).E2E,DME (30).E2E,7,Spectralis,n/a,1,DME,True,OCT5k,1,DME,0.9927544,0.035568707,0.58400697,-2.0675876,1,-3.0962012,False,4.027388,True,-7.266301,False,-2.970247,False,True,True
/Users/yuhaowang/Documents/UCL/Term3_Proj/Dataset/Macular-Dataset-R.Rasti_old/DME/DME (30).E2E,DME (30).E2E,8,Spectralis,n/a,1,DME,True,OCT5k,1,DME,1.0,1.0290023e-07,0.88039654,-0.15444797,1,-10.157272,False,-4.3791585,False,-7.266301,False,-7.9598265,False,False,True
/Users/yuhaowang/Documents/UCL/Term3_Proj/Dataset/Macular-Dataset-R.Rasti_old/DME/DME (30).E2E,DME (30).E2E,9,Spectralis,n/a,1,DME,True,OCT5k,1,DME,1.0,8.842065e-09,0.87107736,-1.2240082,1,-11.445752,False,-4.379181,False,-7.266301,False,-9.70738,False,False,True
/Users/yuhaowang/Documents/UCL/Term3_Proj/Dataset/Macular-Dataset-R.Rasti_old/DME/DME (30).E2E,DME (30).E2E,10,Spectralis,n/a,1,DME,True,OCT5k,1,DME,0.9999993,8.484403e-07,0.83529025,-0.6560967,1,-9.397668,False,-4.3789825,False,-7.266301,False,-8.290432,False,False,True
/Users/yuhaowang/Documents/UCL/Term3_Proj/Dataset/Macular-Dataset-R.Rasti_old/DME/DME (30).E2E,DME (30).E2E,11,Spectralis,n/a,1,DME,True,OCT5k,1,DME,0.9999999,2.0612651e-06,0.85322154,-0.7095833,1,-10.0780945,False,-4.3786955,False,-7.266301,False,-8.598477,False,False,True
/Users/yuhaowang/Documents/UCL/Term3_Proj/Dataset/Macular-Dataset-R.Rasti_old/DME/DME (30).E2E,DME (30).E2E,12,Spectralis,n/a,1,DME,True,OCT5k,3,NORMAL,0.9997931,0.0016613547,0.5253333,-1.2434155,1,0.101661205,True,-3.986526,False,-7.266301,False,-5.369031,False,True,True
/Users/yuhaowang/Documents/UCL/Term3_Proj/Dataset/Macular-Dataset-R.Rasti_old/DME/DME (30).E2E,DME (30).E2E,13,Spectralis,n/a,1,DME,True,OCT5k,1,DME,0.99994826,0.015294176,0.64843297,-1.6293103,1,-4.5975127,False,-0.7644446,False,-7.266301,False,-5.693744,False,False,True
/Users/yuhaowang/Documents/UCL/Term3_Proj/Dataset/Macular-Dataset-R.Rasti_old/DME/DME (30).E2E,DME (30).E2E,14,Spectralis,n/a,1,DME,True,OCT5k,1,DME,0.9999863,0.00016685016,0.66506225,-1.1903617,1,-4.497455,False,-4.3397484,False,-7.266301,False,-7.153839,False,False,True
/Users/yuhaowang/Documents/UCL/Term3_Proj/Dataset/Macular-Dataset-R.Rasti_old/DME/DME (31).E2E,DME (31).E2E,6,Spectralis,n/a,1,DME,True,OCT5k,1,DME,1.0,9.0259855e-06,0.71296793,-6.9462304,1,-14.714664,False,-4.3770494,False,-7.266301,False,-17.756338,False,False,True
/Users/yuhaowang/Documents/UCL/Term3_Proj/Dataset/Macular-Dataset-R.Rasti_old/DME/DME (31).E2E,DME (31).E2E,7,Spectralis,n/a,1,DME,True,OCT5k,1,DME,0.9999974,0.00017157535,0.67625695,-7.9695134,1,-15.016743,False,-4.3386316,False,-7.266301,False,-19.072912,False,False,True
/Users/yuhaowang/Documents/UCL/Term3_Proj/Dataset/Macular-Dataset-R.Rasti_old/DME/DME (31).E2E,DME (31).E2E,8,Spectralis,n/a,1,DME,True,OCT5k,1,DME,0.99999976,0.00013300704,0.7228803,-7.489084,1,-15.858896,False,-4.347747,False,-7.266301,False,-18.802462,False,False,True
/Users/yuhaowang/Documents/UCL/Term3_Proj/Dataset/Macular-Dataset-R.Rasti_old/DME/DME (31).E2E,DME (31).E2E,9,Spectralis,n/a,1,DME,True,OCT5k,1,DME,1.0,2.8383765e-06,0.7576726,-10.996709,1,-22.272718,False,-4.378512,False,-7.266301,False,-25.335371,False,False,True
/Users/yuhaowang/Documents/UCL/Term3_Proj/Dataset/Macular-Dataset-R.Rasti_old/DME/DME (31).E2E,DME (31).E2E,10,Spectralis,n/a,1,DME,True,OCT5k,1,DME,0.97775066,0.020590529,0.46030283,-8.691749,1,-8.866779,False,0.4873345,True,-7.266301,False,-15.005007,False,True,True
/Users/yuhaowang/Documents/UCL/Term3_Proj/Dataset/Macular-Dataset-R.Rasti_old/DME/DME (31).E2E,DME (31).E2E,11,Spectralis,n/a,1,DME,True,OCT5k,1,DME,0.94279563,0.032844946,0.31981304,-6.8048916,1,-1.3392644,False,3.383634,True,-7.266301,False,-8.399229,False,True,True
/Users/yuhaowang/Documents/UCL/Term3_Proj/Dataset/Macular-Dataset-R.Rasti_old/DME/DME (31).E2E,DME (31).E2E,12,Spectralis,n/a,1,DME,True,OCT5k,3,NORMAL,0.98731846,0.13769482,0.49553165,-7.9965644,2,-9.006046,False,28.164625,True,5.519489,True,7.285044,True,True,True
/Users/yuhaowang/Documents/UCL/Term3_Proj/Dataset/Macular-Dataset-R.Rasti_old/DME/DME (31).E2E,DME (31).E2E,13,Spectralis,n/a,1,DME,True,OCT5k,1,DME,0.9999995,3.7606427e-05,0.73964155,-7.8187733,1,-16.913462,False,-4.3702946,False,-7.266301,False,-19.589558,False,False,True
/Users/yuhaowang/Documents/UCL/Term3_Proj/Dataset/Macular-Dataset-R.Rasti_old/DME/DME (31).E2E,DME (31).E2E,14,Spectralis,n/a,1,DME,True,OCT5k,1,DME,0.999401,0.0011066487,0.56105745,-6.2798853,1,-8.631155,False,-4.117629,False,-7.266301,False,-14.62776,False,True,True
/Users/yuhaowang/Documents/UCL/Term3_Proj/Dataset/Macular-Dataset-R.Rasti_old/DME/DME (32).E2E,DME (32).E2E,12,Spectralis,n/a,1,DME,True,OCT5k,1,DME,0.99997437,0.0013447842,0.70539486,-1.4289471,1,-6.2049246,False,-4.0613465,False,-7.266301,False,-7.895138,False,False,True
/Users/yuhaowang/Documents/UCL/Term3_Proj/Dataset/Macular-Dataset-R.Rasti_old/DME/DME (32).E2E,DME (32).E2E,13,Spectralis,n/a,1,DME,True,OCT5k,1,DME,0.819207,0.140638,0.5377468,-1.8883953,1,-1.2791371,False,28.860237,True,-7.266301,False,11.951744,True,True,True
/Users/yuhaowang/Documents/UCL/Term3_Proj/Dataset/Macular-Dataset-R.Rasti_old/DME/DME (32).E2E,DME (32).E2E,14,Spectralis,n/a,1,DME,True,OCT5k,1,DME,0.99960715,0.0058479626,0.65814734,-1.2438388,1,-4.345949,False,-2.9970322,False,-7.266301,False,-6.4038415,False,True,True
/Users/yuhaowang/Documents/UCL/Term3_Proj/Dataset/Macular-Dataset-R.Rasti_old/DME/DME (32).E2E,DME (32).E2E,15,Spectralis,n/a,1,DME,True,OCT5k,1,DME,0.9978745,0.0022138301,0.6369041,-1.7389579,1,-4.375574,False,-3.8559499,False,-7.266301,False,-7.495757,False,True,True
/Users/yuhaowang/Documents/UCL/Term3_Proj/Dataset/Macular-Dataset-R.Rasti_old/DME/DME (32).E2E,DME (32).E2E,16,Spectralis,n/a,1,DME,True,OCT5k,1,DME,0.9999201,0.00039042463,0.6839401,-2.0667045,1,-6.440914,False,-4.286907,False,-7.266301,False,-8.87401,False,False,True
/Users/yuhaowang/Documents/UCL/Term3_Proj/Dataset/Macular-Dataset-R.Rasti_old/DME/DME (32).E2E,DME (32).E2E,17,Spectralis,n/a,1,DME,True,OCT5k,1,DME,0.9999999,4.6599125e-06,0.7625686,-2.052838,1,-9.05286,False,-4.3780813,False,-7.266301,False,-9.845259,False,False,True
/Users/yuhaowang/Documents/UCL/Term3_Proj/Dataset/Macular-Dataset-R.Rasti_old/DME/DME (32).E2E,DME (32).E2E,18,Spectralis,n/a,1,DME,True,OCT5k,1,DME,0.99996734,7.084524e-05,0.6683241,-2.955978,1,-7.2487745,False,-4.3624387,False,-7.266301,False,-10.2753,False,False,True
/Users/yuhaowang/Documents/UCL/Term3_Proj/Dataset/Macular-Dataset-R.Rasti_old/DME/DME (32).E2E,DME (32).E2E,19,Spectralis,n/a,1,DME,True,OCT5k,1,DME,0.9999505,4.792231e-05,0.662048,-1.5753736,1,-4.9726686,False,-4.3678565,False,-7.266301,False,-7.8029003,False,False,True
/Users/yuhaowang/Documents/UCL/Term3_Proj/Dataset/Macular-Dataset-R.Rasti_old/DME/DME (32).E2E,DME (32).E2E,20,Spectralis,n/a,1,DME,True,OCT5k,1,DME,1.0,8.174908e-08,0.7922356,-1.8473457,1,-9.738689,False,-4.3791637,False,-7.266301,False,-9.844712,False,False,True
/Users/yuhaowang/Documents/UCL/Term3_Proj/Dataset/Macular-Dataset-R.Rasti_old/DME/DME (33).E2E,DME (33).E2E,6,Spectralis,n/a,1,DME,True,OCT5k,1,DME,0.99999976,-9.3912604e-08,0.8143272,-3.3506427,1,-12.72794,False,-4.3792048,False,-7.266301,False,-12.723327,False,False,True
/Users/yuhaowang/Documents/UCL/Term3_Proj/Dataset/Macular-Dataset-R.Rasti_old/DME/DME (33).E2E,DME (33).E2E,7,Spectralis,n/a,1,DME,True,OCT5k,1,DME,0.99999356,0.00010835013,0.77697027,-2.7903965,1,-10.638764,False,-4.3535748,False,-7.266301,False,-11.286467,False,False,True
/Users/yuhaowang/Documents/UCL/Term3_Proj/Dataset/Macular-Dataset-R.Rasti_old/DME/DME (33).E2E,DME (33).E2E,8,Spectralis,n/a,1,DME,True,OCT5k,1,DME,0.99941885,0.0004580086,0.64412606,-3.7222664,1,-7.585247,False,-4.2709336,False,-7.266301,False,-11.265236,False,True,True
/Users/yuhaowang/Documents/UCL/Term3_Proj/Dataset/Macular-Dataset-R.Rasti_old/DME/DME (33).E2E,DME (33).E2E,9,Spectralis,n/a,1,DME,True,OCT5k,1,DME,0.9993849,0.0032975785,0.59248745,-2.0048127,1,-3.2862134,False,-3.5998087,False,-7.266301,False,-7.2798443,False,True,True
/Users/yuhaowang/Documents/UCL/Term3_Proj/Dataset/Macular-Dataset-R.Rasti_old/DME/DME (33).E2E,DME (33).E2E,10,Spectralis,n/a,1,DME,True,OCT5k,1,DME,0.999703,0.0014550709,0.66048247,-3.175434,1,-7.3146133,False,-4.0352807,False,-7.266301,False,-10.377527,False,True,True
/Users/yuhaowang/Documents/UCL/Term3_Proj/Dataset/Macular-Dataset-R.Rasti_old/DME/DME (33).E2E,DME (33).E2E,11,Spectralis,n/a,1,DME,True,OCT5k,1,DME,0.99988616,0.00038680132,0.736748,-2.1171224,1,-8.284512,False,-4.2877636,False,-7.266301,False,-9.595979,False,False,True
/Users/yuhaowang/Documents/UCL/Term3_Proj/Dataset/Macular-Dataset-R.Rasti_old/DME/DME (33).E2E,DME (33).E2E,12,Spectralis,n/a,1,DME,True,OCT5k,1,DME,0.99932563,0.00036634319,0.6485373,-2.808655,1,-6.3658,False,-4.2925987,False,-7.266301,False,-9.74216,False,True,True
/Users/yuhaowang/Documents/UCL/Term3_Proj/Dataset/Macular-Dataset-R.Rasti_old/DME/DME (33).E2E,DME (33).E2E,13,Spectralis,n/a,1,DME,True,OCT5k,1,DME,0.99944323,0.00051246583,0.66118294,-2.1388304,1,-5.786873,False,-4.258063,False,-7.266301,False,-8.709927,False,True,True
/Users/yuhaowang/Documents/UCL/Term3_Proj/Dataset/Macular-Dataset-R.Rasti_old/DME/DME (33).E2E,DME (33).E2E,14,Spectralis,n/a,1,DME,True,OCT5k,1,DME,0.99995923,1.5711295e-05,0.70795244,-2.5892441,1,-8.026851,False,-4.375469,False,-7.266301,False,-10.120766,False,False,True
/Users/yuhaowang/Documents/UCL/Term3_Proj/Dataset/Macular-Dataset-R.Rasti_old/DME/DME (34).E2E,DME (34).E2E,12,Spectralis,n/a,1,DME,True,OCT5k,1,DME,1.0,5.218666e-06,0.73597753,-3.7095873,1,-10.641712,False,-4.377949,False,-7.266301,False,-12.406225,False,False,True
/Users/yuhaowang/Documents/UCL/Term3_Proj/Dataset/Macular-Dataset-R.Rasti_old/DME/DME (34).E2E,DME (34).E2E,13,Spectralis,n/a,1,DME,True,OCT5k,1,DME,1.0,4.2347274e-06,0.6698257,-4.176707,1,-9.125774,False,-4.378182,False,-7.266301,False,-12.424431,False,False,True
/Users/yuhaowang/Documents/UCL/Term3_Proj/Dataset/Macular-Dataset-R.Rasti_old/DME/DME (34).E2E,DME (34).E2E,14,Spectralis,n/a,1,DME,True,OCT5k,1,DME,1.0,9.735345e-08,0.6451365,-3.8701267,1,-7.8403397,False,-4.37916,False,-7.266301,False,-11.595669,False,False,True
/Users/yuhaowang/Documents/UCL/Term3_Proj/Dataset/Macular-Dataset-R.Rasti_old/DME/DME (34).E2E,DME (34).E2E,15,Spectralis,n/a,1,DME,True,OCT5k,1,DME,1.0,1.3463728e-07,0.76533633,-2.8233395,1,-10.298525,False,-4.379151,False,-7.266301,False,-11.2185755,False,False,True
/Users/yuhaowang/Documents/UCL/Term3_Proj/Dataset/Macular-Dataset-R.Rasti_old/DME/DME (34).E2E,DME (34).E2E,16,Spectralis,n/a,1,DME,True,OCT5k,1,DME,0.99999964,4.1724314e-05,0.67508274,-3.3305354,1,-8.035567,False,-4.3693213,False,-7.266301,False,-11.011473,False,False,True
/Users/yuhaowang/Documents/UCL/Term3_Proj/Dataset/Macular-Dataset-R.Rasti_old/DME/DME (34).E2E,DME (34).E2E,17,Spectralis,n/a,1,DME,True,OCT5k,1,DME,0.99999917,6.9412745e-06,0.7395358,-3.7494438,1,-10.820495,False,-4.3775425,False,-7.266301,False,-12.517993,False,False,True
/Users/yuhaowang/Documents/UCL/Term3_Proj/Dataset/Macular-Dataset-R.Rasti_old/DME/DME (34).E2E,DME (34).E2E,18,Spectralis,n/a,1,DME,True,OCT5k,1,DME,0.99999595,0.0001850641,0.6898729,-2.0911446,1,-6.676133,False,-4.3354435,False,-7.266301,False,-9.015179,False,False,True
/Users/yuhaowang/Documents/UCL/Term3_Proj/Dataset/Macular-Dataset-R.Rasti_old/DME/DME (34).E2E,DME (34).E2E,19,Spectralis,n/a,1,DME,True,OCT5k,1,DME,1.0,1.0950353e-06,0.7155144,-3.6552613,1,-9.875256,False,-4.378924,False,-7.266301,False,-12.066721,False,False,True
/Users/yuhaowang/Documents/UCL/Term3_Proj/Dataset/Macular-Dataset-R.Rasti_old/DME/DME (34).E2E,DME (34).E2E,20,Spectralis,n/a,1,DME,True,OCT5k,1,DME,0.9999999,6.6509347e-06,0.74746436,-3.581895,1,-10.835241,False,-4.3776107,False,-7.266301,False,-12.321918,False,False,True
/Users/yuhaowang/Documents/UCL/Term3_Proj/Dataset/Macular-Dataset-R.Rasti_old/DME/DME (35).E2E,DME (35).E2E,6,Spectralis,n/a,1,DME,True,OCT5k,1,DME,1.0,1.1748753e-06,0.81668043,-1.9869114,1,-10.766018,False,-4.3789053,False,-7.266301,False,-10.380599,False,False,True
/Users/yuhaowang/Documents/UCL/Term3_Proj/Dataset/Macular-Dataset-R.Rasti_old/DME/DME (35).E2E,DME (35).E2E,7,Spectralis,n/a,1,DME,True,OCT5k,1,DME,1.0,4.7223375e-07,0.8202009,-3.5831995,1,-13.272612,False,-4.379071,False,-7.266301,False,-13.198044,False,False,True
/Users/yuhaowang/Documents/UCL/Term3_Proj/Dataset/Macular-Dataset-R.Rasti_old/DME/DME (35).E2E,DME (35).E2E,8,Spectralis,n/a,1,DME,True,OCT5k,1,DME,1.0,7.2288094e-07,0.8354612,-3.27368,1,-13.320396,False,-4.379012,False,-7.266301,False,-12.843084,False,False,True
/Users/yuhaowang/Documents/UCL/Term3_Proj/Dataset/Macular-Dataset-R.Rasti_old/DME/DME (35).E2E,DME (35).E2E,9,Spectralis,n/a,1,DME,True,OCT5k,1,DME,0.9999807,0.00018206995,0.73592305,-2.9128878,1,-9.447691,False,-4.336151,False,-7.266301,False,-10.996878,False,False,True
/Users/yuhaowang/Documents/UCL/Term3_Proj/Dataset/Macular-Dataset-R.Rasti_old/DME/DME (35).E2E,DME (35).E2E,10,Spectralis,n/a,1,DME,True,OCT5k,1,DME,0.9999441,0.00013458007,0.68919873,-2.55878,1,-7.3533382,False,-4.347375,False,-7.266301,False,-9.826809,False,False,True
/Users/yuhaowang/Documents/UCL/Term3_Proj/Dataset/Macular-Dataset-R.Rasti_old/DME/DME (35).E2E,DME (35).E2E,11,Spectralis,n/a,1,DME,True,OCT5k,1,DME,0.9999759,0.00031895936,0.7008419,-2.1968467,1,-7.2015796,False,-4.3037977,False,-7.266301,False,-9.312684,False,False,True
/Users/yuhaowang/Documents/UCL/Term3_Proj/Dataset/Macular-Dataset-R.Rasti_old/DME/DME (35).E2E,DME (35).E2E,12,Spectralis,n/a,1,DME,True,OCT5k,1,DME,0.9980964,0.0027636793,0.6157982,-1.7324297,1,-3.6591208,False,-3.7259943,False,-7.266301,False,-7.157527,False,True,True
/Users/yuhaowang/Documents/UCL/Term3_Proj/Dataset/Macular-Dataset-R.Rasti_old/DME/DME (35).E2E,DME (35).E2E,13,Spectralis,n/a,1,DME,True,OCT5k,1,DME,0.9999999,4.4627977e-06,0.7282324,-3.2115188,1,-9.637064,False,-4.378128,False,-7.266301,False,-11.447488,False,False,True
/Users/yuhaowang/Documents/UCL/Term3_Proj/Dataset/Macular-Dataset-R.Rasti_old/DME/DME (35).E2E,DME (35).E2E,14,Spectralis,n/a,1,DME,True,OCT5k,1,DME,0.99999106,7.358947e-06,0.660316,-2.4524891,1,-6.22721,False,-4.3774433,False,-7.266301,False,-9.312374,False,False,True
/Users/yuhaowang/Documents/UCL/Term3_Proj/Dataset/Macular-Dataset-R.Rasti_old/DME/DME (36).E2E,DME (36).E2E,9,Spectralis,n/a,1,DME,True,OCT5k,1,DME,0.97274977,0.016645774,0.5314139,-1.121789,1,0.08006954,True,-0.4449978,False,-7.266301,False,-3.22609,False,True,True
/Users/yuhaowang/Documents/UCL/Term3_Proj/Dataset/Macular-Dataset-R.Rasti_old/DME/DME (36).E2E,DME (36).E2E,10,Spectralis,n/a,1,DME,True,OCT5k,1,DME,0.94683844,0.03560762,0.4546155,-1.514174,2,2.0643172,True,4.036585,True,5.519489,True,5.3892665,True,True,True
/Users/yuhaowang/Documents/UCL/Term3_Proj/Dataset/Macular-Dataset-R.Rasti_old/DME/DME (36).E2E,DME (36).E2E,11,Spectralis,n/a,1,DME,True,OCT5k,1,DME,0.99934465,0.0012032362,0.5675722,-1.9512682,1,-2.3718572,False,-4.094801,False,-7.266301,False,-7.1678724,False,True,True
/Users/yuhaowang/Documents/UCL/Term3_Proj/Dataset/Macular-Dataset-R.Rasti_old/DME/DME (36).E2E,DME (36).E2E,12,Spectralis,n/a,1,DME,True,OCT5k,1,DME,0.9989066,0.033205066,0.58426267,-1.5167179,1,-2.2804306,False,3.4687471,True,-7.266301,False,-2.331834,False,True,True
/Users/yuhaowang/Documents/UCL/Term3_Proj/Dataset/Macular-Dataset-R.Rasti_old/DME/DME (36).E2E,DME (36).E2E,13,Spectralis,n/a,1,DME,True,OCT5k,1,DME,0.9996118,0.0017127972,0.6554889,-2.2163324,1,-5.7121964,False,-3.9743676,False,-7.266301,False,-8.615747,False,True,True
/Users/yuhaowang/Documents/UCL/Term3_Proj/Dataset/Macular-Dataset-R.Rasti_old/DME/DME (36).E2E,DME (36).E2E,14,Spectralis,n/a,1,DME,True,OCT5k,1,DME,0.9999794,9.718363e-05,0.65619135,-2.0747032,1,-5.523779,False,-4.3562136,False,-7.266301,False,-8.594084,False,False,True
/Users/yuhaowang/Documents/UCL/Term3_Proj/Dataset/Macular-Dataset-R.Rasti_old/DME/DME (36).E2E,DME (36).E2E,15,Spectralis,n/a,1,DME,True,OCT5k,1,DME,0.99999416,0.0002593248,0.6636812,-4.055466,1,-8.738614,False,-4.317892,False,-7.266301,False,-12.105785,False,False,True
/Users/yuhaowang/Documents/UCL/Term3_Proj/Dataset/Macular-Dataset-R.Rasti_old/DME/DME (36).E2E,DME (36).E2E,16,Spectralis,n/a,1,DME,True,OCT5k,1,DME,0.99999547,0.0003941079,0.68955207,-3.7967877,1,-9.217749,False,-4.2860365,False,-7.266301,False,-11.948568,False,False,True
/Users/yuhaowang/Documents/UCL/Term3_Proj/Dataset/Macular-Dataset-R.Rasti_old/DME/DME (36).E2E,DME (36).E2E,17,Spectralis,n/a,1,DME,True,OCT5k,1,DME,0.99999297,0.00052552053,0.6179086,-2.9172456,1,-5.5027657,False,-4.254977,False,-7.266301,False,-9.542023,False,False,True
/Users/yuhaowang/Documents/UCL/Term3_Proj/Dataset/Macular-Dataset-R.Rasti_old/DME/DME (37).E2E,DME (37).E2E,6,Spectralis,n/a,1,DME,True,OCT5k,1,DME,0.88993704,0.02180478,0.48239386,-3.34652,1,-1.6077375,False,0.7743199,True,-7.266301,False,-5.8152165,False,True,True
/Users/yuhaowang/Documents/UCL/Term3_Proj/Dataset/Macular-Dataset-R.Rasti_old/DME/DME (37).E2E,DME (37).E2E,7,Spectralis,n/a,1,DME,True,OCT5k,1,DME,0.9916203,0.014719658,0.42852664,-2.4831653,1,1.4878259,True,-0.9002304,False,-7.266301,False,-4.6155357,False,True,True
/Users/yuhaowang/Documents/UCL/Term3_Proj/Dataset/Macular-Dataset-R.Rasti_old/DME/DME (37).E2E,DME (37).E2E,8,Spectralis,n/a,1,DME,True,OCT5k,1,DME,0.99997973,6.223156e-05,0.6714591,-2.4147422,1,-6.543826,False,-4.364475,False,-7.266301,False,-9.373159,False,False,True
/Users/yuhaowang/Documents/UCL/Term3_Proj/Dataset/Macular-Dataset-R.Rasti_old/DME/DME (37).E2E,DME (37).E2E,9,Spectralis,n/a,1,DME,True,OCT5k,1,DME,0.99999964,7.0123497e-07,0.84730697,-2.163672,1,-12.055986,False,-4.379017,False,-7.266301,False,-11.055554,False,False,True
/Users/yuhaowang/Documents/UCL/Term3_Proj/Dataset/Macular-Dataset-R.Rasti_old/DME/DME (37).E2E,DME (37).E2E,10,Spectralis,n/a,1,DME,True,OCT5k,1,DME,0.99999535,1.2136094e-05,0.8276109,-1.3141099,1,-10.125207,False,-4.3763146,False,-7.266301,False,-9.340684,False,False,True
/Users/yuhaowang/Documents/UCL/Term3_Proj/Dataset/Macular-Dataset-R.Rasti_old/DME/DME (37).E2E,DME (37).E2E,11,Spectralis,n/a,1,DME,True,OCT5k,1,DME,0.9999993,8.9149034e-07,0.8306596,-1.985451,1,-11.231894,False,-4.378972,False,-7.266301,False,-10.545885,False,False,True
/Users/yuhaowang/Documents/UCL/Term3_Proj/Dataset/Macular-Dataset-R.Rasti_old/DME/DME (37).E2E,DME (37).E2E,12,Spectralis,n/a,1,DME,True,OCT5k,1,DME,0.99998677,9.1230264e-05,0.7445383,-3.0334957,1,-9.916633,False,-4.3576207,False,-7.266301,False,-11.322107,False,False,True
/Users/yuhaowang/Documents/UCL/Term3_Proj/Dataset/Macular-Dataset-R.Rasti_old/DME/DME (37).E2E,DME (37).E2E,13,Spectralis,n/a,1,DME,True,OCT5k,1,DME,0.9995658,0.00016529532,0.6233569,-3.3009212,1,-6.259329,False,-4.3401155,False,-7.266301,False,-10.322612,False,True,True
/Users/yuhaowang/Documents/UCL/Term3_Proj/Dataset/Macular-Dataset-R.Rasti_old/DME/DME (37).E2E,DME (37).E2E,14,Spectralis,n/a,1,DME,True,OCT5k,1,DME,0.99997044,0.00103108,0.7135567,-3.1884344,1,-9.111137,False,-4.13549,False,-7.266301,False,-11.093878,False,False,True
/Users/yuhaowang/Documents/UCL/Term3_Proj/Dataset/Macular-Dataset-R.Rasti_old/DME/DME (38).E2E,DME (38).E2E,6,Spectralis,n/a,1,DME,True,OCT5k,1,DME,1.0,4.2879037e-06,0.634288,-6.9285154,1,-12.053738,False,-4.3781695,False,-7.266301,False,-16.781809,False,False,True
/Users/yuhaowang/Documents/UCL/Term3_Proj/Dataset/Macular-Dataset-R.Rasti_old/DME/DME (38).E2E,DME (38).E2E,7,Spectralis,n/a,1,DME,True,OCT5k,1,DME,1.0,3.7345962e-06,0.7690708,-3.2835238,1,-11.112194,False,-4.3783,False,-7.266301,False,-12.062933,False,False,True
/Users/yuhaowang/Documents/UCL/Term3_Proj/Dataset/Macular-Dataset-R.Rasti_old/DME/DME (38).E2E,DME (38).E2E,8,Spectralis,n/a,1,DME,True,OCT5k,1,DME,1.0,1.2668451e-08,0.72973174,-3.9333675,1,-10.767454,False,-4.37918,False,-7.266301,False,-12.720991,False,False,True
/Users/yuhaowang/Documents/UCL/Term3_Proj/Dataset/Macular-Dataset-R.Rasti_old/DME/DME (38).E2E,DME (38).E2E,9,Spectralis,n/a,1,DME,True,OCT5k,1,DME,0.99999976,1.8511142e-05,0.7510371,-3.9787307,1,-11.548699,False,-4.374808,False,-7.266301,False,-13.053101,False,False,True
/Users/yuhaowang/Documents/UCL/Term3_Proj/Dataset/Macular-Dataset-R.Rasti_old/DME/DME (38).E2E,DME (38).E2E,10,Spectralis,n/a,1,DME,True,OCT5k,1,DME,0.9999027,0.00061704684,0.5923675,-5.1571765,1,-7.9994564,False,-4.2333455,False,-7.266301,False,-13.117265,False,False,True
/Users/yuhaowang/Documents/UCL/Term3_Proj/Dataset/Macular-Dataset-R.Rasti_old/DME/DME (38).E2E,DME (38).E2E,11,Spectralis,n/a,1,DME,True,OCT5k,1,DME,0.9999583,0.0003670141,0.69065815,-2.939241,1,-7.9715333,False,-4.29244,False,-7.266301,False,-10.474652,False,False,True
/Users/yuhaowang/Documents/UCL/Term3_Proj/Dataset/Macular-Dataset-R.Rasti_old/DME/DME (38).E2E,DME (38).E2E,12,Spectralis,n/a,1,DME,True,OCT5k,1,DME,0.99978477,0.00031922478,0.5922637,-2.1096303,1,-3.435573,False,-4.303735,False,-7.266301,False,-7.8577986,False,True,True
/Users/yuhaowang/Documents/UCL/Term3_Proj/Dataset/Macular-Dataset-R.Rasti_old/DME/DME (38).E2E,DME (38).E2E,13,Spectralis,n/a,1,DME,True,OCT5k,1,DME,0.99999905,2.6129164e-06,0.66127616,-3.056425,1,-7.163101,False,-4.3785653,False,-7.266301,False,-10.374457,False,False,True
/Users/yuhaowang/Documents/UCL/Term3_Proj/Dataset/Macular-Dataset-R.Rasti_old/DME/DME (38).E2E,DME (38).E2E,14,Spectralis,n/a,1,DME,True,OCT5k,1,DME,1.0,9.756927e-07,0.6989667,-2.958563,1,-8.27864,False,-4.378952,False,-7.266301,False,-10.656933,False,False,True
/Users/yuhaowang/Documents/UCL/Term3_Proj/Dataset/Macular-Dataset-R.Rasti_old/DME/DME (39).E2E,DME (39).E2E,6,Spectralis,n/a,1,DME,True,OCT5k,1,DME,0.9998609,0.0007621143,0.663654,-2.3835547,1,-6.2358217,False,-4.199059,False,-7.266301,False,-9.131636,False,False,True
/Users/yuhaowang/Documents/UCL/Term3_Proj/Dataset/Macular-Dataset-R.Rasti_old/DME/DME (39).E2E,DME (39).E2E,7,Spectralis,n/a,1,DME,True,OCT5k,1,DME,0.9999999,2.9721297e-05,0.5683949,-2.7916687,1,-3.6569958,False,-4.372158,False,-7.266301,False,-8.795738,False,False,True
/Users/yuhaowang/Documents/UCL/Term3_Proj/Dataset/Macular-Dataset-R.Rasti_old/DME/DME (39).E2E,DME (39).E2E,8,Spectralis,n/a,1,DME,True,OCT5k,1,DME,0.99999964,2.7592869e-06,0.86698115,-1.665511,1,-11.969274,False,-4.3785305,False,-7.266301,False,-10.4253845,False,False,True
/Users/yuhaowang/Documents/UCL/Term3_Proj/Dataset/Macular-Dataset-R.Rasti_old/DME/DME (39).E2E,DME (39).E2E,9,Spectralis,n/a,1,DME,True,OCT5k,1,DME,0.9999999,-1.2436158e-07,0.86179143,-1.2900797,1,-11.233705,False,-4.3792124,False,-7.266301,False,-9.710805,False,False,True
/Users/yuhaowang/Documents/UCL/Term3_Proj/Dataset/Macular-Dataset-R.Rasti_old/DME/DME (39).E2E,DME (39).E2E,10,Spectralis,n/a,1,DME,True,OCT5k,1,DME,0.9961086,0.0013225358,0.5814251,-1.5673544,1,-2.2611935,False,-4.066605,False,-7.266301,False,-6.650763,False,True,True
/Users/yuhaowang/Documents/UCL/Term3_Proj/Dataset/Macular-Dataset-R.Rasti_old/DME/DME (39).E2E,DME (39).E2E,11,Spectralis,n/a,1,DME,True,OCT5k,1,DME,0.9543359,0.013968408,0.47235566,-1.620079,1,1.3118491,True,-1.0777863,False,-7.266301,False,-3.7416492,False,True,True
/Users/yuhaowang/Documents/UCL/Term3_Proj/Dataset/Macular-Dataset-R.Rasti_old/DME/DME (39).E2E,DME (39).E2E,12,Spectralis,n/a,1,DME,True,OCT5k,1,DME,0.9995123,0.0053017735,0.5353376,-1.6071934,1,-0.7776761,False,-3.1261225,False,-7.266301,False,-5.6345434,False,True,True
/Users/yuhaowang/Documents/UCL/Term3_Proj/Dataset/Macular-Dataset-R.Rasti_old/DME/DME (39).E2E,DME (39).E2E,13,Spectralis,n/a,1,DME,True,OCT5k,1,DME,1.0,2.8390295e-06,0.6634484,-6.315887,1,-12.113358,False,-4.378512,False,-7.266301,False,-16.06697,False,False,True
/Users/yuhaowang/Documents/UCL/Term3_Proj/Dataset/Macular-Dataset-R.Rasti_old/DME/DME (39).E2E,DME (39).E2E,14,Spectralis,n/a,1,DME,True,OCT5k,1,DME,1.0,7.3099955e-08,0.83543944,-1.6411082,1,-10.876654,False,-4.3791656,False,-7.266301,False,-10.004736,False,False,True
/Users/yuhaowang/Documents/UCL/Term3_Proj/Dataset/Macular-Dataset-R.Rasti_old/DME/DME (4).E2E,DME (4).E2E,6,Spectralis,n/a,1,DME,True,OCT5k,1,DME,0.99979764,0.0018644547,0.5097202,-19.046877,1,-26.017029,False,-3.9385238,False,-7.266301,False,-36.10521,False,True,True
/Users/yuhaowang/Documents/UCL/Term3_Proj/Dataset/Macular-Dataset-R.Rasti_old/DME/DME (4).E2E,DME (4).E2E,7,Spectralis,n/a,1,DME,True,OCT5k,1,DME,0.9992453,0.0031022169,0.52306277,-15.243228,1,-20.771917,False,-3.645982,False,-7.266301,False,-29.487259,False,True,True
/Users/yuhaowang/Documents/UCL/Term3_Proj/Dataset/Macular-Dataset-R.Rasti_old/DME/DME (4).E2E,DME (4).E2E,8,Spectralis,n/a,1,DME,True,OCT5k,1,DME,0.9996892,0.00033615064,0.5847113,-12.112586,1,-18.151323,False,-4.2997346,False,-7.266301,False,-25.154705,False,True,True
/Users/yuhaowang/Documents/UCL/Term3_Proj/Dataset/Macular-Dataset-R.Rasti_old/DME/DME (4).E2E,DME (4).E2E,9,Spectralis,n/a,1,DME,True,OCT5k,1,DME,0.99995923,0.00015876046,0.67676187,-6.377369,1,-12.651133,False,-4.3416605,False,-7.266301,False,-16.312794,False,False,True
/Users/yuhaowang/Documents/UCL/Term3_Proj/Dataset/Macular-Dataset-R.Rasti_old/DME/DME (4).E2E,DME (4).E2E,10,Spectralis,n/a,1,DME,True,OCT5k,1,DME,0.9999517,0.00011655677,0.6698536,-9.461102,1,-17.034386,False,-4.351635,False,-7.266301,False,-21.596493,False,False,True
/Users/yuhaowang/Documents/UCL/Term3_Proj/Dataset/Macular-Dataset-R.Rasti_old/DME/DME (4).E2E,DME (4).E2E,11,Spectralis,n/a,1,DME,True,OCT5k,1,DME,0.9999554,0.00022661278,0.59091765,-6.3769803,1,-9.776253,False,-4.3256235,False,-7.266301,False,-15.272684,False,False,True
/Users/yuhaowang/Documents/UCL/Term3_Proj/Dataset/Macular-Dataset-R.Rasti_old/DME/DME (4).E2E,DME (4).E2E,12,Spectralis,n/a,1,DME,True,OCT5k,1,DME,0.99999785,0.00011275677,0.673086,-7.7594037,1,-14.596159,False,-4.3525333,False,-7.266301,False,-18.67745,False,False,True
/Users/yuhaowang/Documents/UCL/Term3_Proj/Dataset/Macular-Dataset-R.Rasti_old/DME/DME (4).E2E,DME (4).E2E,13,Spectralis,n/a,1,DME,True,OCT5k,1,DME,0.99994683,0.00027900923,0.6462592,-4.6756153,1,-9.083281,False,-4.3132396,False,-7.266301,False,-12.972151,False,False,True
/Users/yuhaowang/Documents/UCL/Term3_Proj/Dataset/Macular-Dataset-R.Rasti_old/DME/DME (4).E2E,DME (4).E2E,14,Spectralis,n/a,1,DME,True,OCT5k,1,DME,0.9999981,1.7451857e-06,0.74539435,-7.0608115,1,-15.971851,False,-4.3787704,False,-7.266301,False,-18.345713,False,False,True
/Users/yuhaowang/Documents/UCL/Term3_Proj/Dataset/Macular-Dataset-R.Rasti_old/DME/DME (40).E2E,DME (40).E2E,6,Spectralis,n/a,1,DME,True,OCT5k,1,DME,0.99999964,1.4575613e-05,0.5928655,-16.576527,1,-25.10428,False,-4.375738,False,-7.266301,False,-33.05601,False,False,True
/Users/yuhaowang/Documents/UCL/Term3_Proj/Dataset/Macular-Dataset-R.Rasti_old/DME/DME (40).E2E,DME (40).E2E,7,Spectralis,n/a,1,DME,True,OCT5k,1,DME,0.999998,0.00011657749,0.6248149,-20.477982,1,-32.01225,False,-4.35163,False,-7.266301,False,-40.2084,False,False,True
/Users/yuhaowang/Documents/UCL/Term3_Proj/Dataset/Macular-Dataset-R.Rasti_old/DME/DME (40).E2E,DME (40).E2E,8,Spectralis,n/a,1,DME,True,OCT5k,1,DME,0.9999988,9.207004e-06,0.6607654,-13.926004,1,-23.411459,False,-4.3770065,False,-7.266301,False,-29.26386,False,False,True
/Users/yuhaowang/Documents/UCL/Term3_Proj/Dataset/Macular-Dataset-R.Rasti_old/DME/DME (40).E2E,DME (40).E2E,9,Spectralis,n/a,1,DME,True,OCT5k,1,DME,0.9999999,5.0893723e-06,0.71003723,-15.484165,1,-27.392876,False,-4.37798,False,-7.266301,False,-32.564617,False,False,True
/Users/yuhaowang/Documents/UCL/Term3_Proj/Dataset/Macular-Dataset-R.Rasti_old/DME/DME (40).E2E,DME (40).E2E,10,Spectralis,n/a,1,DME,True,OCT5k,1,DME,0.99998784,1.8594583e-05,0.7057376,-7.543347,1,-15.366112,False,-4.374788,False,-7.266301,False,-18.706345,False,False,True
/Users/yuhaowang/Documents/UCL/Term3_Proj/Dataset/Macular-Dataset-R.Rasti_old/DME/DME (40).E2E,DME (40).E2E,11,Spectralis,n/a,1,DME,True,OCT5k,1,DME,1.0,1.2701075e-06,0.7261925,-7.855085,1,-16.517487,False,-4.3788824,False,-7.266301,False,-19.496122,False,False,True
/Users/yuhaowang/Documents/UCL/Term3_Proj/Dataset/Macular-Dataset-R.Rasti_old/DME/DME (40).E2E,DME (40).E2E,12,Spectralis,n/a,1,DME,True,OCT5k,1,DME,0.9999999,3.4725526e-06,0.73747194,-5.301916,1,-13.074541,False,-4.378362,False,-7.266301,False,-15.192608,False,False,True
/Users/yuhaowang/Documents/UCL/Term3_Proj/Dataset/Macular-Dataset-R.Rasti_old/DME/DME (40).E2E,DME (40).E2E,13,Spectralis,n/a,1,DME,True,OCT5k,1,DME,0.99998164,4.5279274e-05,0.71393704,-4.7680383,1,-11.487623,False,-4.368481,False,-7.266301,False,-13.976406,False,False,True
/Users/yuhaowang/Documents/UCL/Term3_Proj/Dataset/Macular-Dataset-R.Rasti_old/DME/DME (40).E2E,DME (40).E2E,14,Spectralis,n/a,1,DME,True,OCT5k,1,DME,1.0,3.762409e-07,0.72833633,-11.176961,1,-21.560194,False,-4.379094,False,-7.266301,False,-25.29695,False,False,True
/Users/yuhaowang/Documents/UCL/Term3_Proj/Dataset/Macular-Dataset-R.Rasti_old/DME/DME (41).E2E,DME (41).E2E,6,Spectralis,n/a,1,DME,True,OCT5k,1,DME,0.98703265,0.027033158,0.53949356,-6.3162055,1,-7.9634886,False,2.0100331,True,-7.266301,False,-10.963861,False,True,True
/Users/yuhaowang/Documents/UCL/Term3_Proj/Dataset/Macular-Dataset-R.Rasti_old/DME/DME (41).E2E,DME (41).E2E,7,Spectralis,n/a,1,DME,True,OCT5k,1,DME,0.8677624,0.088636994,0.54560727,-5.782155,1,-7.3690286,False,16.569939,True,-7.266301,False,-1.8680074,False,True,True
/Users/yuhaowang/Documents/UCL/Term3_Proj/Dataset/Macular-Dataset-R.Rasti_old/DME/DME (41).E2E,DME (41).E2E,8,Spectralis,n/a,1,DME,True,OCT5k,3,NORMAL,0.96920466,0.10448405,0.45237544,-6.5848665,2,-5.448565,False,20.315348,True,5.519489,True,5.814586,True,True,True
/Users/yuhaowang/Documents/UCL/Term3_Proj/Dataset/Macular-Dataset-R.Rasti_old/DME/DME (41).E2E,DME (41).E2E,9,Spectralis,n/a,1,DME,True,OCT5k,1,DME,1.0,4.2821375e-07,0.77183867,-5.818302,1,-14.997965,False,-4.3790817,False,-7.266301,False,-16.50323,False,False,True
/Users/yuhaowang/Documents/UCL/Term3_Proj/Dataset/Macular-Dataset-R.Rasti_old/DME/DME (41).E2E,DME (41).E2E,10,Spectralis,n/a,1,DME,True,OCT5k,1,DME,1.0,-2.2202357e-08,0.8296116,-5.8045745,1,-16.911818,False,-4.379188,False,-7.266301,False,-17.172852,False,False,True
/Users/yuhaowang/Documents/UCL/Term3_Proj/Dataset/Macular-Dataset-R.Rasti_old/DME/DME (41).E2E,DME (41).E2E,11,Spectralis,n/a,1,DME,True,OCT5k,1,DME,0.99999,3.2448705e-05,0.74695295,-7.186288,1,-16.211803,False,-4.3715134,False,-7.266301,False,-18.57845,False,False,True
/Users/yuhaowang/Documents/UCL/Term3_Proj/Dataset/Macular-Dataset-R.Rasti_old/DME/DME (41).E2E,DME (41).E2E,12,Spectralis,n/a,1,DME,True,OCT5k,1,DME,0.9999876,5.769127e-05,0.73335874,-6.330942,1,-14.476675,False,-4.3655477,False,-7.266301,False,-16.924915,False,False,True
/Users/yuhaowang/Documents/UCL/Term3_Proj/Dataset/Macular-Dataset-R.Rasti_old/DME/DME (41).E2E,DME (41).E2E,13,Spectralis,n/a,1,DME,True,OCT5k,1,DME,0.999998,3.0171868e-06,0.70136666,-12.681835,1,-22.909098,False,-4.3784695,False,-7.266301,False,-27.589064,False,False,True
/Users/yuhaowang/Documents/UCL/Term3_Proj/Dataset/Macular-Dataset-R.Rasti_old/DME/DME (41).E2E,DME (41).E2E,14,Spectralis,n/a,1,DME,True,OCT5k,1,DME,1.0,-5.649781e-09,0.82443094,-6.2173796,1,-17.356085,False,-4.3791842,False,-7.266301,False,-17.828316,False,False,True
/Users/yuhaowang/Documents/UCL/Term3_Proj/Dataset/Macular-Dataset-R.Rasti_old/DME/DME (42).E2E,DME (42).E2E,6,Spectralis,n/a,1,DME,True,OCT5k,1,DME,1.0,3.7404106e-09,0.7885599,-3.24286,1,-11.703894,False,-4.379182,False,-7.266301,False,-12.226662,False,False,True
/Users/yuhaowang/Documents/UCL/Term3_Proj/Dataset/Macular-Dataset-R.Rasti_old/DME/DME (42).E2E,DME (42).E2E,7,Spectralis,n/a,1,DME,True,OCT5k,1,DME,0.99999714,7.5587013e-06,0.7239527,-5.8477745,1,-13.438715,False,-4.3773966,False,-7.266301,False,-15.978752,False,False,True
/Users/yuhaowang/Documents/UCL/Term3_Proj/Dataset/Macular-Dataset-R.Rasti_old/DME/DME (42).E2E,DME (42).E2E,8,Spectralis,n/a,1,DME,True,OCT5k,1,DME,0.9999969,0.00020351686,0.687284,-4.349049,1,-9.968224,False,-4.3310823,False,-7.266301,False,-12.906931,False,False,True
/Users/yuhaowang/Documents/UCL/Term3_Proj/Dataset/Macular-Dataset-R.Rasti_old/DME/DME (42).E2E,DME (42).E2E,9,Spectralis,n/a,1,DME,True,OCT5k,1,DME,0.99931455,0.0046761055,0.56484646,-3.0014496,1,-3.8521047,False,-3.2739975,False,-7.266301,False,-8.496294,False,True,True
/Users/yuhaowang/Documents/UCL/Term3_Proj/Dataset/Macular-Dataset-R.Rasti_old/DME/DME (42).E2E,DME (42).E2E,10,Spectralis,n/a,1,DME,True,OCT5k,1,DME,0.9999999,1.0877066e-06,0.69291955,-3.918083,1,-9.512011,False,-4.378926,False,-7.266301,False,-12.25243,False,False,True
/Users/yuhaowang/Documents/UCL/Term3_Proj/Dataset/Macular-Dataset-R.Rasti_old/DME/DME (42).E2E,DME (42).E2E,11,Spectralis,n/a,1,DME,True,OCT5k,1,DME,1.0,2.4983192e-06,0.76663053,-3.3521726,1,-11.133215,False,-4.3785925,False,-7.266301,False,-12.153152,False,False,True
/Users/yuhaowang/Documents/UCL/Term3_Proj/Dataset/Macular-Dataset-R.Rasti_old/DME/DME (42).E2E,DME (42).E2E,12,Spectralis,n/a,1,DME,True,OCT5k,1,DME,1.0,4.867259e-06,0.77514374,-3.436616,1,-11.544624,False,-4.3780327,False,-7.266301,False,-12.401819,False,False,True
/Users/yuhaowang/Documents/UCL/Term3_Proj/Dataset/Macular-Dataset-R.Rasti_old/DME/DME (42).E2E,DME (42).E2E,13,Spectralis,n/a,1,DME,True,OCT5k,1,DME,0.9999994,5.715701e-07,0.6880678,-6.964714,1,-13.9086,False,-4.379048,False,-7.266301,False,-17.490736,False,False,True
/Users/yuhaowang/Documents/UCL/Term3_Proj/Dataset/Macular-Dataset-R.Rasti_old/DME/DME (42).E2E,DME (42).E2E,14,Spectralis,n/a,1,DME,True,OCT5k,1,DME,0.9999999,1.3403049e-05,0.7525917,-6.724536,1,-15.709631,False,-4.3760147,False,-7.266301,False,-17.845936,False,False,True
/Users/yuhaowang/Documents/UCL/Term3_Proj/Dataset/Macular-Dataset-R.Rasti_old/DME/DME (43).E2E,DME (43).E2E,6,Spectralis,n/a,1,DME,True,OCT5k,1,DME,0.99999857,5.8315054e-06,0.8042104,-3.2688503,1,-12.266808,False,-4.3778048,False,-7.266301,False,-12.458914,False,False,True
/Users/yuhaowang/Documents/UCL/Term3_Proj/Dataset/Macular-Dataset-R.Rasti_old/DME/DME (43).E2E,DME (43).E2E,7,Spectralis,n/a,1,DME,True,OCT5k,1,DME,1.0,1.2941464e-06,0.785956,-3.3477952,1,-11.773735,False,-4.3788767,False,-7.266301,False,-12.377661,False,False,True
/Users/yuhaowang/Documents/UCL/Term3_Proj/Dataset/Macular-Dataset-R.Rasti_old/DME/DME (43).E2E,DME (43).E2E,8,Spectralis,n/a,1,DME,True,OCT5k,1,DME,0.99999976,4.976182e-07,0.8203327,-3.7136297,1,-13.472202,False,-4.379065,False,-7.266301,False,-13.426371,False,False,True
/Users/yuhaowang/Documents/UCL/Term3_Proj/Dataset/Macular-Dataset-R.Rasti_old/DME/DME (43).E2E,DME (43).E2E,9,Spectralis,n/a,1,DME,True,OCT5k,1,DME,0.99999964,2.5232748e-07,0.81661916,-3.6231494,1,-13.212465,False,-4.379123,False,-7.266301,False,-13.224535,False,False,True
/Users/yuhaowang/Documents/UCL/Term3_Proj/Dataset/Macular-Dataset-R.Rasti_old/DME/DME (43).E2E,DME (43).E2E,10,Spectralis,n/a,1,DME,True,OCT5k,1,DME,0.99999285,2.1686603e-05,0.7393294,-3.7667537,1,-10.839487,False,-4.3740573,False,-7.266301,False,-12.543636,False,False,True
/Users/yuhaowang/Documents/UCL/Term3_Proj/Dataset/Macular-Dataset-R.Rasti_old/DME/DME (43).E2E,DME (43).E2E,11,Spectralis,n/a,1,DME,True,OCT5k,1,DME,0.99999607,0.00044869364,0.75137997,-2.8977106,1,-9.942518,False,-4.273135,False,-7.266301,False,-11.12035,False,False,True
/Users/yuhaowang/Documents/UCL/Term3_Proj/Dataset/Macular-Dataset-R.Rasti_old/DME/DME (43).E2E,DME (43).E2E,12,Spectralis,n/a,1,DME,True,OCT5k,1,DME,0.99970824,0.0005038418,0.6245019,-2.5291414,1,-5.14276,False,-4.2601013,False,-7.266301,False,-8.949353,False,True,True
/Users/yuhaowang/Documents/UCL/Term3_Proj/Dataset/Macular-Dataset-R.Rasti_old/DME/DME (43).E2E,DME (43).E2E,13,Spectralis,n/a,1,DME,True,OCT5k,1,DME,0.9999713,0.00012159045,0.7516827,-3.1077201,1,-10.266918,False,-4.3504453,False,-7.266301,False,-11.532835,False,False,True
/Users/yuhaowang/Documents/UCL/Term3_Proj/Dataset/Macular-Dataset-R.Rasti_old/DME/DME (43).E2E,DME (43).E2E,14,Spectralis,n/a,1,DME,True,OCT5k,1,DME,0.99999666,7.886774e-05,0.7625881,-3.580024,1,-11.338824,False,-4.360543,False,-7.266301,False,-12.490528,False,False,True
/Users/yuhaowang/Documents/UCL/Term3_Proj/Dataset/Macular-Dataset-R.Rasti_old/DME/DME (44).E2E,DME (44).E2E,6,Spectralis,n/a,1,DME,True,OCT5k,1,DME,0.99977356,0.0004016927,0.63191205,-2.8041902,1,-5.802461,False,-4.2842436,False,-7.266301,False,-9.530122,False,True,True
/Users/yuhaowang/Documents/UCL/Term3_Proj/Dataset/Macular-Dataset-R.Rasti_old/DME/DME (44).E2E,DME (44).E2E,7,Spectralis,n/a,1,DME,True,OCT5k,1,DME,0.9999893,4.1529624e-05,0.71112543,-2.2838807,1,-7.67614,False,-4.3693676,False,-7.266301,False,-9.624531,False,False,True
/Users/yuhaowang/Documents/UCL/Term3_Proj/Dataset/Macular-Dataset-R.Rasti_old/DME/DME (44).E2E,DME (44).E2E,8,Spectralis,n/a,1,DME,True,OCT5k,1,DME,0.999969,3.9589533e-05,0.67117476,-2.6901622,1,-6.94645,False,-4.369826,False,-7.266301,False,-9.8515835,False,False,True
/Users/yuhaowang/Documents/UCL/Term3_Proj/Dataset/Macular-Dataset-R.Rasti_old/DME/DME (44).E2E,DME (44).E2E,9,Spectralis,n/a,1,DME,True,OCT5k,1,DME,0.99997115,0.0003421649,0.6758172,-3.29648,1,-8.009197,False,-4.298313,False,-7.266301,False,-10.920893,False,False,True
/Users/yuhaowang/Documents/UCL/Term3_Proj/Dataset/Macular-Dataset-R.Rasti_old/DME/DME (44).E2E,DME (44).E2E,10,Spectralis,n/a,1,DME,True,OCT5k,1,DME,0.9999651,0.0003029654,0.69364905,-3.6270878,1,-9.100985,False,-4.3075776,False,-7.266301,False,-11.714918,False,False,True
/Users/yuhaowang/Documents/UCL/Term3_Proj/Dataset/Macular-Dataset-R.Rasti_old/DME/DME (44).E2E,DME (44).E2E,11,Spectralis,n/a,1,DME,True,OCT5k,1,DME,0.99999404,7.400973e-06,0.8026754,-2.9309745,1,-11.709806,False,-4.377434,False,-7.266301,False,-11.852892,False,False,True
/Users/yuhaowang/Documents/UCL/Term3_Proj/Dataset/Macular-Dataset-R.Rasti_old/DME/DME (44).E2E,DME (44).E2E,12,Spectralis,n/a,1,DME,True,OCT5k,1,DME,0.99991274,9.227998e-05,0.6835794,-2.3486252,1,-6.850708,False,-4.3573728,False,-7.266301,False,-9.399673,False,False,True
/Users/yuhaowang/Documents/UCL/Term3_Proj/Dataset/Macular-Dataset-R.Rasti_old/DME/DME (44).E2E,DME (44).E2E,13,Spectralis,n/a,1,DME,True,OCT5k,1,DME,0.99999964,1.6458143e-06,0.81059355,-2.3705344,1,-11.136274,False,-4.3787937,False,-7.266301,False,-10.974394,False,False,True
/Users/yuhaowang/Documents/UCL/Term3_Proj/Dataset/Macular-Dataset-R.Rasti_old/DME/DME (44).E2E,DME (44).E2E,14,Spectralis,n/a,1,DME,True,OCT5k,1,DME,0.9999993,9.278105e-06,0.7551785,-2.6152294,1,-9.646994,False,-4.37699,False,-7.266301,False,-10.733639,False,False,True
/Users/yuhaowang/Documents/UCL/Term3_Proj/Dataset/Macular-Dataset-R.Rasti_old/DME/DME (45).E2E,DME (45).E2E,6,Spectralis,n/a,1,DME,True,OCT5k,1,DME,0.99998033,1.5405967e-05,0.76601607,-2.6324618,1,-10.035652,False,-4.3755417,False,-7.266301,False,-10.892857,False,False,True
/Users/yuhaowang/Documents/UCL/Term3_Proj/Dataset/Macular-Dataset-R.Rasti_old/DME/DME (45).E2E,DME (45).E2E,7,Spectralis,n/a,1,DME,True,OCT5k,2,DRUSEN,0.6856639,0.17942256,0.2753326,-2.628082,2,6.4003234,True,38.02687,True,5.519489,True,24.842913,True,True,True
/Users/yuhaowang/Documents/UCL/Term3_Proj/Dataset/Macular-Dataset-R.Rasti_old/DME/DME (45).E2E,DME (45).E2E,8,Spectralis,n/a,1,DME,True,OCT5k,1,DME,0.9946016,0.010259673,0.59605104,-2.3780227,2,-3.9640107,False,-1.9543359,False,5.519489,True,-1.2009296,False,True,True
/Users/yuhaowang/Documents/UCL/Term3_Proj/Dataset/Macular-Dataset-R.Rasti_old/DME/DME (45).E2E,DME (45).E2E,9,Spectralis,n/a,1,DME,True,OCT5k,1,DME,0.9987349,0.0008962313,0.62518114,-2.1634092,1,-4.618214,False,-4.167361,False,-7.266301,False,-8.269201,False,True,True
/Users/yuhaowang/Documents/UCL/Term3_Proj/Dataset/Macular-Dataset-R.Rasti_old/DME/DME (45).E2E,DME (45).E2E,10,Spectralis,n/a,1,DME,True,OCT5k,1,DME,0.99999917,1.2512282e-06,0.7942835,-2.692163,1,-11.071461,False,-4.378887,False,-7.266301,False,-11.337824,False,False,True
/Users/yuhaowang/Documents/UCL/Term3_Proj/Dataset/Macular-Dataset-R.Rasti_old/DME/DME (45).E2E,DME (45).E2E,11,Spectralis,n/a,1,DME,True,OCT5k,1,DME,0.99999774,3.2200624e-06,0.81812173,-2.8780253,1,-12.147757,False,-4.378422,False,-7.266301,False,-11.946797,False,False,True
/Users/yuhaowang/Documents/UCL/Term3_Proj/Dataset/Macular-Dataset-R.Rasti_old/DME/DME (45).E2E,DME (45).E2E,12,Spectralis,n/a,1,DME,True,OCT5k,1,DME,0.9999933,1.5035403e-05,0.77791256,-2.604547,1,-10.392206,False,-4.3756294,False,-7.266301,False,-10.987167,False,False,True
/Users/yuhaowang/Documents/UCL/Term3_Proj/Dataset/Macular-Dataset-R.Rasti_old/DME/DME (45).E2E,DME (45).E2E,13,Spectralis,n/a,1,DME,True,OCT5k,1,DME,0.99997795,8.0044614e-05,0.72776407,-2.9607449,1,-9.2461195,False,-4.3602643,False,-7.266301,False,-10.995794,False,False,True
/Users/yuhaowang/Documents/UCL/Term3_Proj/Dataset/Macular-Dataset-R.Rasti_old/DME/DME (45).E2E,DME (45).E2E,14,Spectralis,n/a,1,DME,True,OCT5k,1,DME,0.99998915,3.5082194e-05,0.746538,-3.559229,1,-10.770306,False,-4.3708916,False,-7.266301,False,-12.267591,False,False,True
/Users/yuhaowang/Documents/UCL/Term3_Proj/Dataset/Macular-Dataset-R.Rasti_old/DME/DME (46).E2E,DME (46).E2E,6,Spectralis,n/a,1,DME,True,OCT5k,3,NORMAL,0.68272,0.087753534,0.43003982,-5.5959206,1,-3.2208304,False,16.361135,True,-7.266301,False,-0.2753091,False,True,True
/Users/yuhaowang/Documents/UCL/Term3_Proj/Dataset/Macular-Dataset-R.Rasti_old/DME/DME (46).E2E,DME (46).E2E,7,Spectralis,n/a,1,DME,True,OCT5k,1,DME,0.71330893,0.23459566,0.5041737,-4.784737,1,-4.489163,False,51.066883,True,-7.266301,False,19.888323,True,True,True
/Users/yuhaowang/Documents/UCL/Term3_Proj/Dataset/Macular-Dataset-R.Rasti_old/DME/DME (46).E2E,DME (46).E2E,8,Spectralis,n/a,1,DME,True,OCT5k,1,DME,0.99999475,6.7217115e-06,0.7831952,-3.4420862,1,-11.822394,False,-4.377594,False,-7.266301,False,-12.50772,False,False,True
/Users/yuhaowang/Documents/UCL/Term3_Proj/Dataset/Macular-Dataset-R.Rasti_old/DME/DME (46).E2E,DME (46).E2E,9,Spectralis,n/a,1,DME,True,OCT5k,1,DME,0.9999994,1.1128559e-06,0.8053295,-4.1503873,1,-13.623426,False,-4.3789196,False,-7.266301,False,-14.005499,False,False,True
/Users/yuhaowang/Documents/UCL/Term3_Proj/Dataset/Macular-Dataset-R.Rasti_old/DME/DME (46).E2E,DME (46).E2E,10,Spectralis,n/a,1,DME,True,OCT5k,1,DME,0.9999269,9.568804e-05,0.7145984,-3.416942,1,-9.487961,False,-4.3565674,False,-7.266301,False,-11.628762,False,False,True
/Users/yuhaowang/Documents/UCL/Term3_Proj/Dataset/Macular-Dataset-R.Rasti_old/DME/DME (46).E2E,DME (46).E2E,11,Spectralis,n/a,1,DME,True,OCT5k,1,DME,0.9999832,0.00017327513,0.73834133,-9.708906,1,-19.69836,False,-4.3382297,False,-7.266301,False,-22.841742,False,False,True
/Users/yuhaowang/Documents/UCL/Term3_Proj/Dataset/Macular-Dataset-R.Rasti_old/DME/DME (46).E2E,DME (46).E2E,12,Spectralis,n/a,1,DME,True,OCT5k,1,DME,0.99999976,1.1951524e-06,0.77368134,-4.9412413,1,-13.74721,False,-4.3789005,False,-7.266301,False,-15.000502,False,False,True
/Users/yuhaowang/Documents/UCL/Term3_Proj/Dataset/Macular-Dataset-R.Rasti_old/DME/DME (46).E2E,DME (46).E2E,13,Spectralis,n/a,1,DME,True,OCT5k,1,DME,0.9999999,1.5535488e-07,0.7584464,-4.0000353,1,-11.828663,False,-4.379146,False,-7.266301,False,-13.181522,False,False,True
/Users/yuhaowang/Documents/UCL/Term3_Proj/Dataset/Macular-Dataset-R.Rasti_old/DME/DME (46).E2E,DME (46).E2E,14,Spectralis,n/a,1,DME,True,OCT5k,1,DME,0.9999999,7.416991e-06,0.7873661,-3.6645818,1,-12.294993,False,-4.37743,False,-7.266301,False,-12.94449,False,False,True
/Users/yuhaowang/Documents/UCL/Term3_Proj/Dataset/Macular-Dataset-R.Rasti_old/DME/DME (47).E2E,DME (47).E2E,12,Spectralis,n/a,1,DME,True,OCT5k,1,DME,0.9017875,0.05257541,0.396053,-1.882743,1,3.4736161,True,8.046879,True,-7.266301,False,1.8820505,True,True,True
/Users/yuhaowang/Documents/UCL/Term3_Proj/Dataset/Macular-Dataset-R.Rasti_old/DME/DME (47).E2E,DME (47).E2E,13,Spectralis,n/a,1,DME,True,OCT5k,3,NORMAL,0.97460586,0.069111764,0.39644673,-1.589482,2,3.8992734,True,11.955202,True,5.519489,True,10.43841,True,True,True
/Users/yuhaowang/Documents/UCL/Term3_Proj/Dataset/Macular-Dataset-R.Rasti_old/DME/DME (47).E2E,DME (47).E2E,14,Spectralis,n/a,1,DME,True,OCT5k,1,DME,1.0,1.0461799e-06,0.8102492,-1.2108909,1,-9.389431,False,-4.378936,False,-7.266301,False,-8.954338,False,False,True
/Users/yuhaowang/Documents/UCL/Term3_Proj/Dataset/Macular-Dataset-R.Rasti_old/DME/DME (47).E2E,DME (47).E2E,15,Spectralis,n/a,1,DME,True,OCT5k,1,DME,1.0,1.4265879e-07,0.8471925,-1.0922793,1,-10.4489,False,-4.379149,False,-7.266301,False,-9.191674,False,False,True
/Users/yuhaowang/Documents/UCL/Term3_Proj/Dataset/Macular-Dataset-R.Rasti_old/DME/DME (47).E2E,DME (47).E2E,16,Spectralis,n/a,1,DME,True,OCT5k,1,DME,0.9999989,2.2545755e-06,0.79825944,-1.1451886,1,-8.889662,False,-4.3786497,False,-7.266301,False,-8.696046,False,False,True
/Users/yuhaowang/Documents/UCL/Term3_Proj/Dataset/Macular-Dataset-R.Rasti_old/DME/DME (47).E2E,DME (47).E2E,17,Spectralis,n/a,1,DME,True,OCT5k,1,DME,0.9999975,3.487899e-05,0.81422895,-0.63082683,1,-8.654663,False,-4.3709393,False,-7.266301,False,-7.9891567,False,False,True
/Users/yuhaowang/Documents/UCL/Term3_Proj/Dataset/Macular-Dataset-R.Rasti_old/DME/DME (47).E2E,DME (47).E2E,18,Spectralis,n/a,1,DME,True,OCT5k,1,DME,0.99984825,0.0007300507,0.69765306,-1.2573532,1,-5.6889315,False,-4.2066374,False,-7.266301,False,-7.5861382,False,False,True
/Users/yuhaowang/Documents/UCL/Term3_Proj/Dataset/Macular-Dataset-R.Rasti_old/DME/DME (47).E2E,DME (47).E2E,19,Spectralis,n/a,1,DME,True,OCT5k,1,DME,0.99999166,2.1820451e-05,0.7445431,-1.8278619,1,-8.112658,False,-4.3740253,False,-7.266301,False,-9.235495,False,False,True
/Users/yuhaowang/Documents/UCL/Term3_Proj/Dataset/Macular-Dataset-R.Rasti_old/DME/DME (47).E2E,DME (47).E2E,20,Spectralis,n/a,1,DME,True,OCT5k,1,DME,0.99997747,2.440426e-05,0.70543784,-1.180334,1,-5.834334,False,-4.373415,False,-7.266301,False,-7.6400757,False,False,True
/Users/yuhaowang/Documents/UCL/Term3_Proj/Dataset/Macular-Dataset-R.Rasti_old/DME/DME (48).E2E,DME (48).E2E,6,Spectralis,n/a,1,DME,True,OCT5k,3,NORMAL,0.9931378,0.0850085,0.3661095,-3.8230247,1,1.5727296,True,15.712355,True,-7.266301,False,3.206942,True,True,True
/Users/yuhaowang/Documents/UCL/Term3_Proj/Dataset/Macular-Dataset-R.Rasti_old/DME/DME (48).E2E,DME (48).E2E,7,Spectralis,n/a,1,DME,True,OCT5k,1,DME,0.8978181,0.055116475,0.5574519,-3.3720174,1,-4.1590405,False,8.647451,True,-7.266301,False,-2.304301,False,True,True
/Users/yuhaowang/Documents/UCL/Term3_Proj/Dataset/Macular-Dataset-R.Rasti_old/DME/DME (48).E2E,DME (48).E2E,8,Spectralis,n/a,1,DME,True,OCT5k,1,DME,0.81981844,0.08053082,0.56571335,-3.3892508,1,-4.4614444,False,14.654066,True,-7.266301,False,0.9662838,True,True,True
/Users/yuhaowang/Documents/UCL/Term3_Proj/Dataset/Macular-Dataset-R.Rasti_old/DME/DME (48).E2E,DME (48).E2E,9,Spectralis,n/a,1,DME,True,OCT5k,1,DME,0.98842573,0.059200555,0.6372851,-3.384862,1,-6.8512945,False,9.612715,True,-7.266301,False,-2.7385094,False,True,True
/Users/yuhaowang/Documents/UCL/Term3_Proj/Dataset/Macular-Dataset-R.Rasti_old/DME/DME (48).E2E,DME (48).E2E,10,Spectralis,n/a,1,DME,True,OCT5k,3,NORMAL,0.87139094,0.11434901,0.48660496,-3.59817,1,-2.1253104,False,22.646908,True,-7.266301,False,6.076487,True,True,True
/Users/yuhaowang/Documents/UCL/Term3_Proj/Dataset/Macular-Dataset-R.Rasti_old/DME/DME (48).E2E,DME (48).E2E,11,Spectralis,n/a,1,DME,True,OCT5k,1,DME,0.8551331,0.0730969,0.5877776,-6.86176,1,-10.396549,False,12.897079,True,-7.266301,False,-6.3298354,False,True,True
/Users/yuhaowang/Documents/UCL/Term3_Proj/Dataset/Macular-Dataset-R.Rasti_old/DME/DME (48).E2E,DME (48).E2E,12,Spectralis,n/a,1,DME,True,OCT5k,3,NORMAL,0.97484154,0.07048319,0.39766318,-3.271961,2,1.3408489,True,12.279337,True,5.519489,True,7.6823297,True,True,True
/Users/yuhaowang/Documents/UCL/Term3_Proj/Dataset/Macular-Dataset-R.Rasti_old/DME/DME (48).E2E,DME (48).E2E,13,Spectralis,n/a,1,DME,True,OCT5k,3,NORMAL,0.52316886,0.07653719,0.49434042,-4.073922,1,-3.0962405,False,13.710182,True,-7.266301,False,0.09843683,True,True,True
/Users/yuhaowang/Documents/UCL/Term3_Proj/Dataset/Macular-Dataset-R.Rasti_old/DME/DME (48).E2E,DME (48).E2E,14,Spectralis,n/a,1,DME,True,OCT5k,3,NORMAL,0.77869385,0.08966488,0.37264547,-3.1844702,1,2.309432,True,16.812876,True,-7.266301,False,4.861487,True,True,True
/Users/yuhaowang/Documents/UCL/Term3_Proj/Dataset/Macular-Dataset-R.Rasti_old/DME/DME (49).E2E,DME (49).E2E,27,Spectralis,n/a,1,DME,True,OCT5k,1,DME,0.9999981,1.32090645e-05,0.7636629,-2.79425,1,-10.198963,False,-4.376061,False,-7.266301,False,-11.14617,False,False,True
/Users/yuhaowang/Documents/UCL/Term3_Proj/Dataset/Macular-Dataset-R.Rasti_old/DME/DME (49).E2E,DME (49).E2E,28,Spectralis,n/a,1,DME,True,OCT5k,1,DME,0.9999989,1.3751014e-06,0.81219447,-2.8036418,1,-11.837988,False,-4.3788576,False,-7.266301,False,-11.746588,False,False,True
/Users/yuhaowang/Documents/UCL/Term3_Proj/Dataset/Macular-Dataset-R.Rasti_old/DME/DME (49).E2E,DME (49).E2E,29,Spectralis,n/a,1,DME,True,OCT5k,1,DME,0.9999974,6.5272397e-06,0.76362526,-2.740983,1,-10.117994,False,-4.3776402,False,-7.266301,False,-11.0540085,False,False,True
/Users/yuhaowang/Documents/UCL/Term3_Proj/Dataset/Macular-Dataset-R.Rasti_old/DME/DME (49).E2E,DME (49).E2E,30,Spectralis,n/a,1,DME,True,OCT5k,1,DME,0.982821,0.020800605,0.66876996,-2.4482093,1,-6.503867,False,0.53698564,True,-7.266301,False,-6.624871,False,True,True
/Users/yuhaowang/Documents/UCL/Term3_Proj/Dataset/Macular-Dataset-R.Rasti_old/DME/DME (49).E2E,DME (49).E2E,31,Spectralis,n/a,1,DME,True,OCT5k,1,DME,0.98122877,0.25641274,0.6401357,-2.3937428,1,-5.4636097,False,56.2233,True,-7.266301,False,25.331577,True,True,True
/Users/yuhaowang/Documents/UCL/Term3_Proj/Dataset/Macular-Dataset-R.Rasti_old/DME/DME (49).E2E,DME (49).E2E,32,Spectralis,n/a,1,DME,True,OCT5k,3,NORMAL,0.7882515,0.17508656,0.48075035,-3.2773337,1,-1.4491773,False,37.002068,True,-7.266301,False,14.829447,True,True,True
/Users/yuhaowang/Documents/UCL/Term3_Proj/Dataset/Macular-Dataset-R.Rasti_old/DME/DME (49).E2E,DME (49).E2E,33,Spectralis,n/a,1,DME,True,OCT5k,1,DME,0.99995065,0.00013479986,0.7631417,-2.872412,1,-10.298475,False,-4.3473234,False,-7.266301,False,-11.259531,False,False,True
/Users/yuhaowang/Documents/UCL/Term3_Proj/Dataset/Macular-Dataset-R.Rasti_old/DME/DME (49).E2E,DME (49).E2E,34,Spectralis,n/a,1,DME,True,OCT5k,1,DME,0.9999994,5.094862e-07,0.82316995,-2.6222732,1,-11.9340725,False,-4.3790627,False,-7.266301,False,-11.563135,False,False,True
/Users/yuhaowang/Documents/UCL/Term3_Proj/Dataset/Macular-Dataset-R.Rasti_old/DME/DME (49).E2E,DME (49).E2E,35,Spectralis,n/a,1,DME,True,OCT5k,1,DME,0.9999465,5.727727e-05,0.7634752,-2.761806,1,-10.144129,False,-4.3656454,False,-7.266301,False,-11.081619,False,False,True
/Users/yuhaowang/Documents/UCL/Term3_Proj/Dataset/Macular-Dataset-R.Rasti_old/DME/DME (5).E2E,DME (5).E2E,6,Spectralis,n/a,1,DME,True,OCT5k,1,DME,0.9999975,1.1961849e-05,0.76315427,-3.2315364,1,-10.836298,False,-4.3763556,False,-7.266301,False,-11.90044,False,False,True
/Users/yuhaowang/Documents/UCL/Term3_Proj/Dataset/Macular-Dataset-R.Rasti_old/DME/DME (5).E2E,DME (5).E2E,7,Spectralis,n/a,1,DME,True,OCT5k,1,DME,0.99999917,1.6271064e-05,0.77290225,-2.7253985,1,-10.4052925,False,-4.375337,False,-7.266301,False,-11.136961,False,False,True
/Users/yuhaowang/Documents/UCL/Term3_Proj/Dataset/Macular-Dataset-R.Rasti_old/DME/DME (5).E2E,DME (5).E2E,8,Spectralis,n/a,1,DME,True,OCT5k,1,DME,0.99999,8.3278865e-06,0.7313929,-3.2406104,1,-9.78642,False,-4.3772144,False,-7.266301,False,-11.5354805,False,False,True
/Users/yuhaowang/Documents/UCL/Term3_Proj/Dataset/Macular-Dataset-R.Rasti_old/DME/DME (5).E2E,DME (5).E2E,9,Spectralis,n/a,1,DME,True,OCT5k,1,DME,0.99998724,4.259625e-05,0.7391983,-3.0600436,1,-9.777563,False,-4.3691154,False,-7.266301,False,-11.310673,False,False,True
/Users/yuhaowang/Documents/UCL/Term3_Proj/Dataset/Macular-Dataset-R.Rasti_old/DME/DME (5).E2E,DME (5).E2E,10,Spectralis,n/a,1,DME,True,OCT5k,1,DME,0.9999901,0.0001433114,0.65333027,-2.7839673,1,-6.4893394,False,-4.3453116,False,-7.266301,False,-9.786605,False,False,True
/Users/yuhaowang/Documents/UCL/Term3_Proj/Dataset/Macular-Dataset-R.Rasti_old/DME/DME (5).E2E,DME (5).E2E,11,Spectralis,n/a,1,DME,True,OCT5k,1,DME,0.999998,2.234483e-05,0.73669153,-3.4000447,1,-10.202413,False,-4.3739014,False,-7.266301,False,-11.874374,False,False,True
/Users/yuhaowang/Documents/UCL/Term3_Proj/Dataset/Macular-Dataset-R.Rasti_old/DME/DME (5).E2E,DME (5).E2E,12,Spectralis,n/a,1,DME,True,OCT5k,1,DME,0.9999839,0.0008758898,0.5954331,-3.187098,1,-5.154038,False,-4.1721687,False,-7.266301,False,-9.694517,False,False,True
/Users/yuhaowang/Documents/UCL/Term3_Proj/Dataset/Macular-Dataset-R.Rasti_old/DME/DME (5).E2E,DME (5).E2E,13,Spectralis,n/a,1,DME,True,OCT5k,1,DME,1.0,2.408044e-07,0.7070563,-4.019249,1,-10.136733,False,-4.3791256,False,-7.266301,False,-12.598097,False,False,True
/Users/yuhaowang/Documents/UCL/Term3_Proj/Dataset/Macular-Dataset-R.Rasti_old/DME/DME (5).E2E,DME (5).E2E,14,Spectralis,n/a,1,DME,True,OCT5k,1,DME,0.9999957,9.958065e-06,0.7295319,-3.0135524,1,-9.384334,False,-4.376829,False,-7.266301,False,-11.118193,False,False,True
/Users/yuhaowang/Documents/UCL/Term3_Proj/Dataset/Macular-Dataset-R.Rasti_old/DME/DME (50).E2E,DME (50).E2E,6,Spectralis,n/a,1,DME,True,OCT5k,1,DME,0.9999999,5.021766e-07,0.76415443,-3.1432915,1,-10.737734,False,-4.379064,False,-7.266301,False,-11.760567,False,False,True
/Users/yuhaowang/Documents/UCL/Term3_Proj/Dataset/Macular-Dataset-R.Rasti_old/DME/DME (50).E2E,DME (50).E2E,7,Spectralis,n/a,1,DME,True,OCT5k,1,DME,1.0,1.2394321e-07,0.8146815,-2.504449,1,-11.473541,False,-4.3791533,False,-7.266301,False,-11.25647,False,False,True
/Users/yuhaowang/Documents/UCL/Term3_Proj/Dataset/Macular-Dataset-R.Rasti_old/DME/DME (50).E2E,DME (50).E2E,8,Spectralis,n/a,1,DME,True,OCT5k,1,DME,0.99999976,2.471911e-07,0.84106785,-2.2845027,1,-12.027897,False,-4.3791246,False,-7.266301,False,-11.19079,False,False,True
/Users/yuhaowang/Documents/UCL/Term3_Proj/Dataset/Macular-Dataset-R.Rasti_old/DME/DME (50).E2E,DME (50).E2E,9,Spectralis,n/a,1,DME,True,OCT5k,1,DME,0.99999905,2.2809763e-06,0.7914141,-1.711303,1,-9.507606,False,-4.378644,False,-7.266301,False,-9.598051,False,False,True
/Users/yuhaowang/Documents/UCL/Term3_Proj/Dataset/Macular-Dataset-R.Rasti_old/DME/DME (50).E2E,DME (50).E2E,10,Spectralis,n/a,1,DME,True,OCT5k,1,DME,0.9999956,1.27737e-05,0.8238338,-1.9643843,1,-10.971823,False,-4.376164,False,-7.266301,False,-10.425745,False,False,True
/Users/yuhaowang/Documents/UCL/Term3_Proj/Dataset/Macular-Dataset-R.Rasti_old/DME/DME (50).E2E,DME (50).E2E,11,Spectralis,n/a,1,DME,True,OCT5k,1,DME,0.9950191,0.0048882514,0.69950354,-1.7223775,1,-6.446762,False,-3.2238574,False,-7.266301,False,-7.860532,False,True,True
/Users/yuhaowang/Documents/UCL/Term3_Proj/Dataset/Macular-Dataset-R.Rasti_old/DME/DME (50).E2E,DME (50).E2E,12,Spectralis,n/a,1,DME,True,OCT5k,1,DME,0.98982024,0.08176692,0.54660827,-3.0783212,1,-3.3564725,False,14.946213,True,-7.266301,False,1.9014897,True,True,True
/Users/yuhaowang/Documents/UCL/Term3_Proj/Dataset/Macular-Dataset-R.Rasti_old/DME/DME (50).E2E,DME (50).E2E,13,Spectralis,n/a,1,DME,True,OCT5k,1,DME,0.9852219,0.011307143,0.59596443,-1.7958522,1,-3.0899396,False,-1.7067692,False,-7.266301,False,-5.886859,False,True,True
/Users/yuhaowang/Documents/UCL/Term3_Proj/Dataset/Macular-Dataset-R.Rasti_old/DME/DME (50).E2E,DME (50).E2E,14,Spectralis,n/a,1,DME,True,OCT5k,1,DME,0.9999403,0.0006629173,0.64986295,-2.588629,1,-6.080936,False,-4.222504,False,-7.266301,False,-9.33589,False,False,True
/Users/yuhaowang/Documents/UCL/Term3_Proj/Dataset/Macular-Dataset-R.Rasti_old/DME/DME (6).E2E,DME (6).E2E,6,Spectralis,n/a,1,DME,True,OCT5k,1,DME,0.9999987,0.0005208035,0.510381,-5.206721,1,-5.328465,False,-4.256092,False,-7.266301,False,-12.232216,False,False,True
/Users/yuhaowang/Documents/UCL/Term3_Proj/Dataset/Macular-Dataset-R.Rasti_old/DME/DME (6).E2E,DME (6).E2E,7,Spectralis,n/a,1,DME,True,OCT5k,1,DME,0.99989355,0.0005519227,0.54411787,-4.2578006,1,-5.038084,False,-4.2487373,False,-7.266301,False,-10.983317,False,False,True
/Users/yuhaowang/Documents/UCL/Term3_Proj/Dataset/Macular-Dataset-R.Rasti_old/DME/DME (6).E2E,DME (6).E2E,8,Spectralis,n/a,1,DME,True,OCT5k,1,DME,0.99999976,4.676389e-06,0.62861574,-4.633879,1,-8.430075,False,-4.3780775,False,-7.266301,False,-12.724524,False,False,True
/Users/yuhaowang/Documents/UCL/Term3_Proj/Dataset/Macular-Dataset-R.Rasti_old/DME/DME (6).E2E,DME (6).E2E,9,Spectralis,n/a,1,DME,True,OCT5k,1,DME,0.99993134,0.00011785829,0.6275781,-3.9831793,1,-7.4216104,False,-4.3513274,False,-7.266301,False,-11.565706,False,False,True
/Users/yuhaowang/Documents/UCL/Term3_Proj/Dataset/Macular-Dataset-R.Rasti_old/DME/DME (6).E2E,DME (6).E2E,10,Spectralis,n/a,1,DME,True,OCT5k,1,DME,0.9996475,0.0020312471,0.4432472,-8.502468,1,-8.012466,False,-3.899103,False,-7.266301,False,-16.95393,False,True,True
/Users/yuhaowang/Documents/UCL/Term3_Proj/Dataset/Macular-Dataset-R.Rasti_old/DME/DME (6).E2E,DME (6).E2E,11,Spectralis,n/a,1,DME,True,OCT5k,1,DME,0.9993974,0.000397888,0.60983914,-5.1766043,1,-8.613527,False,-4.285143,False,-7.266301,False,-13.390062,False,True,True
/Users/yuhaowang/Documents/UCL/Term3_Proj/Dataset/Macular-Dataset-R.Rasti_old/DME/DME (6).E2E,DME (6).E2E,12,Spectralis,n/a,1,DME,True,OCT5k,1,DME,0.99999404,0.00018072675,0.7096204,-6.3501062,1,-13.710529,False,-4.3364687,False,-7.266301,False,-16.656849,False,False,True
/Users/yuhaowang/Documents/UCL/Term3_Proj/Dataset/Macular-Dataset-R.Rasti_old/DME/DME (6).E2E,DME (6).E2E,13,Spectralis,n/a,1,DME,True,OCT5k,1,DME,1.0,7.592416e-08,0.74179745,-7.027468,1,-15.801521,False,-4.3791647,False,-7.266301,False,-18.244797,False,False,True
/Users/yuhaowang/Documents/UCL/Term3_Proj/Dataset/Macular-Dataset-R.Rasti_old/DME/DME (6).E2E,DME (6).E2E,14,Spectralis,n/a,1,DME,True,OCT5k,1,DME,1.0,1.3486188e-06,0.68196523,-4.7417626,1,-10.3778,False,-4.3788643,False,-7.266301,False,-13.552856,False,False,True
/Users/yuhaowang/Documents/UCL/Term3_Proj/Dataset/Macular-Dataset-R.Rasti_old/DME/DME (7).E2E,DME (7).E2E,6,Spectralis,n/a,1,DME,True,OCT5k,1,DME,1.0,7.4064997e-07,0.716178,-5.317037,1,-12.38419,False,-4.379008,False,-7.266301,False,-14.963676,False,False,True
/Users/yuhaowang/Documents/UCL/Term3_Proj/Dataset/Macular-Dataset-R.Rasti_old/DME/DME (7).E2E,DME (7).E2E,7,Spectralis,n/a,1,DME,True,OCT5k,1,DME,1.0,1.7963275e-06,0.8053291,-2.7058244,1,-11.46174,False,-4.3787584,False,-7.266301,False,-11.494076,False,False,True
/Users/yuhaowang/Documents/UCL/Term3_Proj/Dataset/Macular-Dataset-R.Rasti_old/DME/DME (7).E2E,DME (7).E2E,8,Spectralis,n/a,1,DME,True,OCT5k,1,DME,0.9999999,1.0139865e-06,0.72697747,-2.2241125,1,-8.117471,False,-4.378943,False,-7.266301,False,-9.716312,False,False,True
/Users/yuhaowang/Documents/UCL/Term3_Proj/Dataset/Macular-Dataset-R.Rasti_old/DME/DME (7).E2E,DME (7).E2E,9,Spectralis,n/a,1,DME,True,OCT5k,1,DME,0.9999994,3.1584568e-06,0.7263814,-3.7942216,1,-10.447056,False,-4.378436,False,-7.266301,False,-12.438456,False,False,True
/Users/yuhaowang/Documents/UCL/Term3_Proj/Dataset/Macular-Dataset-R.Rasti_old/DME/DME (7).E2E,DME (7).E2E,10,Spectralis,n/a,1,DME,True,OCT5k,1,DME,1.0,-1.3886847e-08,0.75119776,-5.161225,1,-13.3235855,False,-4.379186,False,-7.266301,False,-15.113234,False,False,True
/Users/yuhaowang/Documents/UCL/Term3_Proj/Dataset/Macular-Dataset-R.Rasti_old/DME/DME (7).E2E,DME (7).E2E,11,Spectralis,n/a,1,DME,True,OCT5k,1,DME,0.9999999,1.7301318e-08,0.72715265,-4.7463737,1,-11.897698,False,-4.379179,False,-7.266301,False,-14.103418,False,False,True
/Users/yuhaowang/Documents/UCL/Term3_Proj/Dataset/Macular-Dataset-R.Rasti_old/DME/DME (7).E2E,DME (7).E2E,12,Spectralis,n/a,1,DME,True,OCT5k,1,DME,0.9999999,1.2804221e-06,0.7252028,-3.9687982,1,-10.668833,False,-4.37888,False,-7.266301,False,-12.728056,False,False,True
/Users/yuhaowang/Documents/UCL/Term3_Proj/Dataset/Macular-Dataset-R.Rasti_old/DME/DME (7).E2E,DME (7).E2E,13,Spectralis,n/a,1,DME,True,OCT5k,1,DME,0.9999995,1.8666615e-05,0.74933994,-2.828959,1,-9.771332,False,-4.374771,False,-7.266301,False,-11.033867,False,False,True
/Users/yuhaowang/Documents/UCL/Term3_Proj/Dataset/Macular-Dataset-R.Rasti_old/DME/DME (7).E2E,DME (7).E2E,14,Spectralis,n/a,1,DME,True,OCT5k,1,DME,1.0,2.0292478e-06,0.7907129,-1.888814,1,-9.74976,False,-4.378703,False,-7.266301,False,-9.898266,False,False,True
/Users/yuhaowang/Documents/UCL/Term3_Proj/Dataset/Macular-Dataset-R.Rasti_old/DME/DME (8).E2E,DME (8).E2E,6,Spectralis,n/a,1,DME,True,OCT5k,1,DME,0.9999999,2.2374625e-05,0.62370014,-3.1199481,1,-6.0000105,False,-4.3738947,False,-7.266301,False,-10.031235,False,False,True
/Users/yuhaowang/Documents/UCL/Term3_Proj/Dataset/Macular-Dataset-R.Rasti_old/DME/DME (8).E2E,DME (8).E2E,7,Spectralis,n/a,1,DME,True,OCT5k,1,DME,1.0,4.350546e-06,0.61648697,-5.036855,1,-8.626993,False,-4.3781548,False,-7.266301,False,-13.279551,False,False,True
/Users/yuhaowang/Documents/UCL/Term3_Proj/Dataset/Macular-Dataset-R.Rasti_old/DME/DME (8).E2E,DME (8).E2E,8,Spectralis,n/a,1,DME,True,OCT5k,1,DME,0.9977059,0.0061578043,0.38157815,-6.9243274,1,-3.5860553,False,-2.923802,False,-7.266301,False,-12.918175,False,True,True
/Users/yuhaowang/Documents/UCL/Term3_Proj/Dataset/Macular-Dataset-R.Rasti_old/DME/DME (8).E2E,DME (8).E2E,9,Spectralis,n/a,1,DME,True,OCT5k,1,DME,0.9999926,8.412753e-05,0.5875318,-7.23601,1,-10.948355,False,-4.3592997,False,-7.266301,False,-16.7445,False,False,True
/Users/yuhaowang/Documents/UCL/Term3_Proj/Dataset/Macular-Dataset-R.Rasti_old/DME/DME (8).E2E,DME (8).E2E,10,Spectralis,n/a,1,DME,True,OCT5k,1,DME,0.9978908,0.010187846,0.5283259,-4.298546,1,-4.5702987,False,-1.9713122,False,-7.266301,False,-9.575599,False,True,True
/Users/yuhaowang/Documents/UCL/Term3_Proj/Dataset/Macular-Dataset-R.Rasti_old/DME/DME (8).E2E,DME (8).E2E,11,Spectralis,n/a,1,DME,True,OCT5k,1,DME,0.9992829,0.00067293644,0.4633371,-6.305261,1,-5.397185,False,-4.220136,False,-7.266301,False,-13.55699,False,True,True
/Users/yuhaowang/Documents/UCL/Term3_Proj/Dataset/Macular-Dataset-R.Rasti_old/DME/DME (8).E2E,DME (8).E2E,12,Spectralis,n/a,1,DME,True,OCT5k,1,DME,0.9972253,0.0017582886,0.5211465,-3.000172,1,-2.3869987,False,-3.963616,False,-7.266301,False,-8.359876,False,True,True
/Users/yuhaowang/Documents/UCL/Term3_Proj/Dataset/Macular-Dataset-R.Rasti_old/DME/DME (8).E2E,DME (8).E2E,13,Spectralis,n/a,1,DME,True,OCT5k,1,DME,0.99999774,3.4715427e-05,0.673515,-6.7606215,1,-13.115927,False,-4.370978,False,-7.266301,False,-16.95669,False,False,True
/Users/yuhaowang/Documents/UCL/Term3_Proj/Dataset/Macular-Dataset-R.Rasti_old/DME/DME (8).E2E,DME (8).E2E,14,Spectralis,n/a,1,DME,True,OCT5k,1,DME,1.0,2.9041473e-08,0.71104395,-8.098152,1,-16.374004,False,-4.379176,False,-7.266301,False,-19.73703,False,False,True
/Users/yuhaowang/Documents/UCL/Term3_Proj/Dataset/Macular-Dataset-R.Rasti_old/DME/DME (9).E2E,DME (9).E2E,27,Spectralis,n/a,1,DME,True,OCT5k,3,NORMAL,0.99450916,0.012880906,0.40761495,-2.6057222,1,2.0046096,True,-1.3348143,False,-7.266301,False,-4.823573,False,True,True
/Users/yuhaowang/Documents/UCL/Term3_Proj/Dataset/Macular-Dataset-R.Rasti_old/DME/DME (9).E2E,DME (9).E2E,28,Spectralis,n/a,1,DME,True,OCT5k,3,NORMAL,0.99879587,0.003983829,0.39917585,-2.070367,1,3.0882897,True,-3.4376152,False,-7.266301,False,-4.9817553,False,True,True
/Users/yuhaowang/Documents/UCL/Term3_Proj/Dataset/Macular-Dataset-R.Rasti_old/DME/DME (9).E2E,DME (9).E2E,29,Spectralis,n/a,1,DME,True,OCT5k,3,NORMAL,0.8432011,0.07457775,0.40251556,-2.3701656,1,2.527843,True,13.247072,True,-7.266301,False,3.9003892,True,True,True
/Users/yuhaowang/Documents/UCL/Term3_Proj/Dataset/Macular-Dataset-R.Rasti_old/DME/DME (9).E2E,DME (9).E2E,30,Spectralis,n/a,1,DME,True,OCT5k,3,NORMAL,0.9218374,0.13581312,0.33732367,-1.8976823,1,5.4176774,True,27.719889,True,-7.266301,False,13.695778,True,True,True
/Users/yuhaowang/Documents/UCL/Term3_Proj/Dataset/Macular-Dataset-R.Rasti_old/DME/DME (9).E2E,DME (9).E2E,31,Spectralis,n/a,1,DME,True,OCT5k,1,DME,0.99837023,0.017607734,0.48646834,-2.0561225,1,0.18681383,True,-0.21764112,False,-7.266301,False,-4.18225,False,True,True
/Users/yuhaowang/Documents/UCL/Term3_Proj/Dataset/Macular-Dataset-R.Rasti_old/DME/DME (9).E2E,DME (9).E2E,32,Spectralis,n/a,1,DME,True,OCT5k,0,CNV,0.8671626,0.1494112,0.18538173,-3.1786335,2,8.588268,True,30.933764,True,5.519489,True,20.950796,True,True,True
/Users/yuhaowang/Documents/UCL/Term3_Proj/Dataset/Macular-Dataset-R.Rasti_old/DME/DME (9).E2E,DME (9).E2E,33,Spectralis,n/a,1,DME,True,OCT5k,0,CNV,0.99193066,0.045291632,0.42352784,-2.52095,1,1.5986567,True,6.325376,True,-7.266301,False,-0.5315819,False,True,True
/Users/yuhaowang/Documents/UCL/Term3_Proj/Dataset/Macular-Dataset-R.Rasti_old/DME/DME (9).E2E,DME (9).E2E,34,Spectralis,n/a,1,DME,True,OCT5k,1,DME,0.9339739,0.19185925,0.32461149,-2.0807757,1,5.5693326,True,40.966248,True,-7.266301,False,21.027405,True,True,True
/Users/yuhaowang/Documents/UCL/Term3_Proj/Dataset/Macular-Dataset-R.Rasti_old/DME/DME (9).E2E,DME (9).E2E,35,Spectralis,n/a,1,DME,True,OCT5k,1,DME,0.7125534,0.10634038,0.5177935,-1.2278037,1,0.37747622,True,20.754087,True,-7.266301,False,8.751625,True,True,True
/Users/yuhaowang/Documents/UCL/Term3_Proj/Dataset/Macular-Dataset-R.Rasti_old/Normal/Normal (1).E2E,Normal (1).E2E,12,Spectralis,n/a,3,NORMAL,False,OCT5k,3,NORMAL,0.99880314,0.07937312,0.41393554,-1.9196342,1,2.819654,True,14.3804455,True,-7.266301,False,5.1880355,True,True,True
/Users/yuhaowang/Documents/UCL/Term3_Proj/Dataset/Macular-Dataset-R.Rasti_old/Normal/Normal (1).E2E,Normal (1).E2E,13,Spectralis,n/a,3,NORMAL,False,OCT5k,3,NORMAL,0.99994147,0.0007424101,0.294162,-3.4562829,1,4.5305266,True,-4.2037163,False,-7.266301,False,-6.564287,False,False,True
/Users/yuhaowang/Documents/UCL/Term3_Proj/Dataset/Macular-Dataset-R.Rasti_old/Normal/Normal (1).E2E,Normal (1).E2E,14,Spectralis,n/a,3,NORMAL,False,OCT5k,3,NORMAL,0.9997744,0.0038688984,0.38028723,-2.873528,1,2.518866,True,-3.464779,False,-7.266301,False,-6.166685,False,True,True
/Users/yuhaowang/Documents/UCL/Term3_Proj/Dataset/Macular-Dataset-R.Rasti_old/Normal/Normal (1).E2E,Normal (1).E2E,15,Spectralis,n/a,3,NORMAL,False,OCT5k,3,NORMAL,0.99990785,0.0076164827,0.38234273,-1.1934642,1,4.9641232,True,-2.579047,False,-7.266301,False,-2.769302,False,False,True
/Users/yuhaowang/Documents/UCL/Term3_Proj/Dataset/Macular-Dataset-R.Rasti_old/Normal/Normal (1).E2E,Normal (1).E2E,16,Spectralis,n/a,3,NORMAL,False,OCT5k,3,NORMAL,1.0,3.5252815e-06,0.6702213,-0.8871323,1,-4.2164364,False,-4.37835,False,-7.266301,False,-6.7104554,False,False,True
/Users/yuhaowang/Documents/UCL/Term3_Proj/Dataset/Macular-Dataset-R.Rasti_old/Normal/Normal (1).E2E,Normal (1).E2E,17,Spectralis,n/a,3,NORMAL,False,OCT5k,3,NORMAL,1.0,4.3759803e-07,0.72286284,-0.9321526,1,-6.0463867,False,-4.3790793,False,-7.266301,False,-7.420973,False,False,True
/Users/yuhaowang/Documents/UCL/Term3_Proj/Dataset/Macular-Dataset-R.Rasti_old/Normal/Normal (1).E2E,Normal (1).E2E,18,Spectralis,n/a,3,NORMAL,False,OCT5k,3,NORMAL,1.0,0.00016556427,0.6241529,-1.1879373,1,-3.1240702,False,-4.340052,False,-7.266301,False,-6.6587753,False,False,True
/Users/yuhaowang/Documents/UCL/Term3_Proj/Dataset/Macular-Dataset-R.Rasti_old/Normal/Normal (1).E2E,Normal (1).E2E,19,Spectralis,n/a,3,NORMAL,False,OCT5k,3,NORMAL,0.99997854,0.0004976934,0.40139875,-1.0062517,1,4.6062245,True,-4.2615542,False,-7.266301,False,-3.6248493,False,False,True
/Users/yuhaowang/Documents/UCL/Term3_Proj/Dataset/Macular-Dataset-R.Rasti_old/Normal/Normal (1).E2E,Normal (1).E2E,20,Spectralis,n/a,3,NORMAL,False,OCT5k,3,NORMAL,0.99793243,0.019692384,0.32561988,-0.7837862,1,7.4764085,True,0.27506042,True,-7.266301,False,0.23914099,True,True,True
/Users/yuhaowang/Documents/UCL/Term3_Proj/Dataset/Macular-Dataset-R.Rasti_old/Normal/Normal (10).E2E,Normal (10).E2E,6,Spectralis,n/a,3,NORMAL,False,OCT5k,3,NORMAL,0.9999995,0.0003777668,0.42224383,-2.7372112,1,1.3180318,True,-4.2898984,False,-7.266301,False,-6.9003057,False,False,True
/Users/yuhaowang/Documents/UCL/Term3_Proj/Dataset/Macular-Dataset-R.Rasti_old/Normal/Normal (10).E2E,Normal (10).E2E,7,Spectralis,n/a,3,NORMAL,False,OCT5k,3,NORMAL,0.9999716,0.0011250833,0.3655592,-3.1355233,1,2.619945,True,-4.113272,False,-7.266301,False,-6.812423,False,False,True
/Users/yuhaowang/Documents/UCL/Term3_Proj/Dataset/Macular-Dataset-R.Rasti_old/Normal/Normal (10).E2E,Normal (10).E2E,8,Spectralis,n/a,3,NORMAL,False,OCT5k,3,NORMAL,0.77468294,0.10378659,0.40436175,-3.014161,1,1.5023389,True,20.150505,True,-7.266301,False,6.665959,True,True,True
/Users/yuhaowang/Documents/UCL/Term3_Proj/Dataset/Macular-Dataset-R.Rasti_old/Normal/Normal (10).E2E,Normal (10).E2E,9,Spectralis,n/a,3,NORMAL,False,OCT5k,3,NORMAL,0.99998033,0.0015368531,0.5425739,-3.227872,1,-3.4451828,False,-4.0159516,False,-7.266301,False,-9.042533,False,False,True
/Users/yuhaowang/Documents/UCL/Term3_Proj/Dataset/Macular-Dataset-R.Rasti_old/Normal/Normal (10).E2E,Normal (10).E2E,10,Spectralis,n/a,3,NORMAL,False,OCT5k,3,NORMAL,1.0,2.13284e-05,0.7308861,-3.2851994,1,-9.836174,False,-4.3741417,False,-7.266301,False,-11.605175,False,False,True
/Users/yuhaowang/Documents/UCL/Term3_Proj/Dataset/Macular-Dataset-R.Rasti_old/Normal/Normal (10).E2E,Normal (10).E2E,11,Spectralis,n/a,3,NORMAL,False,OCT5k,3,NORMAL,1.0,3.716099e-06,0.73396796,-3.4079728,1,-10.123083,False,-4.3783045,False,-7.266301,False,-11.857958,False,False,True
/Users/yuhaowang/Documents/UCL/Term3_Proj/Dataset/Macular-Dataset-R.Rasti_old/Normal/Normal (10).E2E,Normal (10).E2E,12,Spectralis,n/a,3,NORMAL,False,OCT5k,3,NORMAL,1.0,6.849751e-08,0.70809716,-3.4648502,1,-9.34197,False,-4.3791666,False,-7.266301,False,-11.646808,False,False,True
/Users/yuhaowang/Documents/UCL/Term3_Proj/Dataset/Macular-Dataset-R.Rasti_old/Normal/Normal (10).E2E,Normal (10).E2E,13,Spectralis,n/a,3,NORMAL,False,OCT5k,3,NORMAL,0.99999785,0.00092724746,0.46939352,-4.0735345,1,-2.2603703,False,-4.1600304,False,-7.266301,False,-9.715878,False,False,True
/Users/yuhaowang/Documents/UCL/Term3_Proj/Dataset/Macular-Dataset-R.Rasti_old/Normal/Normal (10).E2E,Normal (10).E2E,14,Spectralis,n/a,3,NORMAL,False,OCT5k,3,NORMAL,0.9983706,0.005391974,0.43424574,-4.100083,1,-1.1232533,False,-3.1048038,False,-7.266301,False,-8.742914,False,True,True
/Users/yuhaowang/Documents/UCL/Term3_Proj/Dataset/Macular-Dataset-R.Rasti_old/Normal/Normal (11).E2E,Normal (11).E2E,27,Spectralis,n/a,3,NORMAL,False,OCT5k,3,NORMAL,0.9110461,0.05495897,0.40549132,-1.8257807,1,3.2428327,True,8.610226,True,-7.266301,False,2.1866431,True,True,True
/Users/yuhaowang/Documents/UCL/Term3_Proj/Dataset/Macular-Dataset-R.Rasti_old/Normal/Normal (11).E2E,Normal (11).E2E,28,Spectralis,n/a,3,NORMAL,False,OCT5k,3,NORMAL,0.99999905,0.00016131497,0.64624256,-1.2281162,1,-3.923817,False,-4.3410563,False,-7.266301,False,-6.9943285,False,False,True
/Users/yuhaowang/Documents/UCL/Term3_Proj/Dataset/Macular-Dataset-R.Rasti_old/Normal/Normal (11).E2E,Normal (11).E2E,29,Spectralis,n/a,3,NORMAL,False,OCT5k,3,NORMAL,0.99997854,0.00048260554,0.4005472,-1.1841679,1,4.3684993,True,-4.2651205,False,-7.266301,False,-3.9259486,False,False,True
/Users/yuhaowang/Documents/UCL/Term3_Proj/Dataset/Macular-Dataset-R.Rasti_old/Normal/Normal (11).E2E,Normal (11).E2E,30,Spectralis,n/a,3,NORMAL,False,OCT5k,3,NORMAL,0.9999995,6.7954825e-05,0.5854564,-1.1804346,1,-1.8171778,False,-4.363122,False,-7.266301,False,-6.1943283,False,False,True
/Users/yuhaowang/Documents/UCL/Term3_Proj/Dataset/Macular-Dataset-R.Rasti_old/Normal/Normal (11).E2E,Normal (11).E2E,31,Spectralis,n/a,3,NORMAL,False,OCT5k,3,NORMAL,0.9999888,0.00013695809,0.55668265,-1.031314,1,-0.6306076,False,-4.346813,False,-7.266301,False,-5.580495,False,False,True
/Users/yuhaowang/Documents/UCL/Term3_Proj/Dataset/Macular-Dataset-R.Rasti_old/Normal/Normal (11).E2E,Normal (11).E2E,32,Spectralis,n/a,3,NORMAL,False,OCT5k,3,NORMAL,1.0,1.1509317e-05,0.6550959,-1.502037,1,-4.630151,False,-4.3764625,False,-7.266301,False,-7.596834,False,False,True
/Users/yuhaowang/Documents/UCL/Term3_Proj/Dataset/Macular-Dataset-R.Rasti_old/Normal/Normal (11).E2E,Normal (11).E2E,33,Spectralis,n/a,3,NORMAL,False,OCT5k,3,NORMAL,0.9999987,0.032026872,0.63018876,-1.5477324,1,-3.864572,False,3.1902843,True,-7.266301,False,-3.0945947,False,False,True
/Users/yuhaowang/Documents/UCL/Term3_Proj/Dataset/Macular-Dataset-R.Rasti_old/Normal/Normal (11).E2E,Normal (11).E2E,34,Spectralis,n/a,3,NORMAL,False,OCT5k,3,NORMAL,1.0,1.586727e-05,0.7845706,-1.9974449,1,-9.7066555,False,-4.3754325,False,-7.266301,False,-10.011541,False,False,True
/Users/yuhaowang/Documents/UCL/Term3_Proj/Dataset/Macular-Dataset-R.Rasti_old/Normal/Normal (11).E2E,Normal (11).E2E,35,Spectralis,n/a,3,NORMAL,False,OCT5k,3,NORMAL,1.0,6.712362e-05,0.6960051,-1.7009406,1,-6.2975464,False,-4.3633184,False,-7.266301,False,-8.426201,False,False,True
/Users/yuhaowang/Documents/UCL/Term3_Proj/Dataset/Macular-Dataset-R.Rasti_old/Normal/Normal (12).E2E,Normal (12).E2E,15,Spectralis,n/a,3,NORMAL,False,OCT5k,3,NORMAL,0.9980413,0.008970033,0.3943356,-4.858329,1,-0.921608,False,-2.2591388,False,-7.266301,False,-9.103432,False,True,True
/Users/yuhaowang/Documents/UCL/Term3_Proj/Dataset/Macular-Dataset-R.Rasti_old/Normal/Normal (12).E2E,Normal (12).E2E,16,Spectralis,n/a,3,NORMAL,False,OCT5k,3,NORMAL,0.9999528,0.00021074107,0.532221,-5.2920613,1,-6.187434,False,-4.329375,False,-7.266301,False,-12.684193,False,False,True
/Users/yuhaowang/Documents/UCL/Term3_Proj/Dataset/Macular-Dataset-R.Rasti_old/Normal/Normal (12).E2E,Normal (12).E2E,17,Spectralis,n/a,3,NORMAL,False,OCT5k,3,NORMAL,0.9998367,0.00039350847,0.62593985,-5.841792,1,-10.148025,False,-4.286178,False,-7.266301,False,-14.740309,False,False,True
/Users/yuhaowang/Documents/UCL/Term3_Proj/Dataset/Macular-Dataset-R.Rasti_old/Normal/Normal (12).E2E,Normal (12).E2E,18,Spectralis,n/a,3,NORMAL,False,OCT5k,3,NORMAL,0.99998975,0.0036346405,0.5769,-4.028004,1,-5.7918477,False,-3.520145,False,-7.266301,False,-10.5649185,False,False,True
/Users/yuhaowang/Documents/UCL/Term3_Proj/Dataset/Macular-Dataset-R.Rasti_old/Normal/Normal (12).E2E,Normal (12).E2E,19,Spectralis,n/a,3,NORMAL,False,OCT5k,3,NORMAL,0.9999391,0.0004939998,0.45058882,-3.8968363,1,-1.366323,False,-4.2624273,False,-7.266301,False,-9.240944,False,False,True
/Users/yuhaowang/Documents/UCL/Term3_Proj/Dataset/Macular-Dataset-R.Rasti_old/Normal/Normal (12).E2E,Normal (12).E2E,20,Spectralis,n/a,3,NORMAL,False,OCT5k,1,DME,0.9890248,0.069817394,0.5602557,-3.9355497,1,-5.0962,False,12.121977,True,-7.266301,False,-1.3510797,False,True,True
/Users/yuhaowang/Documents/UCL/Term3_Proj/Dataset/Macular-Dataset-R.Rasti_old/Normal/Normal (12).E2E,Normal (12).E2E,21,Spectralis,n/a,3,NORMAL,False,OCT5k,1,DME,0.8999456,0.1541205,0.5198118,-5.935734,1,-6.7351437,False,32.046795,True,-7.266301,False,6.9344106,True,True,True
/Users/yuhaowang/Documents/UCL/Term3_Proj/Dataset/Macular-Dataset-R.Rasti_old/Normal/Normal (12).E2E,Normal (12).E2E,22,Spectralis,n/a,3,NORMAL,False,OCT5k,3,NORMAL,0.9732457,0.023608968,0.48246956,-6.5879097,2,-6.460754,False,1.2007346,True,5.519489,True,-5.3706555,False,True,True
/Users/yuhaowang/Documents/UCL/Term3_Proj/Dataset/Macular-Dataset-R.Rasti_old/Normal/Normal (12).E2E,Normal (12).E2E,23,Spectralis,n/a,3,NORMAL,False,OCT5k,3,NORMAL,0.99243355,0.03596355,0.50253135,-6.8968883,1,-7.5948377,False,4.120708,True,-7.266301,False,-10.335088,False,True,True
/Users/yuhaowang/Documents/UCL/Term3_Proj/Dataset/Macular-Dataset-R.Rasti_old/Normal/Normal (13).E2E,Normal (13).E2E,6,Spectralis,n/a,3,NORMAL,False,OCT5k,3,NORMAL,0.999926,0.0047993995,0.3177099,-3.057095,1,4.3394322,True,-3.2448573,False,-7.266301,False,-5.6102424,False,False,True
/Users/yuhaowang/Documents/UCL/Term3_Proj/Dataset/Macular-Dataset-R.Rasti_old/Normal/Normal (13).E2E,Normal (13).E2E,7,Spectralis,n/a,3,NORMAL,False,OCT5k,3,NORMAL,0.86636406,0.11458182,0.5291752,-2.2846723,1,-1.585135,False,22.701931,True,-7.266301,False,7.8801484,True,True,True
/Users/yuhaowang/Documents/UCL/Term3_Proj/Dataset/Macular-Dataset-R.Rasti_old/Normal/Normal (13).E2E,Normal (13).E2E,8,Spectralis,n/a,3,NORMAL,False,OCT5k,3,NORMAL,0.99992967,0.0103149,0.44869295,-2.4293382,1,0.8931508,True,-1.9412831,False,-7.266301,False,-5.3532376,False,False,True
/Users/yuhaowang/Documents/UCL/Term3_Proj/Dataset/Macular-Dataset-R.Rasti_old/Normal/Normal (13).E2E,Normal (13).E2E,9,Spectralis,n/a,3,NORMAL,False,OCT5k,3,NORMAL,0.99820983,0.010313209,0.42762718,-2.570234,1,1.3876495,True,-1.9416828,False,-7.266301,False,-5.3455615,False,True,True
/Users/yuhaowang/Documents/UCL/Term3_Proj/Dataset/Macular-Dataset-R.Rasti_old/Normal/Normal (13).E2E,Normal (13).E2E,10,Spectralis,n/a,3,NORMAL,False,OCT5k,3,NORMAL,0.9999994,1.5876634e-05,0.68281084,-2.2398334,1,-6.662176,False,-4.37543,False,-7.266301,False,-9.211538,False,False,True
/Users/yuhaowang/Documents/UCL/Term3_Proj/Dataset/Macular-Dataset-R.Rasti_old/Normal/Normal (13).E2E,Normal (13).E2E,11,Spectralis,n/a,3,NORMAL,False,OCT5k,3,NORMAL,1.0,7.5347016e-06,0.53089696,-2.1628423,1,-1.460475,False,-4.377402,False,-7.266301,False,-7.255437,False,False,True
/Users/yuhaowang/Documents/UCL/Term3_Proj/Dataset/Macular-Dataset-R.Rasti_old/Normal/Normal (13).E2E,Normal (13).E2E,12,Spectralis,n/a,3,NORMAL,False,OCT5k,3,NORMAL,0.9999999,5.122256e-06,0.6389162,-2.0769615,1,-4.948739,False,-4.377972,False,-7.266301,False,-8.402977,False,False,True
/Users/yuhaowang/Documents/UCL/Term3_Proj/Dataset/Macular-Dataset-R.Rasti_old/Normal/Normal (13).E2E,Normal (13).E2E,13,Spectralis,n/a,3,NORMAL,False,OCT5k,3,NORMAL,0.99492365,0.002177842,0.44443363,-2.6664748,1,0.6809077,True,-3.8644555,False,-7.266301,False,-6.8028717,False,True,True
/Users/yuhaowang/Documents/UCL/Term3_Proj/Dataset/Macular-Dataset-R.Rasti_old/Normal/Normal (13).E2E,Normal (13).E2E,14,Spectralis,n/a,3,NORMAL,False,OCT5k,3,NORMAL,0.9665817,0.03439173,0.44410118,-2.296346,2,1.2459073,True,3.7492127,True,5.519489,True,3.9930348,True,True,True
/Users/yuhaowang/Documents/UCL/Term3_Proj/Dataset/Macular-Dataset-R.Rasti_old/Normal/Normal (14).E2E,Normal (14).E2E,6,Spectralis,n/a,3,NORMAL,False,OCT5k,3,NORMAL,0.9999496,0.04458685,0.36531186,-4.4049907,1,0.72857046,True,6.1588025,True,-7.266301,False,-3.2024589,False,False,True
/Users/yuhaowang/Documents/UCL/Term3_Proj/Dataset/Macular-Dataset-R.Rasti_old/Normal/Normal (14).E2E,Normal (14).E2E,7,Spectralis,n/a,3,NORMAL,False,OCT5k,3,NORMAL,0.99998593,0.0016282522,0.35831392,-3.7994456,1,1.8690305,True,-3.9943497,False,-7.266301,False,-7.812359,False,False,True
/Users/yuhaowang/Documents/UCL/Term3_Proj/Dataset/Macular-Dataset-R.Rasti_old/Normal/Normal (14).E2E,Normal (14).E2E,8,Spectralis,n/a,3,NORMAL,False,OCT5k,3,NORMAL,0.9999639,0.0009962572,0.39777446,-2.707143,1,2.1823268,True,-4.14372,False,-7.266301,False,-6.4716,False,False,True
/Users/yuhaowang/Documents/UCL/Term3_Proj/Dataset/Macular-Dataset-R.Rasti_old/Normal/Normal (14).E2E,Normal (14).E2E,9,Spectralis,n/a,3,NORMAL,False,OCT5k,3,NORMAL,0.9996007,0.0040265527,0.4232207,-2.765404,1,1.2431355,True,-3.4275177,False,-7.266301,False,-6.4729414,False,True,True
/Users/yuhaowang/Documents/UCL/Term3_Proj/Dataset/Macular-Dataset-R.Rasti_old/Normal/Normal (14).E2E,Normal (14).E2E,10,Spectralis,n/a,3,NORMAL,False,OCT5k,3,NORMAL,1.0,3.2479911e-06,0.53596693,-3.1640186,1,-3.1284118,False,-4.378415,False,-7.266301,False,-9.057377,False,False,True
/Users/yuhaowang/Documents/UCL/Term3_Proj/Dataset/Macular-Dataset-R.Rasti_old/Normal/Normal (14).E2E,Normal (14).E2E,11,Spectralis,n/a,3,NORMAL,False,OCT5k,3,NORMAL,1.0,4.958515e-07,0.72591794,-2.7360404,1,-8.848054,False,-4.3790655,False,-7.266301,False,-10.593636,False,False,True
/Users/yuhaowang/Documents/UCL/Term3_Proj/Dataset/Macular-Dataset-R.Rasti_old/Normal/Normal (14).E2E,Normal (14).E2E,12,Spectralis,n/a,3,NORMAL,False,OCT5k,3,NORMAL,1.0,1.0967792e-06,0.70586514,-2.5785267,1,-7.940925,False,-4.3789234,False,-7.266301,False,-10.079035,False,False,True
/Users/yuhaowang/Documents/UCL/Term3_Proj/Dataset/Macular-Dataset-R.Rasti_old/Normal/Normal (14).E2E,Normal (14).E2E,13,Spectralis,n/a,3,NORMAL,False,OCT5k,3,NORMAL,0.99999404,0.00015795778,0.3676709,-2.44163,1,3.5875955,True,-4.34185,False,-7.266301,False,-5.760832,False,False,True
/Users/yuhaowang/Documents/UCL/Term3_Proj/Dataset/Macular-Dataset-R.Rasti_old/Normal/Normal (14).E2E,Normal (14).E2E,14,Spectralis,n/a,3,NORMAL,False,OCT5k,3,NORMAL,0.9999993,5.7121855e-05,0.40779185,-4.132058,1,-0.2853551,False,-4.365682,False,-7.266301,False,-9.1946335,False,False,True
/Users/yuhaowang/Documents/UCL/Term3_Proj/Dataset/Macular-Dataset-R.Rasti_old/Normal/Normal (15).E2E,Normal (15).E2E,6,Spectralis,n/a,3,NORMAL,False,OCT5k,3,NORMAL,0.983872,0.07335293,0.42638558,-2.4322877,2,1.6356487,True,12.957592,True,5.519489,True,9.181219,True,True,True
/Users/yuhaowang/Documents/UCL/Term3_Proj/Dataset/Macular-Dataset-R.Rasti_old/Normal/Normal (15).E2E,Normal (15).E2E,7,Spectralis,n/a,3,NORMAL,False,OCT5k,3,NORMAL,0.8538353,0.10843933,0.3944957,-2.349725,1,2.8269572,True,21.250168,True,-7.266301,False,8.561882,True,True,True
/Users/yuhaowang/Documents/UCL/Term3_Proj/Dataset/Macular-Dataset-R.Rasti_old/Normal/Normal (15).E2E,Normal (15).E2E,8,Spectralis,n/a,3,NORMAL,False,OCT5k,3,NORMAL,0.92733765,0.12845343,0.4336064,-2.7167802,1,0.96815586,True,25.980448,True,-7.266301,False,10.131643,True,True,True
/Users/yuhaowang/Documents/UCL/Term3_Proj/Dataset/Macular-Dataset-R.Rasti_old/Normal/Normal (15).E2E,Normal (15).E2E,9,Spectralis,n/a,3,NORMAL,False,OCT5k,3,NORMAL,0.9893628,0.05416031,0.39765656,-2.13095,2,3.0485024,True,8.421465,True,5.519489,True,7.482492,True,True,True
/Users/yuhaowang/Documents/UCL/Term3_Proj/Dataset/Macular-Dataset-R.Rasti_old/Normal/Normal (15).E2E,Normal (15).E2E,10,Spectralis,n/a,3,NORMAL,False,OCT5k,3,NORMAL,0.9992441,0.04305018,0.36561796,-2.3797317,1,3.74896,True,5.7956147,True,-7.266301,False,0.10915375,True,True,True
/Users/yuhaowang/Documents/UCL/Term3_Proj/Dataset/Macular-Dataset-R.Rasti_old/Normal/Normal (15).E2E,Normal (15).E2E,11,Spectralis,n/a,3,NORMAL,False,OCT5k,3,NORMAL,0.99999654,0.0004562094,0.64459985,-2.198772,1,-5.3213234,False,-4.271359,False,-7.266301,False,-8.622617,False,False,True
/Users/yuhaowang/Documents/UCL/Term3_Proj/Dataset/Macular-Dataset-R.Rasti_old/Normal/Normal (15).E2E,Normal (15).E2E,12,Spectralis,n/a,3,NORMAL,False,OCT5k,3,NORMAL,0.99929523,0.0025018249,0.4087309,-1.8976021,1,3.0268893,True,-3.787883,False,-7.266301,False,-4.994344,False,True,True
/Users/yuhaowang/Documents/UCL/Term3_Proj/Dataset/Macular-Dataset-R.Rasti_old/Normal/Normal (15).E2E,Normal (15).E2E,13,Spectralis,n/a,3,NORMAL,False,OCT5k,3,NORMAL,1.0,4.156689e-05,0.7426414,-1.8735064,1,-8.117288,False,-4.3693585,False,-7.266301,False,-9.289379,False,False,True
/Users/yuhaowang/Documents/UCL/Term3_Proj/Dataset/Macular-Dataset-R.Rasti_old/Normal/Normal (15).E2E,Normal (15).E2E,14,Spectralis,n/a,3,NORMAL,False,OCT5k,3,NORMAL,0.9999968,0.0001835879,0.49146143,-2.012839,1,0.08440256,True,-4.3357925,False,-7.266301,False,-6.497779,False,False,True
/Users/yuhaowang/Documents/UCL/Term3_Proj/Dataset/Macular-Dataset-R.Rasti_old/Normal/Normal (16).E2E,Normal (16).E2E,12,Spectralis,n/a,3,NORMAL,False,OCT5k,3,NORMAL,0.99869764,0.02651972,0.3566228,-1.440896,1,5.4550347,True,1.8886833,True,-7.266301,False,-0.362041,False,True,True
/Users/yuhaowang/Documents/UCL/Term3_Proj/Dataset/Macular-Dataset-R.Rasti_old/Normal/Normal (16).E2E,Normal (16).E2E,13,Spectralis,n/a,3,NORMAL,False,OCT5k,3,NORMAL,0.9983948,0.04600834,0.43598944,-1.7321482,1,2.3617878,True,6.4947686,True,-7.266301,False,0.7860284,True,True,True
/Users/yuhaowang/Documents/UCL/Term3_Proj/Dataset/Macular-Dataset-R.Rasti_old/Normal/Normal (16).E2E,Normal (16).E2E,14,Spectralis,n/a,3,NORMAL,False,OCT5k,3,NORMAL,0.99476963,0.042167567,0.46468094,-1.6999335,1,1.4493241,True,5.587012,True,-7.266301,False,-0.016126633,False,True,True
/Users/yuhaowang/Documents/UCL/Term3_Proj/Dataset/Macular-Dataset-R.Rasti_old/Normal/Normal (16).E2E,Normal (16).E2E,15,Spectralis,n/a,3,NORMAL,False,OCT5k,3,NORMAL,0.9841801,0.10997179,0.42836335,-1.699666,2,2.6657357,True,21.612362,True,5.519489,True,15.32966,True,True,True
/Users/yuhaowang/Documents/UCL/Term3_Proj/Dataset/Macular-Dataset-R.Rasti_old/Normal/Normal (16).E2E,Normal (16).E2E,16,Spectralis,n/a,3,NORMAL,False,OCT5k,3,NORMAL,0.99990845,0.00034123752,0.52507716,-1.8541731,1,-0.8037133,False,-4.2985325,False,-7.266301,False,-6.6043324,False,False,True
/Users/yuhaowang/Documents/UCL/Term3_Proj/Dataset/Macular-Dataset-R.Rasti_old/Normal/Normal (16).E2E,Normal (16).E2E,17,Spectralis,n/a,3,NORMAL,False,OCT5k,3,NORMAL,1.0,8.45198e-08,0.748322,-1.8502796,1,-8.272733,False,-4.379163,False,-7.266301,False,-9.322732,False,False,True
/Users/yuhaowang/Documents/UCL/Term3_Proj/Dataset/Macular-Dataset-R.Rasti_old/Normal/Normal (16).E2E,Normal (16).E2E,18,Spectralis,n/a,3,NORMAL,False,OCT5k,3,NORMAL,0.9996506,0.010706976,0.46565044,-1.6905383,1,1.430922,True,-1.8486171,False,-7.266301,False,-4.219945,False,True,True
/Users/yuhaowang/Documents/UCL/Term3_Proj/Dataset/Macular-Dataset-R.Rasti_old/Normal/Normal (16).E2E,Normal (16).E2E,19,Spectralis,n/a,3,NORMAL,False,OCT5k,3,NORMAL,0.7487203,0.11347678,0.41838762,-1.9549342,1,2.617764,True,22.440758,True,-7.266301,False,9.635311,True,True,True
/Users/yuhaowang/Documents/UCL/Term3_Proj/Dataset/Macular-Dataset-R.Rasti_old/Normal/Normal (16).E2E,Normal (16).E2E,20,Spectralis,n/a,3,NORMAL,False,OCT5k,3,NORMAL,0.95108515,0.048942626,0.36626065,-1.7508672,2,4.668485,True,7.1882787,True,5.519489,True,7.8221126,True,True,True
/Users/yuhaowang/Documents/UCL/Term3_Proj/Dataset/Macular-Dataset-R.Rasti_old/Normal/Normal (17).E2E,Normal (17).E2E,12,Spectralis,n/a,3,NORMAL,False,OCT5k,3,NORMAL,0.9995384,0.0011744378,0.40285254,-1.9927328,1,3.0813584,True,-4.1016073,False,-7.266301,False,-5.2667356,False,True,True
/Users/yuhaowang/Documents/UCL/Term3_Proj/Dataset/Macular-Dataset-R.Rasti_old/Normal/Normal (17).E2E,Normal (17).E2E,13,Spectralis,n/a,3,NORMAL,False,OCT5k,3,NORMAL,0.9567442,0.10830638,0.3139287,-1.074779,2,7.4324136,True,21.218746,True,5.519489,True,17.566742,True,True,True
/Users/yuhaowang/Documents/UCL/Term3_Proj/Dataset/Macular-Dataset-R.Rasti_old/Normal/Normal (17).E2E,Normal (17).E2E,14,Spectralis,n/a,3,NORMAL,False,OCT5k,3,NORMAL,0.55366176,0.122057796,0.5019322,-1.5270771,1,0.46071672,True,24.468857,True,-7.266301,False,10.52426,True,True,True
/Users/yuhaowang/Documents/UCL/Term3_Proj/Dataset/Macular-Dataset-R.Rasti_old/Normal/Normal (17).E2E,Normal (17).E2E,15,Spectralis,n/a,3,NORMAL,False,OCT5k,3,NORMAL,0.9999987,6.87915e-05,0.6004098,-2.3421955,1,-4.056342,False,-4.362924,False,-7.266301,False,-8.393381,False,False,True
/Users/yuhaowang/Documents/UCL/Term3_Proj/Dataset/Macular-Dataset-R.Rasti_old/Normal/Normal (17).E2E,Normal (17).E2E,16,Spectralis,n/a,3,NORMAL,False,OCT5k,3,NORMAL,0.99999964,0.00044110592,0.7147728,-1.4685473,1,-6.578183,False,-4.2749286,False,-7.266301,False,-8.197428,False,False,True
/Users/yuhaowang/Documents/UCL/Term3_Proj/Dataset/Macular-Dataset-R.Rasti_old/Normal/Normal (17).E2E,Normal (17).E2E,17,Spectralis,n/a,3,NORMAL,False,OCT5k,3,NORMAL,0.9999999,0.00016274076,0.74175465,-2.0281453,1,-8.319001,False,-4.340719,False,-7.266301,False,-9.531361,False,False,True
/Users/yuhaowang/Documents/UCL/Term3_Proj/Dataset/Macular-Dataset-R.Rasti_old/Normal/Normal (17).E2E,Normal (17).E2E,18,Spectralis,n/a,3,NORMAL,False,OCT5k,3,NORMAL,0.6199311,0.19602808,0.4406106,-1.6388713,1,2.34664,True,41.95154,True,-7.266301,False,20.961014,True,True,True
/Users/yuhaowang/Documents/UCL/Term3_Proj/Dataset/Macular-Dataset-R.Rasti_old/Normal/Normal (17).E2E,Normal (17).E2E,19,Spectralis,n/a,3,NORMAL,False,OCT5k,3,NORMAL,0.99375546,0.01860521,0.3100576,-2.6179729,1,5.2527633,True,0.018109798,True,-7.266301,False,-2.9081774,False,True,True
/Users/yuhaowang/Documents/UCL/Term3_Proj/Dataset/Macular-Dataset-R.Rasti_old/Normal/Normal (17).E2E,Normal (17).E2E,20,Spectralis,n/a,3,NORMAL,False,OCT5k,3,NORMAL,0.9981311,0.007934067,0.373385,-2.4730623,1,3.349236,True,-2.5039868,False,-7.266301,False,-4.843842,False,True,True
/Users/yuhaowang/Documents/UCL/Term3_Proj/Dataset/Macular-Dataset-R.Rasti_old/Normal/Normal (18).E2E,Normal (18).E2E,6,Spectralis,n/a,3,NORMAL,False,OCT5k,3,NORMAL,0.9971732,0.038067997,0.36300156,-3.8216565,1,1.6788392,True,4.618089,True,-7.266301,False,-3.0326545,False,True,True
/Users/yuhaowang/Documents/UCL/Term3_Proj/Dataset/Macular-Dataset-R.Rasti_old/Normal/Normal (18).E2E,Normal (18).E2E,7,Spectralis,n/a,3,NORMAL,False,OCT5k,3,NORMAL,0.99930525,0.090091,0.37554726,-2.8475118,1,2.7165036,True,16.913588,True,-7.266301,False,5.4694524,True,True,True
/Users/yuhaowang/Documents/UCL/Term3_Proj/Dataset/Macular-Dataset-R.Rasti_old/Normal/Normal (18).E2E,Normal (18).E2E,8,Spectralis,n/a,3,NORMAL,False,OCT5k,3,NORMAL,0.99996376,0.0087257195,0.35171297,-5.3675313,1,-0.2564664,False,-2.316882,False,-7.266301,False,-9.509761,False,False,True
/Users/yuhaowang/Documents/UCL/Term3_Proj/Dataset/Macular-Dataset-R.Rasti_old/Normal/Normal (18).E2E,Normal (18).E2E,9,Spectralis,n/a,3,NORMAL,False,OCT5k,3,NORMAL,0.9999993,0.000110031455,0.40648645,-5.132007,1,-1.7379899,False,-4.353177,False,-7.266301,False,-10.910267,False,False,True
/Users/yuhaowang/Documents/UCL/Term3_Proj/Dataset/Macular-Dataset-R.Rasti_old/Normal/Normal (18).E2E,Normal (18).E2E,10,Spectralis,n/a,3,NORMAL,False,OCT5k,3,NORMAL,0.9999949,0.00038134516,0.38630238,-5.9897814,1,-2.3457618,False,-4.289053,False,-7.266301,False,-12.122923,False,False,True
/Users/yuhaowang/Documents/UCL/Term3_Proj/Dataset/Macular-Dataset-R.Rasti_old/Normal/Normal (18).E2E,Normal (18).E2E,11,Spectralis,n/a,3,NORMAL,False,OCT5k,3,NORMAL,0.9999993,1.0605763e-06,0.43961138,-4.942286,1,-2.5632,False,-4.378932,False,-7.266301,False,-10.992607,False,False,True
/Users/yuhaowang/Documents/UCL/Term3_Proj/Dataset/Macular-Dataset-R.Rasti_old/Normal/Normal (18).E2E,Normal (18).E2E,12,Spectralis,n/a,3,NORMAL,False,OCT5k,3,NORMAL,1.0,7.03998e-07,0.6412554,-4.788003,1,-9.083919,False,-4.3790164,False,-7.266301,False,-13.144703,False,False,True
/Users/yuhaowang/Documents/UCL/Term3_Proj/Dataset/Macular-Dataset-R.Rasti_old/Normal/Normal (18).E2E,Normal (18).E2E,13,Spectralis,n/a,3,NORMAL,False,OCT5k,3,NORMAL,0.9999994,0.00015901914,0.50255346,-3.7782872,1,-2.928841,False,-4.341599,False,-7.266301,False,-9.703375,False,False,True
/Users/yuhaowang/Documents/UCL/Term3_Proj/Dataset/Macular-Dataset-R.Rasti_old/Normal/Normal (18).E2E,Normal (18).E2E,14,Spectralis,n/a,3,NORMAL,False,OCT5k,3,NORMAL,0.99998915,0.007857573,0.38516802,-3.0708046,1,2.0602355,True,-2.5220659,False,-7.266301,False,-6.034658,False,False,True
/Users/yuhaowang/Documents/UCL/Term3_Proj/Dataset/Macular-Dataset-R.Rasti_old/Normal/Normal (19).E2E,Normal (19).E2E,6,Spectralis,n/a,3,NORMAL,False,OCT5k,3,NORMAL,0.9999881,0.00062314444,0.34574515,-5.9561853,1,-0.9375224,False,-4.231904,False,-7.266301,False,-11.545378,False,False,True
/Users/yuhaowang/Documents/UCL/Term3_Proj/Dataset/Macular-Dataset-R.Rasti_old/Normal/Normal (19).E2E,Normal (19).E2E,7,Spectralis,n/a,3,NORMAL,False,OCT5k,3,NORMAL,0.99975044,0.0077902973,0.42519274,-6.9590154,1,-5.0983005,False,-2.5379665,False,-7.266301,False,-13.283592,False,True,True
/Users/yuhaowang/Documents/UCL/Term3_Proj/Dataset/Macular-Dataset-R.Rasti_old/Normal/Normal (19).E2E,Normal (19).E2E,8,Spectralis,n/a,3,NORMAL,False,OCT5k,3,NORMAL,0.9999021,0.0018839212,0.4478491,-5.659662,1,-3.912516,False,-3.9339228,False,-7.266301,False,-12.086744,False,False,True
/Users/yuhaowang/Documents/UCL/Term3_Proj/Dataset/Macular-Dataset-R.Rasti_old/Normal/Normal (19).E2E,Normal (19).E2E,9,Spectralis,n/a,3,NORMAL,False,OCT5k,3,NORMAL,1.0,3.8603116e-07,0.7536293,-4.22462,1,-12.003447,False,-4.3790913,False,-7.266301,False,-13.514109,False,False,True
/Users/yuhaowang/Documents/UCL/Term3_Proj/Dataset/Macular-Dataset-R.Rasti_old/Normal/Normal (19).E2E,Normal (19).E2E,10,Spectralis,n/a,3,NORMAL,False,OCT5k,3,NORMAL,1.0,1.1912383e-05,0.6513781,-4.414645,1,-8.864155,False,-4.3763676,False,-7.266301,False,-12.615633,False,False,True
/Users/yuhaowang/Documents/UCL/Term3_Proj/Dataset/Macular-Dataset-R.Rasti_old/Normal/Normal (19).E2E,Normal (19).E2E,11,Spectralis,n/a,3,NORMAL,False,OCT5k,3,NORMAL,1.0,3.601624e-07,0.58708924,-4.466515,1,-6.7892075,False,-4.379098,False,-7.266301,False,-11.935715,False,False,True
/Users/yuhaowang/Documents/UCL/Term3_Proj/Dataset/Macular-Dataset-R.Rasti_old/Normal/Normal (19).E2E,Normal (19).E2E,12,Spectralis,n/a,3,NORMAL,False,OCT5k,3,NORMAL,0.9998673,0.0031268336,0.40696913,-3.8099792,1,0.22415876,True,-3.640164,False,-7.266301,False,-8.214196,False,False,True
/Users/yuhaowang/Documents/UCL/Term3_Proj/Dataset/Macular-Dataset-R.Rasti_old/Normal/Normal (19).E2E,Normal (19).E2E,13,Spectralis,n/a,3,NORMAL,False,OCT5k,3,NORMAL,0.7886105,0.09800792,0.3986134,-4.035894,1,0.16586876,True,18.78473,True,-7.266301,False,4.1856875,True,True,True
/Users/yuhaowang/Documents/UCL/Term3_Proj/Dataset/Macular-Dataset-R.Rasti_old/Normal/Normal (19).E2E,Normal (19).E2E,14,Spectralis,n/a,3,NORMAL,False,OCT5k,3,NORMAL,0.99987984,0.054480735,0.31854782,-5.3781633,1,0.8380828,True,8.497196,True,-7.266301,False,-3.0094807,False,False,True
/Users/yuhaowang/Documents/UCL/Term3_Proj/Dataset/Macular-Dataset-R.Rasti_old/Normal/Normal (2).E2E,Normal (2).E2E,12,Spectralis,n/a,3,NORMAL,False,OCT5k,3,NORMAL,0.9995653,0.018262465,0.22319931,-1.1810771,1,10.311216,True,-0.062897205,False,-7.266301,False,0.58650064,True,True,True
/Users/yuhaowang/Documents/UCL/Term3_Proj/Dataset/Macular-Dataset-R.Rasti_old/Normal/Normal (2).E2E,Normal (2).E2E,13,Spectralis,n/a,3,NORMAL,False,OCT5k,3,NORMAL,0.98587507,0.039102808,0.3942932,-1.0594628,2,4.7645116,True,4.8626637,True,5.519489,True,7.37135,True,True,True
/Users/yuhaowang/Documents/UCL/Term3_Proj/Dataset/Macular-Dataset-R.Rasti_old/Normal/Normal (2).E2E,Normal (2).E2E,14,Spectralis,n/a,3,NORMAL,False,OCT5k,3,NORMAL,0.99304444,0.029808164,0.3923502,-1.3285062,1,4.426965,True,2.6658988,True,-7.266301,False,-0.15558052,False,True,True
/Users/yuhaowang/Documents/UCL/Term3_Proj/Dataset/Macular-Dataset-R.Rasti_old/Normal/Normal (2).E2E,Normal (2).E2E,15,Spectralis,n/a,3,NORMAL,False,OCT5k,3,NORMAL,0.9999845,0.00011610455,0.4043368,-1.0435089,1,4.4520974,True,-4.351742,False,-7.266301,False,-3.77593,False,False,True
/Users/yuhaowang/Documents/UCL/Term3_Proj/Dataset/Macular-Dataset-R.Rasti_old/Normal/Normal (2).E2E,Normal (2).E2E,16,Spectralis,n/a,3,NORMAL,False,OCT5k,3,NORMAL,1.0,2.3845954e-05,0.743719,-1.2546061,1,-7.2272334,False,-4.3735466,False,-7.266301,False,-8.228746,False,False,True
/Users/yuhaowang/Documents/UCL/Term3_Proj/Dataset/Macular-Dataset-R.Rasti_old/Normal/Normal (2).E2E,Normal (2).E2E,17,Spectralis,n/a,3,NORMAL,False,OCT5k,3,NORMAL,1.0,1.1603559e-05,0.6438474,-1.2141323,1,-3.8226948,False,-4.3764405,False,-7.266301,False,-6.9612966,False,False,True
/Users/yuhaowang/Documents/UCL/Term3_Proj/Dataset/Macular-Dataset-R.Rasti_old/Normal/Normal (2).E2E,Normal (2).E2E,18,Spectralis,n/a,3,NORMAL,False,OCT5k,3,NORMAL,0.99999535,0.00027870585,0.5069052,-0.6903488,1,1.5463037,True,-4.3133116,False,-7.266301,False,-4.3713145,False,False,True
/Users/yuhaowang/Documents/UCL/Term3_Proj/Dataset/Macular-Dataset-R.Rasti_old/Normal/Normal (2).E2E,Normal (2).E2E,19,Spectralis,n/a,3,NORMAL,False,OCT5k,3,NORMAL,0.9998275,0.00080621894,0.37761468,-1.3913606,1,4.8262954,True,-4.188635,False,-7.266301,False,-3.967605,False,False,True
/Users/yuhaowang/Documents/UCL/Term3_Proj/Dataset/Macular-Dataset-R.Rasti_old/Normal/Normal (2).E2E,Normal (2).E2E,20,Spectralis,n/a,3,NORMAL,False,OCT5k,3,NORMAL,0.9999554,0.0026418045,0.39519423,-1.3981405,1,4.2275376,True,-3.7547991,False,-7.266301,False,-3.9448447,False,False,True
/Users/yuhaowang/Documents/UCL/Term3_Proj/Dataset/Macular-Dataset-R.Rasti_old/Normal/Normal (20).E2E,Normal (20).E2E,27,Spectralis,n/a,3,NORMAL,False,OCT5k,3,NORMAL,0.9707761,0.08415708,0.36450714,-2.5841084,2,3.4803195,True,15.511122,True,5.519489,True,11.1052685,True,True,True
/Users/yuhaowang/Documents/UCL/Term3_Proj/Dataset/Macular-Dataset-R.Rasti_old/Normal/Normal (20).E2E,Normal (20).E2E,28,Spectralis,n/a,3,NORMAL,False,OCT5k,3,NORMAL,1.0,9.17917e-06,0.67078763,-1.9844279,1,-5.877413,False,-4.377013,False,-7.266301,False,-8.624109,False,False,True
/Users/yuhaowang/Documents/UCL/Term3_Proj/Dataset/Macular-Dataset-R.Rasti_old/Normal/Normal (20).E2E,Normal (20).E2E,29,Spectralis,n/a,3,NORMAL,False,OCT5k,3,NORMAL,1.0,2.3735276e-07,0.8175688,-1.4595093,1,-10.006548,False,-4.3791265,False,-7.266301,False,-9.474516,False,False,True
/Users/yuhaowang/Documents/UCL/Term3_Proj/Dataset/Macular-Dataset-R.Rasti_old/Normal/Normal (20).E2E,Normal (20).E2E,30,Spectralis,n/a,3,NORMAL,False,OCT5k,3,NORMAL,1.0,5.016766e-07,0.81939304,-1.6812123,1,-10.399389,False,-4.3790646,False,-7.266301,False,-9.8818,False,False,True
/Users/yuhaowang/Documents/UCL/Term3_Proj/Dataset/Macular-Dataset-R.Rasti_old/Normal/Normal (20).E2E,Normal (20).E2E,31,Spectralis,n/a,3,NORMAL,False,OCT5k,3,NORMAL,1.0,2.023846e-08,0.80021095,-1.5109123,1,-9.50228,False,-4.379178,False,-7.266301,False,-9.355567,False,False,True
/Users/yuhaowang/Documents/UCL/Term3_Proj/Dataset/Macular-Dataset-R.Rasti_old/Normal/Normal (20).E2E,Normal (20).E2E,32,Spectralis,n/a,3,NORMAL,False,OCT5k,3,NORMAL,0.99998486,0.00075874524,0.6053312,-1.1758114,1,-2.4757226,False,-4.1998553,False,-7.266301,False,-6.3324337,False,False,True
/Users/yuhaowang/Documents/UCL/Term3_Proj/Dataset/Macular-Dataset-R.Rasti_old/Normal/Normal (20).E2E,Normal (20).E2E,33,Spectralis,n/a,3,NORMAL,False,OCT5k,3,NORMAL,0.9999802,7.4318144e-05,0.50317556,-1.4353752,1,0.5563102,True,-4.361618,False,-7.266301,False,-5.6490946,False,False,True
/Users/yuhaowang/Documents/UCL/Term3_Proj/Dataset/Macular-Dataset-R.Rasti_old/Normal/Normal (20).E2E,Normal (20).E2E,34,Spectralis,n/a,3,NORMAL,False,OCT5k,3,NORMAL,0.999998,1.6650869e-05,0.6511971,-1.8829685,1,-5.069642,False,-4.3752475,False,-7.266301,False,-8.211588,False,False,True
/Users/yuhaowang/Documents/UCL/Term3_Proj/Dataset/Macular-Dataset-R.Rasti_old/Normal/Normal (20).E2E,Normal (20).E2E,35,Spectralis,n/a,3,NORMAL,False,OCT5k,3,NORMAL,1.0,3.76162e-07,0.7085084,-1.8650193,1,-6.961721,False,-4.379094,False,-7.266301,False,-8.870448,False,False,True
/Users/yuhaowang/Documents/UCL/Term3_Proj/Dataset/Macular-Dataset-R.Rasti_old/Normal/Normal (21).E2E,Normal (21).E2E,27,Spectralis,n/a,3,NORMAL,False,OCT5k,3,NORMAL,0.9983265,0.0039668605,0.29374042,-0.9414525,1,8.307886,True,-3.4416258,False,-7.266301,False,-1.7559378,False,True,True
/Users/yuhaowang/Documents/UCL/Term3_Proj/Dataset/Macular-Dataset-R.Rasti_old/Normal/Normal (21).E2E,Normal (21).E2E,28,Spectralis,n/a,3,NORMAL,False,OCT5k,3,NORMAL,0.9998258,0.013543466,0.3436033,-1.1983691,1,6.253885,True,-1.1782202,False,-7.266301,False,-1.519994,False,False,True
/Users/yuhaowang/Documents/UCL/Term3_Proj/Dataset/Macular-Dataset-R.Rasti_old/Normal/Normal (21).E2E,Normal (21).E2E,29,Spectralis,n/a,3,NORMAL,False,OCT5k,3,NORMAL,0.99998295,0.0093399035,0.51948315,-1.0441762,1,0.5956855,True,-2.171721,False,-7.266301,False,-3.9252753,False,False,True
/Users/yuhaowang/Documents/UCL/Term3_Proj/Dataset/Macular-Dataset-R.Rasti_old/Normal/Normal (21).E2E,Normal (21).E2E,30,Spectralis,n/a,3,NORMAL,False,OCT5k,3,NORMAL,1.0,2.699121e-06,0.690306,-0.9166706,1,-4.933128,False,-4.378545,False,-7.266301,False,-7.002987,False,False,True
/Users/yuhaowang/Documents/UCL/Term3_Proj/Dataset/Macular-Dataset-R.Rasti_old/Normal/Normal (21).E2E,Normal (21).E2E,31,Spectralis,n/a,3,NORMAL,False,OCT5k,3,NORMAL,0.99999964,0.00035615708,0.7032467,-1.3674918,1,-6.0410357,False,-4.295006,False,-7.266301,False,-7.894766,False,False,True
/Users/yuhaowang/Documents/UCL/Term3_Proj/Dataset/Macular-Dataset-R.Rasti_old/Normal/Normal (21).E2E,Normal (21).E2E,32,Spectralis,n/a,3,NORMAL,False,OCT5k,3,NORMAL,1.0,4.4192893e-07,0.6759274,-0.7867454,1,-4.25727,False,-4.3790784,False,-7.266301,False,-6.6048365,False,False,True
/Users/yuhaowang/Documents/UCL/Term3_Proj/Dataset/Macular-Dataset-R.Rasti_old/Normal/Normal (21).E2E,Normal (21).E2E,33,Spectralis,n/a,3,NORMAL,False,OCT5k,3,NORMAL,1.0,1.3029679e-05,0.7927696,-1.582277,1,-9.359916,False,-4.3761034,False,-7.266301,False,-9.3885765,False,False,True
/Users/yuhaowang/Documents/UCL/Term3_Proj/Dataset/Macular-Dataset-R.Rasti_old/Normal/Normal (21).E2E,Normal (21).E2E,34,Spectralis,n/a,3,NORMAL,False,OCT5k,3,NORMAL,1.0,1.9336035e-08,0.8670442,-1.697827,1,-12.019743,False,-4.379178,False,-7.266301,False,-10.482689,False,False,True
/Users/yuhaowang/Documents/UCL/Term3_Proj/Dataset/Macular-Dataset-R.Rasti_old/Normal/Normal (21).E2E,Normal (21).E2E,35,Spectralis,n/a,3,NORMAL,False,OCT5k,3,NORMAL,1.0,1.1132688e-05,0.82993275,-1.2082831,1,-10.044586,False,-4.3765516,False,-7.266301,False,-9.18471,False,False,True
/Users/yuhaowang/Documents/UCL/Term3_Proj/Dataset/Macular-Dataset-R.Rasti_old/Normal/Normal (22).E2E,Normal (22).E2E,27,Spectralis,n/a,3,NORMAL,False,OCT5k,3,NORMAL,0.98410827,0.049846254,0.31977576,-1.739285,2,6.2422585,True,7.4018493,True,5.519489,True,8.5210705,True,True,True
/Users/yuhaowang/Documents/UCL/Term3_Proj/Dataset/Macular-Dataset-R.Rasti_old/Normal/Normal (22).E2E,Normal (22).E2E,28,Spectralis,n/a,3,NORMAL,False,OCT5k,3,NORMAL,0.99993145,0.0007582293,0.39042524,-1.3451172,1,4.466562,True,-4.1999774,False,-7.266301,False,-4.047393,False,False,True
/Users/yuhaowang/Documents/UCL/Term3_Proj/Dataset/Macular-Dataset-R.Rasti_old/Normal/Normal (22).E2E,Normal (22).E2E,29,Spectralis,n/a,3,NORMAL,False,OCT5k,3,NORMAL,0.99999607,0.00014216208,0.6530127,-1.6723441,1,-4.815251,False,-4.345583,False,-7.266301,False,-7.8504257,False,False,True
/Users/yuhaowang/Documents/UCL/Term3_Proj/Dataset/Macular-Dataset-R.Rasti_old/Normal/Normal (22).E2E,Normal (22).E2E,30,Spectralis,n/a,3,NORMAL,False,OCT5k,3,NORMAL,0.9999994,1.1444019e-05,0.6386205,-1.9637166,1,-4.7693768,False,-4.376478,False,-7.266301,False,-8.20171,False,False,True
/Users/yuhaowang/Documents/UCL/Term3_Proj/Dataset/Macular-Dataset-R.Rasti_old/Normal/Normal (22).E2E,Normal (22).E2E,31,Spectralis,n/a,3,NORMAL,False,OCT5k,3,NORMAL,0.9999987,0.00016582984,0.64675736,-1.6052772,1,-4.5054455,False,-4.3399897,False,-7.266301,False,-7.655586,False,False,True
/Users/yuhaowang/Documents/UCL/Term3_Proj/Dataset/Macular-Dataset-R.Rasti_old/Normal/Normal (22).E2E,Normal (22).E2E,32,Spectralis,n/a,3,NORMAL,False,OCT5k,3,NORMAL,1.0,4.6434468e-07,0.7507429,-2.0157561,1,-8.601414,False,-4.379073,False,-7.266301,False,-9.639414,False,False,True
/Users/yuhaowang/Documents/UCL/Term3_Proj/Dataset/Macular-Dataset-R.Rasti_old/Normal/Normal (22).E2E,Normal (22).E2E,33,Spectralis,n/a,3,NORMAL,False,OCT5k,3,NORMAL,1.0,2.4601668e-06,0.78292364,-1.5034467,1,-8.912283,False,-4.3786016,False,-7.266301,False,-9.134768,False,False,True
/Users/yuhaowang/Documents/UCL/Term3_Proj/Dataset/Macular-Dataset-R.Rasti_old/Normal/Normal (22).E2E,Normal (22).E2E,34,Spectralis,n/a,3,NORMAL,False,OCT5k,3,NORMAL,1.0,8.634597e-05,0.6045994,-1.6846607,1,-3.2126732,False,-4.358775,False,-7.266301,False,-7.298217,False,False,True
/Users/yuhaowang/Documents/UCL/Term3_Proj/Dataset/Macular-Dataset-R.Rasti_old/Normal/Normal (22).E2E,Normal (22).E2E,35,Spectralis,n/a,3,NORMAL,False,OCT5k,3,NORMAL,0.99999225,0.003078112,0.58064973,-1.2959074,1,-1.8290339,False,-3.651679,False,-7.266301,False,-5.9347095,False,False,True
/Users/yuhaowang/Documents/UCL/Term3_Proj/Dataset/Macular-Dataset-R.Rasti_old/Normal/Normal (23).E2E,Normal (23).E2E,27,Spectralis,n/a,3,NORMAL,False,OCT5k,3,NORMAL,0.9865828,0.039608404,0.35246477,-2.591357,2,3.872683,True,4.98216,True,5.519489,True,5.277888,True,True,True
/Users/yuhaowang/Documents/UCL/Term3_Proj/Dataset/Macular-Dataset-R.Rasti_old/Normal/Normal (23).E2E,Normal (23).E2E,28,Spectralis,n/a,3,NORMAL,False,OCT5k,3,NORMAL,1.0,8.020925e-06,0.6583854,-2.2269034,1,-5.8249974,False,-4.377287,False,-7.266301,False,-8.89694,False,False,True
/Users/yuhaowang/Documents/UCL/Term3_Proj/Dataset/Macular-Dataset-R.Rasti_old/Normal/Normal (23).E2E,Normal (23).E2E,29,Spectralis,n/a,3,NORMAL,False,OCT5k,3,NORMAL,1.0,5.0867966e-06,0.60216767,-2.204019,1,-3.9084299,False,-4.3779807,False,-7.266301,False,-8.182787,False,False,True
/Users/yuhaowang/Documents/UCL/Term3_Proj/Dataset/Macular-Dataset-R.Rasti_old/Normal/Normal (23).E2E,Normal (23).E2E,30,Spectralis,n/a,3,NORMAL,False,OCT5k,3,NORMAL,0.9999856,0.00051719975,0.5041773,-1.9669987,1,-0.27276278,False,-4.2569437,False,-7.266301,False,-6.5260835,False,False,True
/Users/yuhaowang/Documents/UCL/Term3_Proj/Dataset/Macular-Dataset-R.Rasti_old/Normal/Normal (23).E2E,Normal (23).E2E,31,Spectralis,n/a,3,NORMAL,False,OCT5k,3,NORMAL,0.9999976,4.3985725e-05,0.518752,-1.4781586,1,-0.029253483,False,-4.368787,False,-7.266301,False,-5.9144883,False,False,True
/Users/yuhaowang/Documents/UCL/Term3_Proj/Dataset/Macular-Dataset-R.Rasti_old/Normal/Normal (23).E2E,Normal (23).E2E,32,Spectralis,n/a,3,NORMAL,False,OCT5k,3,NORMAL,0.9999999,8.38963e-05,0.6504446,-1.4645747,1,-4.418355,False,-4.359354,False,-7.266301,False,-7.466196,False,False,True
/Users/yuhaowang/Documents/UCL/Term3_Proj/Dataset/Macular-Dataset-R.Rasti_old/Normal/Normal (23).E2E,Normal (23).E2E,33,Spectralis,n/a,3,NORMAL,False,OCT5k,3,NORMAL,0.9999999,3.1086765e-06,0.638303,-1.3609947,1,-3.85682,False,-4.378448,False,-7.266301,False,-7.1512003,False,False,True
/Users/yuhaowang/Documents/UCL/Term3_Proj/Dataset/Macular-Dataset-R.Rasti_old/Normal/Normal (23).E2E,Normal (23).E2E,34,Spectralis,n/a,3,NORMAL,False,OCT5k,1,DME,0.6496415,0.26265267,0.57068413,-1.3477168,1,-1.5728877,False,57.698093,True,-7.266301,False,28.818384,True,True,True
/Users/yuhaowang/Documents/UCL/Term3_Proj/Dataset/Macular-Dataset-R.Rasti_old/Normal/Normal (23).E2E,Normal (23).E2E,35,Spectralis,n/a,3,NORMAL,False,OCT5k,3,NORMAL,0.9999994,0.00026929175,0.61182135,-1.9452771,1,-3.844475,False,-4.3155365,False,-7.266301,False,-7.8134995,False,False,True
/Users/yuhaowang/Documents/UCL/Term3_Proj/Dataset/Macular-Dataset-R.Rasti_old/Normal/Normal (24).E2E,Normal (24).E2E,27,Spectralis,n/a,3,NORMAL,False,OCT5k,3,NORMAL,0.9999838,0.0005682899,0.35283694,-1.7604505,1,5.1036077,True,-4.244869,False,-7.266301,False,-4.343685,False,False,True
/Users/yuhaowang/Documents/UCL/Term3_Proj/Dataset/Macular-Dataset-R.Rasti_old/Normal/Normal (24).E2E,Normal (24).E2E,28,Spectralis,n/a,3,NORMAL,False,OCT5k,3,NORMAL,0.9999957,8.961826e-05,0.47388178,-2.1529338,1,0.46337748,True,-4.3580017,False,-7.266301,False,-6.5428967,False,False,True
/Users/yuhaowang/Documents/UCL/Term3_Proj/Dataset/Macular-Dataset-R.Rasti_old/Normal/Normal (24).E2E,Normal (24).E2E,29,Spectralis,n/a,3,NORMAL,False,OCT5k,3,NORMAL,0.99999833,0.0016049608,0.53666526,-1.6799769,1,-0.9310436,False,-3.9998546,False,-7.266301,False,-6.271537,False,False,True
/Users/yuhaowang/Documents/UCL/Term3_Proj/Dataset/Macular-Dataset-R.Rasti_old/Normal/Normal (24).E2E,Normal (24).E2E,30,Spectralis,n/a,3,NORMAL,False,OCT5k,3,NORMAL,1.0,5.0114363e-07,0.76753455,-1.8139184,1,-8.861609,False,-4.3790646,False,-7.266301,False,-9.490065,False,False,True
/Users/yuhaowang/Documents/UCL/Term3_Proj/Dataset/Macular-Dataset-R.Rasti_old/Normal/Normal (24).E2E,Normal (24).E2E,31,Spectralis,n/a,3,NORMAL,False,OCT5k,3,NORMAL,1.0,1.7579714e-06,0.76905805,-1.7063468,1,-8.751648,False,-4.378767,False,-7.266301,False,-9.321173,False,False,True
/Users/yuhaowang/Documents/UCL/Term3_Proj/Dataset/Macular-Dataset-R.Rasti_old/Normal/Normal (24).E2E,Normal (24).E2E,32,Spectralis,n/a,3,NORMAL,False,OCT5k,3,NORMAL,1.0,5.5944156e-07,0.7222369,-2.1817987,1,-7.8954234,False,-4.3790507,False,-7.266301,False,-9.585913,False,False,True
/Users/yuhaowang/Documents/UCL/Term3_Proj/Dataset/Macular-Dataset-R.Rasti_old/Normal/Normal (24).E2E,Normal (24).E2E,33,Spectralis,n/a,3,NORMAL,False,OCT5k,3,NORMAL,1.0,2.8252573e-05,0.8072659,-1.778134,1,-10.138374,False,-4.372505,False,-7.266301,False,-9.901024,False,False,True
/Users/yuhaowang/Documents/UCL/Term3_Proj/Dataset/Macular-Dataset-R.Rasti_old/Normal/Normal (24).E2E,Normal (24).E2E,34,Spectralis,n/a,3,NORMAL,False,OCT5k,3,NORMAL,1.0,3.7539921e-06,0.67731416,-1.959821,1,-6.0591164,False,-4.3782954,False,-7.266301,False,-8.660393,False,False,True
/Users/yuhaowang/Documents/UCL/Term3_Proj/Dataset/Macular-Dataset-R.Rasti_old/Normal/Normal (24).E2E,Normal (24).E2E,35,Spectralis,n/a,3,NORMAL,False,OCT5k,3,NORMAL,1.0,7.0566057e-07,0.70441836,-1.5367466,1,-6.333542,False,-4.379016,False,-7.266301,False,-8.250622,False,False,True
/Users/yuhaowang/Documents/UCL/Term3_Proj/Dataset/Macular-Dataset-R.Rasti_old/Normal/Normal (25).E2E,Normal (25).E2E,27,Spectralis,n/a,3,NORMAL,False,OCT5k,3,NORMAL,0.86279505,0.19073197,0.4816597,-1.6540684,1,0.94946194,True,40.69982,True,-7.266301,False,19.733427,True,True,True
/Users/yuhaowang/Documents/UCL/Term3_Proj/Dataset/Macular-Dataset-R.Rasti_old/Normal/Normal (25).E2E,Normal (25).E2E,28,Spectralis,n/a,3,NORMAL,False,OCT5k,3,NORMAL,0.9953258,0.07036288,0.42664218,-1.6130141,1,2.8530345,True,12.2509,True,-7.266301,False,4.3632617,True,True,True
/Users/yuhaowang/Documents/UCL/Term3_Proj/Dataset/Macular-Dataset-R.Rasti_old/Normal/Normal (25).E2E,Normal (25).E2E,29,Spectralis,n/a,3,NORMAL,False,OCT5k,3,NORMAL,0.99985886,0.002179728,0.36597973,-1.5100673,1,5.0382304,True,-3.8640099,False,-7.266301,False,-3.850587,False,False,True
/Users/yuhaowang/Documents/UCL/Term3_Proj/Dataset/Macular-Dataset-R.Rasti_old/Normal/Normal (25).E2E,Normal (25).E2E,30,Spectralis,n/a,3,NORMAL,False,OCT5k,3,NORMAL,0.9999994,0.00037464628,0.51788545,-1.7195034,1,-0.3613925,False,-4.290636,False,-7.266301,False,-6.279425,False,False,True
/Users/yuhaowang/Documents/UCL/Term3_Proj/Dataset/Macular-Dataset-R.Rasti_old/Normal/Normal (25).E2E,Normal (25).E2E,31,Spectralis,n/a,3,NORMAL,False,OCT5k,3,NORMAL,0.9999821,6.520626e-05,0.46499127,-0.9560983,1,2.5520234,True,-4.3637714,False,-7.266301,False,-4.3587933,False,False,True
/Users/yuhaowang/Documents/UCL/Term3_Proj/Dataset/Macular-Dataset-R.Rasti_old/Normal/Normal (25).E2E,Normal (25).E2E,32,Spectralis,n/a,3,NORMAL,False,OCT5k,3,NORMAL,1.0,5.0746276e-06,0.6640749,-1.1896282,1,-4.463298,False,-4.377983,False,-7.266301,False,-7.162354,False,False,True
/Users/yuhaowang/Documents/UCL/Term3_Proj/Dataset/Macular-Dataset-R.Rasti_old/Normal/Normal (25).E2E,Normal (25).E2E,33,Spectralis,n/a,3,NORMAL,False,OCT5k,3,NORMAL,1.0,3.0718656e-06,0.8096349,-1.5192262,1,-9.830261,False,-4.378457,False,-7.266301,False,-9.482725,False,False,True
/Users/yuhaowang/Documents/UCL/Term3_Proj/Dataset/Macular-Dataset-R.Rasti_old/Normal/Normal (25).E2E,Normal (25).E2E,34,Spectralis,n/a,3,NORMAL,False,OCT5k,3,NORMAL,0.9999994,0.0004695668,0.5522556,-1.4620719,1,-1.1269717,False,-4.268202,False,-7.266301,False,-6.231724,False,False,True
/Users/yuhaowang/Documents/UCL/Term3_Proj/Dataset/Macular-Dataset-R.Rasti_old/Normal/Normal (25).E2E,Normal (25).E2E,35,Spectralis,n/a,3,NORMAL,False,OCT5k,3,NORMAL,1.0,7.771936e-05,0.61898565,-1.3528082,1,-3.1977727,False,-4.360814,False,-7.266301,False,-6.8951287,False,False,True
/Users/yuhaowang/Documents/UCL/Term3_Proj/Dataset/Macular-Dataset-R.Rasti_old/Normal/Normal (26).E2E,Normal (26).E2E,12,Spectralis,n/a,3,NORMAL,False,OCT5k,3,NORMAL,0.9318382,0.089984834,0.38253936,-1.040868,1,5.185887,True,16.888496,True,-7.266301,False,8.512119,True,True,True
/Users/yuhaowang/Documents/UCL/Term3_Proj/Dataset/Macular-Dataset-R.Rasti_old/Normal/Normal (26).E2E,Normal (26).E2E,13,Spectralis,n/a,3,NORMAL,False,OCT5k,3,NORMAL,0.9998869,0.0050894413,0.4256318,-1.3165808,1,3.3304543,True,-3.1763067,False,-7.266301,False,-3.8409646,False,False,True
/Users/yuhaowang/Documents/UCL/Term3_Proj/Dataset/Macular-Dataset-R.Rasti_old/Normal/Normal (26).E2E,Normal (26).E2E,14,Spectralis,n/a,3,NORMAL,False,OCT5k,3,NORMAL,0.9930107,0.0460784,0.44454533,-1.3680621,1,2.6201396,True,6.5113263,True,-7.266301,False,1.3256583,True,True,True
/Users/yuhaowang/Documents/UCL/Term3_Proj/Dataset/Macular-Dataset-R.Rasti_old/Normal/Normal (26).E2E,Normal (26).E2E,15,Spectralis,n/a,3,NORMAL,False,OCT5k,3,NORMAL,0.999997,7.527422e-06,0.52205753,-1.1955245,1,0.2830081,True,-4.3774037,False,-7.266301,False,-5.4676905,False,False,True
/Users/yuhaowang/Documents/UCL/Term3_Proj/Dataset/Macular-Dataset-R.Rasti_old/Normal/Normal (26).E2E,Normal (26).E2E,16,Spectralis,n/a,3,NORMAL,False,OCT5k,3,NORMAL,1.0,0.000118545446,0.76018333,-0.74688184,1,-7.018736,False,-4.351165,False,-7.266301,False,-7.5310316,False,False,True
/Users/yuhaowang/Documents/UCL/Term3_Proj/Dataset/Macular-Dataset-R.Rasti_old/Normal/Normal (26).E2E,Normal (26).E2E,17,Spectralis,n/a,3,NORMAL,False,OCT5k,3,NORMAL,1.0,2.47941e-07,0.8099582,-0.37980768,1,-8.136038,False,-4.379124,False,-7.266301,False,-7.5061407,False,False,True
/Users/yuhaowang/Documents/UCL/Term3_Proj/Dataset/Macular-Dataset-R.Rasti_old/Normal/Normal (26).E2E,Normal (26).E2E,18,Spectralis,n/a,3,NORMAL,False,OCT5k,3,NORMAL,0.9996393,0.00046487246,0.44061235,-1.1898457,1,3.0185122,True,-4.2693114,False,-7.266301,False,-4.4190793,False,True,True
/Users/yuhaowang/Documents/UCL/Term3_Proj/Dataset/Macular-Dataset-R.Rasti_old/Normal/Normal (26).E2E,Normal (26).E2E,19,Spectralis,n/a,3,NORMAL,False,OCT5k,3,NORMAL,0.99634993,0.01399149,0.42764765,-0.7415286,1,4.1234775,True,-1.072331,False,-7.266301,False,-1.6746142,False,True,True
/Users/yuhaowang/Documents/UCL/Term3_Proj/Dataset/Macular-Dataset-R.Rasti_old/Normal/Normal (26).E2E,Normal (26).E2E,20,Spectralis,n/a,3,NORMAL,False,OCT5k,3,NORMAL,0.99968886,0.00801985,0.47682497,-1.2083443,1,1.7783327,True,-2.4837122,False,-7.266301,False,-3.8752499,False,True,True
/Users/yuhaowang/Documents/UCL/Term3_Proj/Dataset/Macular-Dataset-R.Rasti_old/Normal/Normal (27).E2E,Normal (27).E2E,6,Spectralis,n/a,3,NORMAL,False,OCT5k,1,DME,0.9872592,0.07160358,0.54807764,-6.0225906,1,-7.8115363,False,12.544136,True,-7.266301,False,-4.5942235,False,True,True
/Users/yuhaowang/Documents/UCL/Term3_Proj/Dataset/Macular-Dataset-R.Rasti_old/Normal/Normal (27).E2E,Normal (27).E2E,7,Spectralis,n/a,3,NORMAL,False,OCT5k,1,DME,0.84219706,0.0441415,0.46191674,-6.4848366,1,-5.6183476,False,6.0535464,True,-7.266301,False,-8.037294,False,True,True
/Users/yuhaowang/Documents/UCL/Term3_Proj/Dataset/Macular-Dataset-R.Rasti_old/Normal/Normal (27).E2E,Normal (27).E2E,8,Spectralis,n/a,3,NORMAL,False,OCT5k,1,DME,0.97127646,0.017154366,0.5980677,-5.4711766,1,-8.6601925,False,-0.32479358,False,-7.266301,False,-11.519348,False,True,True
/Users/yuhaowang/Documents/UCL/Term3_Proj/Dataset/Macular-Dataset-R.Rasti_old/Normal/Normal (27).E2E,Normal (27).E2E,9,Spectralis,n/a,3,NORMAL,False,OCT5k,1,DME,0.94907284,0.063861564,0.6085294,-5.975436,1,-9.765062,False,10.714331,True,-7.266301,False,-6.2734866,False,True,True
/Users/yuhaowang/Documents/UCL/Term3_Proj/Dataset/Macular-Dataset-R.Rasti_old/Normal/Normal (27).E2E,Normal (27).E2E,10,Spectralis,n/a,3,NORMAL,False,OCT5k,3,NORMAL,0.9999894,0.0003175193,0.5583693,-6.117847,1,-8.298672,False,-4.304138,False,-7.266301,False,-14.419359,False,False,True
/Users/yuhaowang/Documents/UCL/Term3_Proj/Dataset/Macular-Dataset-R.Rasti_old/Normal/Normal (27).E2E,Normal (27).E2E,11,Spectralis,n/a,3,NORMAL,False,OCT5k,3,NORMAL,0.9999747,0.0002588519,0.3825159,-7.071219,1,-3.8372655,False,-4.3180037,False,-7.266301,False,-13.973906,False,False,True
/Users/yuhaowang/Documents/UCL/Term3_Proj/Dataset/Macular-Dataset-R.Rasti_old/Normal/Normal (27).E2E,Normal (27).E2E,12,Spectralis,n/a,3,NORMAL,False,OCT5k,3,NORMAL,0.9994599,0.0054125916,0.5449815,-3.8698754,1,-4.486501,False,-3.099931,False,-7.266301,False,-9.669071,False,True,True
/Users/yuhaowang/Documents/UCL/Term3_Proj/Dataset/Macular-Dataset-R.Rasti_old/Normal/Normal (27).E2E,Normal (27).E2E,13,Spectralis,n/a,3,NORMAL,False,OCT5k,3,NORMAL,0.6626777,0.15018821,0.40532684,-4.2064776,1,-0.3141818,False,31.117403,True,-7.266301,False,10.788763,True,True,True
/Users/yuhaowang/Documents/UCL/Term3_Proj/Dataset/Macular-Dataset-R.Rasti_old/Normal/Normal (27).E2E,Normal (27).E2E,14,Spectralis,n/a,3,NORMAL,False,OCT5k,1,DME,0.865289,0.029526204,0.5141577,-3.7953944,1,-3.3429823,False,2.5992584,True,-7.266301,False,-5.943918,False,True,True
/Users/yuhaowang/Documents/UCL/Term3_Proj/Dataset/Macular-Dataset-R.Rasti_old/Normal/Normal (28).E2E,Normal (28).E2E,12,Spectralis,n/a,3,NORMAL,False,OCT5k,3,NORMAL,0.9999571,0.009559073,0.469244,-2.003191,1,0.84274006,True,-2.1199212,False,-7.266301,False,-4.96017,False,False,True
/Users/yuhaowang/Documents/UCL/Term3_Proj/Dataset/Macular-Dataset-R.Rasti_old/Normal/Normal (28).E2E,Normal (28).E2E,13,Spectralis,n/a,3,NORMAL,False,OCT5k,3,NORMAL,0.98876524,0.060469404,0.4393243,-0.5198493,2,4.064236,True,9.912603,True,5.519489,True,10.627188,True,True,True
/Users/yuhaowang/Documents/UCL/Term3_Proj/Dataset/Macular-Dataset-R.Rasti_old/Normal/Normal (28).E2E,Normal (28).E2E,14,Spectralis,n/a,3,NORMAL,False,OCT5k,1,DME,0.59231544,0.22883695,0.5265697,-1.6320742,1,-0.5213351,False,49.70583,True,-7.266301,False,24.329966,True,True,True
/Users/yuhaowang/Documents/UCL/Term3_Proj/Dataset/Macular-Dataset-R.Rasti_old/Normal/Normal (28).E2E,Normal (28).E2E,15,Spectralis,n/a,3,NORMAL,False,OCT5k,1,DME,0.5905509,0.16102237,0.48831436,-1.275484,1,1.2931676,True,33.678032,True,-7.266301,False,16.337427,True,True,True
/Users/yuhaowang/Documents/UCL/Term3_Proj/Dataset/Macular-Dataset-R.Rasti_old/Normal/Normal (28).E2E,Normal (28).E2E,16,Spectralis,n/a,3,NORMAL,False,OCT5k,3,NORMAL,0.9999304,0.00021173316,0.37821072,-0.98802567,1,5.4098964,True,-4.32914,False,-7.266301,False,-3.3530998,False,False,True
/Users/yuhaowang/Documents/UCL/Term3_Proj/Dataset/Macular-Dataset-R.Rasti_old/Normal/Normal (28).E2E,Normal (28).E2E,17,Spectralis,n/a,3,NORMAL,False,OCT5k,3,NORMAL,0.99999964,8.773984e-05,0.7302949,-0.90868896,1,-6.2601204,False,-4.3584456,False,-7.266301,False,-7.4577084,False,False,True
/Users/yuhaowang/Documents/UCL/Term3_Proj/Dataset/Macular-Dataset-R.Rasti_old/Normal/Normal (28).E2E,Normal (28).E2E,18,Spectralis,n/a,3,NORMAL,False,OCT5k,3,NORMAL,0.9999331,0.0010049823,0.47604445,-0.90859205,1,2.2530227,True,-4.141658,False,-7.266301,False,-4.2831573,False,False,True
/Users/yuhaowang/Documents/UCL/Term3_Proj/Dataset/Macular-Dataset-R.Rasti_old/Normal/Normal (28).E2E,Normal (28).E2E,19,Spectralis,n/a,3,NORMAL,False,OCT5k,3,NORMAL,0.9993918,0.013772968,0.3723175,-2.216656,1,3.7686715,True,-1.1239779,False,-7.266301,False,-3.6041985,False,True,True
/Users/yuhaowang/Documents/UCL/Term3_Proj/Dataset/Macular-Dataset-R.Rasti_old/Normal/Normal (28).E2E,Normal (28).E2E,20,Spectralis,n/a,3,NORMAL,False,OCT5k,3,NORMAL,0.57995224,0.1143747,0.46512747,-1.695692,1,1.4407206,True,22.652977,True,-7.266301,False,9.645109,True,True,True
/Users/yuhaowang/Documents/UCL/Term3_Proj/Dataset/Macular-Dataset-R.Rasti_old/Normal/Normal (29).E2E,Normal (29).E2E,12,Spectralis,n/a,3,NORMAL,False,OCT5k,3,NORMAL,0.95105594,0.108954966,0.41356376,-2.4131758,2,2.093557,True,21.372038,True,5.519489,True,14.130857,True,True,True
/Users/yuhaowang/Documents/UCL/Term3_Proj/Dataset/Macular-Dataset-R.Rasti_old/Normal/Normal (29).E2E,Normal (29).E2E,13,Spectralis,n/a,3,NORMAL,False,OCT5k,1,DME,0.7470703,0.13251737,0.56769514,-1.1300693,1,-1.1471152,False,26.940948,True,-7.266301,False,11.824303,True,True,True
/Users/yuhaowang/Documents/UCL/Term3_Proj/Dataset/Macular-Dataset-R.Rasti_old/Normal/Normal (29).E2E,Normal (29).E2E,14,Spectralis,n/a,3,NORMAL,False,OCT5k,3,NORMAL,0.96208876,0.07885839,0.4367867,-1.5594486,2,2.5935235,True,14.258791,True,5.519489,True,11.310247,True,True,True
/Users/yuhaowang/Documents/UCL/Term3_Proj/Dataset/Macular-Dataset-R.Rasti_old/Normal/Normal (29).E2E,Normal (29).E2E,15,Spectralis,n/a,3,NORMAL,False,OCT5k,3,NORMAL,0.9999081,0.004384391,0.4990504,-1.0841234,1,1.2200522,True,-3.3429434,False,-7.266301,False,-4.412379,False,False,True
/Users/yuhaowang/Documents/UCL/Term3_Proj/Dataset/Macular-Dataset-R.Rasti_old/Normal/Normal (29).E2E,Normal (29).E2E,16,Spectralis,n/a,3,NORMAL,False,OCT5k,3,NORMAL,0.99008745,0.029281028,0.44160366,-1.1929278,2,2.9807086,True,2.5413113,True,5.519489,True,5.257604,True,True,True
/Users/yuhaowang/Documents/UCL/Term3_Proj/Dataset/Macular-Dataset-R.Rasti_old/Normal/Normal (29).E2E,Normal (29).E2E,17,Spectralis,n/a,3,NORMAL,False,OCT5k,3,NORMAL,0.9999325,0.002249077,0.5002401,-0.9398746,1,1.3960748,True,-3.8476193,False,-7.266301,False,-4.4615293,False,False,True
/Users/yuhaowang/Documents/UCL/Term3_Proj/Dataset/Macular-Dataset-R.Rasti_old/Normal/Normal (29).E2E,Normal (29).E2E,18,Spectralis,n/a,3,NORMAL,False,OCT5k,3,NORMAL,0.9999348,0.057754878,0.44836816,-0.6922627,1,3.5034184,True,9.271032,True,-7.266301,False,4.016604,True,False,True
/Users/yuhaowang/Documents/UCL/Term3_Proj/Dataset/Macular-Dataset-R.Rasti_old/Normal/Normal (29).E2E,Normal (29).E2E,19,Spectralis,n/a,3,NORMAL,False,OCT5k,3,NORMAL,0.986527,0.017217562,0.44438985,-0.18247005,2,4.399488,True,-0.30985737,False,5.519489,True,5.3670697,True,True,True
/Users/yuhaowang/Documents/UCL/Term3_Proj/Dataset/Macular-Dataset-R.Rasti_old/Normal/Normal (29).E2E,Normal (29).E2E,20,Spectralis,n/a,3,NORMAL,False,OCT5k,3,NORMAL,0.9635235,0.079030395,0.48775518,-0.73907685,2,2.1145816,True,14.299444,True,5.519489,True,12.147692,True,True,True
/Users/yuhaowang/Documents/UCL/Term3_Proj/Dataset/Macular-Dataset-R.Rasti_old/Normal/Normal (3).E2E,Normal (3).E2E,12,Spectralis,n/a,3,NORMAL,False,OCT5k,3,NORMAL,0.9998803,0.016468834,0.2207168,-0.9729221,1,10.705826,True,-0.48681712,False,-7.266301,False,0.7382331,True,False,True
/Users/yuhaowang/Documents/UCL/Term3_Proj/Dataset/Macular-Dataset-R.Rasti_old/Normal/Normal (3).E2E,Normal (3).E2E,13,Spectralis,n/a,3,NORMAL,False,OCT5k,3,NORMAL,0.9999087,0.0016338215,0.28375274,-1.0019122,1,8.5518265,True,-3.9930334,False,-7.266301,False,-2.0532598,False,False,True
/Users/yuhaowang/Documents/UCL/Term3_Proj/Dataset/Macular-Dataset-R.Rasti_old/Normal/Normal (3).E2E,Normal (3).E2E,14,Spectralis,n/a,3,NORMAL,False,OCT5k,3,NORMAL,0.99988854,0.027078744,0.4570032,-1.0474635,1,2.6827655,True,2.0208073,True,-7.266301,False,-0.80812216,False,False,True
/Users/yuhaowang/Documents/UCL/Term3_Proj/Dataset/Macular-Dataset-R.Rasti_old/Normal/Normal (3).E2E,Normal (3).E2E,15,Spectralis,n/a,3,NORMAL,False,OCT5k,3,NORMAL,0.9999995,0.0001163572,0.5912395,-0.967108,1,-1.691587,False,-4.351682,False,-7.266301,False,-5.886405,False,False,True
/Users/yuhaowang/Documents/UCL/Term3_Proj/Dataset/Macular-Dataset-R.Rasti_old/Normal/Normal (3).E2E,Normal (3).E2E,16,Spectralis,n/a,3,NORMAL,False,OCT5k,3,NORMAL,1.0,3.8731705e-06,0.7081725,-0.63744,1,-5.1135006,False,-4.3782673,False,-7.266301,False,-6.7318416,False,False,True
/Users/yuhaowang/Documents/UCL/Term3_Proj/Dataset/Macular-Dataset-R.Rasti_old/Normal/Normal (3).E2E,Normal (3).E2E,17,Spectralis,n/a,3,NORMAL,False,OCT5k,3,NORMAL,1.0,0.00015619653,0.73809993,-0.83480895,1,-6.410899,False,-4.342266,False,-7.266301,False,-7.4137936,False,False,True
/Users/yuhaowang/Documents/UCL/Term3_Proj/Dataset/Macular-Dataset-R.Rasti_old/Normal/Normal (3).E2E,Normal (3).E2E,18,Spectralis,n/a,3,NORMAL,False,OCT5k,3,NORMAL,1.0,2.4093286e-05,0.76080865,-0.81547767,1,-7.1423216,False,-4.3734884,False,-7.266301,False,-7.6704235,False,False,True
/Users/yuhaowang/Documents/UCL/Term3_Proj/Dataset/Macular-Dataset-R.Rasti_old/Normal/Normal (3).E2E,Normal (3).E2E,19,Spectralis,n/a,3,NORMAL,False,OCT5k,3,NORMAL,0.99999785,2.6515743e-05,0.64266926,-1.2784746,1,-3.8795304,False,-4.3729157,False,-7.266301,False,-7.057018,False,False,True
/Users/yuhaowang/Documents/UCL/Term3_Proj/Dataset/Macular-Dataset-R.Rasti_old/Normal/Normal (3).E2E,Normal (3).E2E,20,Spectralis,n/a,3,NORMAL,False,OCT5k,3,NORMAL,0.99995065,0.0007113903,0.4315575,-0.9667206,1,3.655582,True,-4.2110476,False,-7.266301,False,-3.889525,False,False,True
/Users/yuhaowang/Documents/UCL/Term3_Proj/Dataset/Macular-Dataset-R.Rasti_old/Normal/Normal (30).E2E,Normal (30).E2E,12,Spectralis,n/a,3,NORMAL,False,OCT5k,3,NORMAL,0.8778082,0.18184787,0.4519077,-1.1898178,1,2.6403556,True,38.600086,True,-7.266301,False,19.70918,True,True,True
/Users/yuhaowang/Documents/UCL/Term3_Proj/Dataset/Macular-Dataset-R.Rasti_old/Normal/Normal (30).E2E,Normal (30).E2E,13,Spectralis,n/a,3,NORMAL,False,OCT5k,3,NORMAL,0.99046445,0.047188118,0.3783064,-0.9673589,2,5.4376197,True,6.773606,True,5.519489,True,8.804934,True,True,True
/Users/yuhaowang/Documents/UCL/Term3_Proj/Dataset/Macular-Dataset-R.Rasti_old/Normal/Normal (30).E2E,Normal (30).E2E,14,Spectralis,n/a,3,NORMAL,False,OCT5k,3,NORMAL,0.9999634,0.032920867,0.46009374,-0.8706672,1,2.8438468,True,3.4015784,True,-7.266301,False,0.24364519,True,False,True
/Users/yuhaowang/Documents/UCL/Term3_Proj/Dataset/Macular-Dataset-R.Rasti_old/Normal/Normal (30).E2E,Normal (30).E2E,15,Spectralis,n/a,3,NORMAL,False,OCT5k,3,NORMAL,1.0,1.2774967e-06,0.7232483,-0.53850836,1,-5.470236,False,-4.378881,False,-7.266301,False,-6.741149,False,False,True
/Users/yuhaowang/Documents/UCL/Term3_Proj/Dataset/Macular-Dataset-R.Rasti_old/Normal/Normal (30).E2E,Normal (30).E2E,16,Spectralis,n/a,3,NORMAL,False,OCT5k,3,NORMAL,1.0,1.0978588e-06,0.81543267,-0.5127063,1,-8.518209,False,-4.3789234,False,-7.266301,False,-7.8027744,False,False,True
/Users/yuhaowang/Documents/UCL/Term3_Proj/Dataset/Macular-Dataset-R.Rasti_old/Normal/Normal (30).E2E,Normal (30).E2E,17,Spectralis,n/a,3,NORMAL,False,OCT5k,3,NORMAL,1.0,1.01643536e-07,0.84313864,-0.5445171,1,-9.493483,False,-4.379159,False,-7.266301,False,-8.190756,False,False,True
/Users/yuhaowang/Documents/UCL/Term3_Proj/Dataset/Macular-Dataset-R.Rasti_old/Normal/Normal (30).E2E,Normal (30).E2E,18,Spectralis,n/a,3,NORMAL,False,OCT5k,3,NORMAL,0.99998105,9.1655646e-05,0.5250579,-1.5100042,1,-0.28804684,False,-4.35752,False,-7.266301,False,-6.0391617,False,False,True
/Users/yuhaowang/Documents/UCL/Term3_Proj/Dataset/Macular-Dataset-R.Rasti_old/Normal/Normal (30).E2E,Normal (30).E2E,19,Spectralis,n/a,3,NORMAL,False,OCT5k,3,NORMAL,0.9999443,0.0028620395,0.47514784,-0.55721444,1,2.8088517,True,-3.7027473,False,-7.266301,False,-3.4131167,False,False,True
/Users/yuhaowang/Documents/UCL/Term3_Proj/Dataset/Macular-Dataset-R.Rasti_old/Normal/Normal (30).E2E,Normal (30).E2E,20,Spectralis,n/a,3,NORMAL,False,OCT5k,3,NORMAL,0.99970895,0.0070924126,0.38225532,-1.4328656,1,4.608805,True,-2.7029097,False,-7.266301,False,-3.25455,False,True,True
/Users/yuhaowang/Documents/UCL/Term3_Proj/Dataset/Macular-Dataset-R.Rasti_old/Normal/Normal (31).E2E,Normal (31).E2E,12,Spectralis,n/a,3,NORMAL,False,OCT5k,3,NORMAL,0.9998585,0.0010093227,0.33008158,-1.8666792,1,5.706557,True,-4.140632,False,-7.266301,False,-4.196238,False,False,True
/Users/yuhaowang/Documents/UCL/Term3_Proj/Dataset/Macular-Dataset-R.Rasti_old/Normal/Normal (31).E2E,Normal (31).E2E,13,Spectralis,n/a,3,NORMAL,False,OCT5k,3,NORMAL,0.9989027,0.0022228658,0.45430878,-1.5308948,1,2.0495658,True,-3.8538144,False,-7.266301,False,-4.9412074,False,True,True
/Users/yuhaowang/Documents/UCL/Term3_Proj/Dataset/Macular-Dataset-R.Rasti_old/Normal/Normal (31).E2E,Normal (31).E2E,14,Spectralis,n/a,3,NORMAL,False,OCT5k,3,NORMAL,0.99483347,0.15557326,0.4000699,-1.5337592,1,3.8613439,True,32.390152,True,-7.266301,False,16.21866,True,True,True
/Users/yuhaowang/Documents/UCL/Term3_Proj/Dataset/Macular-Dataset-R.Rasti_old/Normal/Normal (31).E2E,Normal (31).E2E,15,Spectralis,n/a,3,NORMAL,False,OCT5k,3,NORMAL,0.99967074,0.0052969176,0.48102003,-0.55160505,1,2.6206288,True,-3.1272702,False,-7.266301,False,-3.1481304,False,True,True
/Users/yuhaowang/Documents/UCL/Term3_Proj/Dataset/Macular-Dataset-R.Rasti_old/Normal/Normal (31).E2E,Normal (31).E2E,16,Spectralis,n/a,3,NORMAL,False,OCT5k,3,NORMAL,1.0,3.589039e-06,0.8363136,-0.7758054,1,-9.611067,False,-4.3783345,False,-7.266301,False,-8.510458,False,False,True
/Users/yuhaowang/Documents/UCL/Term3_Proj/Dataset/Macular-Dataset-R.Rasti_old/Normal/Normal (31).E2E,Normal (31).E2E,17,Spectralis,n/a,3,NORMAL,False,OCT5k,3,NORMAL,1.0,3.2069584e-06,0.80700135,-0.92161185,1,-8.8478,False,-4.3784246,False,-7.266301,False,-8.412164,False,False,True
/Users/yuhaowang/Documents/UCL/Term3_Proj/Dataset/Macular-Dataset-R.Rasti_old/Normal/Normal (31).E2E,Normal (31).E2E,18,Spectralis,n/a,3,NORMAL,False,OCT5k,3,NORMAL,1.0,1.6848484e-05,0.60037065,-1.4994051,1,-2.7938623,False,-4.3752007,False,-7.266301,False,-6.9346957,False,False,True
/Users/yuhaowang/Documents/UCL/Term3_Proj/Dataset/Macular-Dataset-R.Rasti_old/Normal/Normal (31).E2E,Normal (31).E2E,19,Spectralis,n/a,3,NORMAL,False,OCT5k,3,NORMAL,0.9995216,0.0025323275,0.37934718,-0.92609984,1,5.4645114,True,-3.780674,False,-7.266301,False,-2.9486551,False,True,True
/Users/yuhaowang/Documents/UCL/Term3_Proj/Dataset/Macular-Dataset-R.Rasti_old/Normal/Normal (31).E2E,Normal (31).E2E,20,Spectralis,n/a,3,NORMAL,False,OCT5k,3,NORMAL,0.99998236,0.00012722705,0.5057405,-1.2247136,1,0.78566647,True,-4.349113,False,-7.266301,False,-5.306575,False,False,True
/Users/yuhaowang/Documents/UCL/Term3_Proj/Dataset/Macular-Dataset-R.Rasti_old/Normal/Normal (32).E2E,Normal (32).E2E,27,Spectralis,n/a,3,NORMAL,False,OCT5k,3,NORMAL,0.9999974,0.00012838893,0.4438292,-1.2713661,1,2.788814,True,-4.3488383,False,-7.266301,False,-4.644423,False,False,True
/Users/yuhaowang/Documents/UCL/Term3_Proj/Dataset/Macular-Dataset-R.Rasti_old/Normal/Normal (32).E2E,Normal (32).E2E,28,Spectralis,n/a,3,NORMAL,False,OCT5k,3,NORMAL,0.9999995,2.6870199e-05,0.4185912,-1.8705981,1,2.7371478,True,-4.3728323,False,-7.266301,False,-5.396826,False,False,True
/Users/yuhaowang/Documents/UCL/Term3_Proj/Dataset/Macular-Dataset-R.Rasti_old/Normal/Normal (32).E2E,Normal (32).E2E,29,Spectralis,n/a,3,NORMAL,False,OCT5k,3,NORMAL,0.9999999,1.0512289e-05,0.601211,-1.1478791,1,-2.2959695,False,-4.3766985,False,-7.266301,False,-6.334513,False,False,True
/Users/yuhaowang/Documents/UCL/Term3_Proj/Dataset/Macular-Dataset-R.Rasti_old/Normal/Normal (32).E2E,Normal (32).E2E,30,Spectralis,n/a,3,NORMAL,False,OCT5k,3,NORMAL,1.0,1.7502753e-06,0.68248457,-1.4363078,1,-5.44884,False,-4.378769,False,-7.266301,False,-7.8126087,False,False,True
/Users/yuhaowang/Documents/UCL/Term3_Proj/Dataset/Macular-Dataset-R.Rasti_old/Normal/Normal (32).E2E,Normal (32).E2E,31,Spectralis,n/a,3,NORMAL,False,OCT5k,3,NORMAL,1.0,9.670812e-07,0.775902,-1.9883112,1,-9.402739,False,-4.3789544,False,-7.266301,False,-9.89361,False,False,True
/Users/yuhaowang/Documents/UCL/Term3_Proj/Dataset/Macular-Dataset-R.Rasti_old/Normal/Normal (32).E2E,Normal (32).E2E,32,Spectralis,n/a,3,NORMAL,False,OCT5k,3,NORMAL,1.0,4.369913e-06,0.70088387,-1.4338433,1,-6.061211,False,-4.37815,False,-7.266301,False,-8.028814,False,False,True
/Users/yuhaowang/Documents/UCL/Term3_Proj/Dataset/Macular-Dataset-R.Rasti_old/Normal/Normal (32).E2E,Normal (32).E2E,33,Spectralis,n/a,3,NORMAL,False,OCT5k,3,NORMAL,0.9999982,0.00015419885,0.7425516,-0.8121677,1,-6.5260735,False,-4.342738,False,-7.266301,False,-7.428132,False,False,True
/Users/yuhaowang/Documents/UCL/Term3_Proj/Dataset/Macular-Dataset-R.Rasti_old/Normal/Normal (32).E2E,Normal (32).E2E,34,Spectralis,n/a,3,NORMAL,False,OCT5k,3,NORMAL,1.0,8.655792e-06,0.7745991,-1.6619893,1,-8.8708,False,-4.377137,False,-7.266301,False,-9.309644,False,False,True
/Users/yuhaowang/Documents/UCL/Term3_Proj/Dataset/Macular-Dataset-R.Rasti_old/Normal/Normal (32).E2E,Normal (32).E2E,35,Spectralis,n/a,3,NORMAL,False,OCT5k,3,NORMAL,0.9999999,3.6185673e-05,0.71028256,-1.4631481,1,-6.4197574,False,-4.3706303,False,-7.266301,False,-8.188313,False,False,True
/Users/yuhaowang/Documents/UCL/Term3_Proj/Dataset/Macular-Dataset-R.Rasti_old/Normal/Normal (33).E2E,Normal (33).E2E,27,Spectralis,n/a,3,NORMAL,False,OCT5k,3,NORMAL,0.999923,0.0006598595,0.29861504,-2.5453916,1,5.7445035,True,-4.2232265,False,-7.266301,False,-5.045223,False,False,True
/Users/yuhaowang/Documents/UCL/Term3_Proj/Dataset/Macular-Dataset-R.Rasti_old/Normal/Normal (33).E2E,Normal (33).E2E,28,Spectralis,n/a,3,NORMAL,False,OCT5k,3,NORMAL,0.9999994,3.923115e-05,0.5105249,-3.5344918,1,-2.830927,False,-4.3699107,False,-7.266301,False,-9.391247,False,False,True
/Users/yuhaowang/Documents/UCL/Term3_Proj/Dataset/Macular-Dataset-R.Rasti_old/Normal/Normal (33).E2E,Normal (33).E2E,29,Spectralis,n/a,3,NORMAL,False,OCT5k,3,NORMAL,1.0,3.185114e-07,0.60194564,-2.0023189,1,-3.599167,False,-4.3791075,False,-7.266301,False,-7.8301105,False,False,True
/Users/yuhaowang/Documents/UCL/Term3_Proj/Dataset/Macular-Dataset-R.Rasti_old/Normal/Normal (33).E2E,Normal (33).E2E,30,Spectralis,n/a,3,NORMAL,False,OCT5k,3,NORMAL,1.0,6.482169e-07,0.64854836,-2.3265238,1,-5.644701,False,-4.3790293,False,-7.266301,False,-8.953043,False,False,True
/Users/yuhaowang/Documents/UCL/Term3_Proj/Dataset/Macular-Dataset-R.Rasti_old/Normal/Normal (33).E2E,Normal (33).E2E,31,Spectralis,n/a,3,NORMAL,False,OCT5k,3,NORMAL,0.9999995,0.00010159353,0.5833343,-2.4199674,1,-3.600988,False,-4.355171,False,-7.266301,False,-8.319246,False,False,True
/Users/yuhaowang/Documents/UCL/Term3_Proj/Dataset/Macular-Dataset-R.Rasti_old/Normal/Normal (33).E2E,Normal (33).E2E,32,Spectralis,n/a,3,NORMAL,False,OCT5k,3,NORMAL,1.0,5.221842e-06,0.7049831,-2.5348945,1,-7.8461,False,-4.3779488,False,-7.266301,False,-9.9920435,False,False,True
/Users/yuhaowang/Documents/UCL/Term3_Proj/Dataset/Macular-Dataset-R.Rasti_old/Normal/Normal (33).E2E,Normal (33).E2E,33,Spectralis,n/a,3,NORMAL,False,OCT5k,3,NORMAL,1.0,4.4503486e-07,0.7293501,-1.3826438,1,-6.9377217,False,-4.379078,False,-7.266301,False,-8.282001,False,False,True
/Users/yuhaowang/Documents/UCL/Term3_Proj/Dataset/Macular-Dataset-R.Rasti_old/Normal/Normal (33).E2E,Normal (33).E2E,34,Spectralis,n/a,3,NORMAL,False,OCT5k,3,NORMAL,1.0,8.352822e-07,0.8287055,-1.9078307,1,-11.050312,False,-4.3789854,False,-7.266301,False,-10.387498,False,False,True
/Users/yuhaowang/Documents/UCL/Term3_Proj/Dataset/Macular-Dataset-R.Rasti_old/Normal/Normal (33).E2E,Normal (33).E2E,35,Spectralis,n/a,3,NORMAL,False,OCT5k,3,NORMAL,1.0,2.3509779e-07,0.7795576,-1.6450552,1,-9.011483,False,-4.3791275,False,-7.266301,False,-9.340845,False,False,True
/Users/yuhaowang/Documents/UCL/Term3_Proj/Dataset/Macular-Dataset-R.Rasti_old/Normal/Normal (34).E2E,Normal (34).E2E,6,Spectralis,n/a,3,NORMAL,False,OCT5k,3,NORMAL,0.89312834,0.18722785,0.46462527,-3.3023908,1,-0.94676065,False,39.871628,True,-7.266301,False,16.60358,True,True,True
/Users/yuhaowang/Documents/UCL/Term3_Proj/Dataset/Macular-Dataset-R.Rasti_old/Normal/Normal (34).E2E,Normal (34).E2E,7,Spectralis,n/a,3,NORMAL,False,OCT5k,3,NORMAL,0.9930975,0.050113723,0.4472704,-3.026395,1,0.047332764,True,7.4650645,True,-7.266301,False,-1.0502,False,True,True
/Users/yuhaowang/Documents/UCL/Term3_Proj/Dataset/Macular-Dataset-R.Rasti_old/Normal/Normal (34).E2E,Normal (34).E2E,8,Spectralis,n/a,3,NORMAL,False,OCT5k,3,NORMAL,0.99976534,0.0026506642,0.38580137,-3.379965,1,1.5763941,True,-3.7527053,False,-7.266301,False,-7.2762585,False,True,True
/Users/yuhaowang/Documents/UCL/Term3_Proj/Dataset/Macular-Dataset-R.Rasti_old/Normal/Normal (34).E2E,Normal (34).E2E,9,Spectralis,n/a,3,NORMAL,False,OCT5k,3,NORMAL,0.99999905,0.001754673,0.53372544,-3.7565167,1,-3.9399862,False,-3.9644704,False,-7.266301,False,-9.826221,False,False,True
/Users/yuhaowang/Documents/UCL/Term3_Proj/Dataset/Macular-Dataset-R.Rasti_old/Normal/Normal (34).E2E,Normal (34).E2E,10,Spectralis,n/a,3,NORMAL,False,OCT5k,3,NORMAL,0.9998833,0.00041667512,0.46762902,-2.6224613,1,-0.029874325,False,-4.2807026,False,-7.266301,False,-7.2403545,False,False,True
/Users/yuhaowang/Documents/UCL/Term3_Proj/Dataset/Macular-Dataset-R.Rasti_old/Normal/Normal (34).E2E,Normal (34).E2E,11,Spectralis,n/a,3,NORMAL,False,OCT5k,3,NORMAL,1.0,1.4984151e-05,0.5985257,-3.7374864,1,-6.081198,False,-4.3756413,False,-7.266301,False,-10.803633,False,False,True
/Users/yuhaowang/Documents/UCL/Term3_Proj/Dataset/Macular-Dataset-R.Rasti_old/Normal/Normal (34).E2E,Normal (34).E2E,12,Spectralis,n/a,3,NORMAL,False,OCT5k,3,NORMAL,0.9999994,3.3403965e-05,0.5273242,-3.8025544,1,-3.7945466,False,-4.371288,False,-7.266301,False,-10.05968,False,False,True
/Users/yuhaowang/Documents/UCL/Term3_Proj/Dataset/Macular-Dataset-R.Rasti_old/Normal/Normal (34).E2E,Normal (34).E2E,13,Spectralis,n/a,3,NORMAL,False,OCT5k,3,NORMAL,0.96463746,0.0680324,0.47590405,-3.3111045,2,-1.3374443,False,11.700096,True,5.519489,True,6.3473353,True,True,True
/Users/yuhaowang/Documents/UCL/Term3_Proj/Dataset/Macular-Dataset-R.Rasti_old/Normal/Normal (34).E2E,Normal (34).E2E,14,Spectralis,n/a,3,NORMAL,False,OCT5k,3,NORMAL,0.9202495,0.052179903,0.49416375,-2.9226918,1,-1.3676004,False,7.953401,True,-7.266301,False,-1.1563642,False,True,True
/Users/yuhaowang/Documents/UCL/Term3_Proj/Dataset/Macular-Dataset-R.Rasti_old/Normal/Normal (35).E2E,Normal (35).E2E,6,Spectralis,n/a,3,NORMAL,False,OCT5k,3,NORMAL,0.998601,0.010944419,0.42492726,-4.1875415,1,-0.94212055,False,-1.7924981,False,-7.266301,False,-8.040356,False,True,True
/Users/yuhaowang/Documents/UCL/Term3_Proj/Dataset/Macular-Dataset-R.Rasti_old/Normal/Normal (35).E2E,Normal (35).E2E,7,Spectralis,n/a,3,NORMAL,False,OCT5k,3,NORMAL,0.99804807,0.007257901,0.36910564,-4.882733,1,-0.11335945,False,-2.663797,False,-7.266301,False,-9.072065,False,True,True
/Users/yuhaowang/Documents/UCL/Term3_Proj/Dataset/Macular-Dataset-R.Rasti_old/Normal/Normal (35).E2E,Normal (35).E2E,8,Spectralis,n/a,3,NORMAL,False,OCT5k,3,NORMAL,0.97487086,0.09639795,0.42162734,-4.388761,2,-1.1327395,False,18.40422,True,5.519489,True,8.919817,True,True,True
/Users/yuhaowang/Documents/UCL/Term3_Proj/Dataset/Macular-Dataset-R.Rasti_old/Normal/Normal (35).E2E,Normal (35).E2E,9,Spectralis,n/a,3,NORMAL,False,OCT5k,3,NORMAL,0.99928564,0.04003629,0.41539466,-4.126784,1,-0.5320239,False,5.0832896,True,-7.266301,False,-3.9286647,False,True,True
/Users/yuhaowang/Documents/UCL/Term3_Proj/Dataset/Macular-Dataset-R.Rasti_old/Normal/Normal (35).E2E,Normal (35).E2E,10,Spectralis,n/a,3,NORMAL,False,OCT5k,3,NORMAL,0.99998903,0.0005531525,0.51213586,-3.2487028,1,-2.4572048,False,-4.2484465,False,-7.266301,False,-8.844999,False,False,True
/Users/yuhaowang/Documents/UCL/Term3_Proj/Dataset/Macular-Dataset-R.Rasti_old/Normal/Normal (35).E2E,Normal (35).E2E,11,Spectralis,n/a,3,NORMAL,False,OCT5k,3,NORMAL,0.99987113,0.0021861615,0.42809066,-3.5432568,1,-0.08391905,False,-3.8624892,False,-7.266301,False,-8.129857,False,False,True
/Users/yuhaowang/Documents/UCL/Term3_Proj/Dataset/Macular-Dataset-R.Rasti_old/Normal/Normal (35).E2E,Normal (35).E2E,12,Spectralis,n/a,3,NORMAL,False,OCT5k,3,NORMAL,0.99874616,0.00032090954,0.38352266,-3.1119068,1,2.0538197,True,-4.3033366,False,-7.266301,False,-7.0945506,False,True,True
/Users/yuhaowang/Documents/UCL/Term3_Proj/Dataset/Macular-Dataset-R.Rasti_old/Normal/Normal (35).E2E,Normal (35).E2E,13,Spectralis,n/a,3,NORMAL,False,OCT5k,3,NORMAL,0.999094,0.03753645,0.3803643,-3.9562879,1,0.89602184,True,4.4924593,True,-7.266301,False,-3.5462108,False,True,True
/Users/yuhaowang/Documents/UCL/Term3_Proj/Dataset/Macular-Dataset-R.Rasti_old/Normal/Normal (35).E2E,Normal (35).E2E,14,Spectralis,n/a,3,NORMAL,False,OCT5k,3,NORMAL,0.99117106,0.060604304,0.38069478,-3.7574854,2,1.1824479,True,9.944487,True,5.519489,True,5.7204175,True,True,True
/Users/yuhaowang/Documents/UCL/Term3_Proj/Dataset/Macular-Dataset-R.Rasti_old/Normal/Normal (36).E2E,Normal (36).E2E,6,Spectralis,n/a,3,NORMAL,False,OCT5k,3,NORMAL,0.99749243,0.07738633,0.34606314,-5.7403107,1,-0.6251292,False,13.910873,True,-7.266301,False,-0.90521526,False,True,True
/Users/yuhaowang/Documents/UCL/Term3_Proj/Dataset/Macular-Dataset-R.Rasti_old/Normal/Normal (36).E2E,Normal (36).E2E,7,Spectralis,n/a,3,NORMAL,False,OCT5k,3,NORMAL,0.9992034,0.11410401,0.3261441,-6.1933002,1,-0.63604784,False,22.589,True,-7.266301,False,3.4581208,True,True,True
/Users/yuhaowang/Documents/UCL/Term3_Proj/Dataset/Macular-Dataset-R.Rasti_old/Normal/Normal (36).E2E,Normal (36).E2E,8,Spectralis,n/a,3,NORMAL,False,OCT5k,3,NORMAL,0.9999393,0.00200081,0.35770118,-5.611243,1,-0.82166433,False,-3.9062965,False,-7.266301,False,-10.904919,False,False,True
/Users/yuhaowang/Documents/UCL/Term3_Proj/Dataset/Macular-Dataset-R.Rasti_old/Normal/Normal (36).E2E,Normal (36).E2E,9,Spectralis,n/a,3,NORMAL,False,OCT5k,3,NORMAL,0.9999709,7.550465e-05,0.45450035,-6.149825,1,-4.868708,False,-4.3613377,False,-7.266301,False,-13.260624,False,False,True
/Users/yuhaowang/Documents/UCL/Term3_Proj/Dataset/Macular-Dataset-R.Rasti_old/Normal/Normal (36).E2E,Normal (36).E2E,10,Spectralis,n/a,3,NORMAL,False,OCT5k,3,NORMAL,1.0,9.881005e-06,0.5940874,-4.6335053,1,-7.2734137,False,-4.3768473,False,-7.266301,False,-12.308744,False,False,True
/Users/yuhaowang/Documents/UCL/Term3_Proj/Dataset/Macular-Dataset-R.Rasti_old/Normal/Normal (36).E2E,Normal (36).E2E,11,Spectralis,n/a,3,NORMAL,False,OCT5k,3,NORMAL,0.99999917,2.7658345e-05,0.4723124,-5.5627365,1,-4.586574,False,-4.372646,False,-7.266301,False,-12.46018,False,False,True
/Users/yuhaowang/Documents/UCL/Term3_Proj/Dataset/Macular-Dataset-R.Rasti_old/Normal/Normal (36).E2E,Normal (36).E2E,12,Spectralis,n/a,3,NORMAL,False,OCT5k,3,NORMAL,0.9999993,0.00013138948,0.55888593,-7.3581457,1,-10.171978,False,-4.3481293,False,-7.266301,False,-16.60668,False,False,True
/Users/yuhaowang/Documents/UCL/Term3_Proj/Dataset/Macular-Dataset-R.Rasti_old/Normal/Normal (36).E2E,Normal (36).E2E,13,Spectralis,n/a,3,NORMAL,False,OCT5k,3,NORMAL,0.9129352,0.06152457,0.450621,-5.921151,1,-4.396625,False,10.161987,True,-7.266301,False,-4.5964155,False,True,True
/Users/yuhaowang/Documents/UCL/Term3_Proj/Dataset/Macular-Dataset-R.Rasti_old/Normal/Normal (36).E2E,Normal (36).E2E,14,Spectralis,n/a,3,NORMAL,False,OCT5k,3,NORMAL,0.98976433,0.037012637,0.37543508,-7.2864604,2,-3.9222722,False,4.3686566,True,5.519489,True,-3.5073419,False,True,True
/Users/yuhaowang/Documents/UCL/Term3_Proj/Dataset/Macular-Dataset-R.Rasti_old/Normal/Normal (37).E2E,Normal (37).E2E,9,Spectralis,n/a,3,NORMAL,False,OCT5k,3,NORMAL,0.9971818,0.025706425,0.14946641,-0.9832136,2,13.07608,True,1.6964636,True,5.519489,True,8.650433,True,True,True
/Users/yuhaowang/Documents/UCL/Term3_Proj/Dataset/Macular-Dataset-R.Rasti_old/Normal/Normal (37).E2E,Normal (37).E2E,10,Spectralis,n/a,3,NORMAL,False,OCT5k,3,NORMAL,0.9995396,0.005312493,0.49637505,-1.4817096,1,0.7146735,True,-3.123589,False,-7.266301,False,-4.947305,False,True,True
/Users/yuhaowang/Documents/UCL/Term3_Proj/Dataset/Macular-Dataset-R.Rasti_old/Normal/Normal (37).E2E,Normal (37).E2E,11,Spectralis,n/a,3,NORMAL,False,OCT5k,3,NORMAL,0.87585473,0.042418092,0.45182812,-1.3966578,1,2.3334994,True,5.6462226,True,-7.266301,False,0.69888926,True,True,True
/Users/yuhaowang/Documents/UCL/Term3_Proj/Dataset/Macular-Dataset-R.Rasti_old/Normal/Normal (37).E2E,Normal (37).E2E,12,Spectralis,n/a,3,NORMAL,False,OCT5k,3,NORMAL,0.9762491,0.035245106,0.4596329,-0.32378742,2,3.6776395,True,3.9509053,True,5.519489,True,7.349999,True,True,True
/Users/yuhaowang/Documents/UCL/Term3_Proj/Dataset/Macular-Dataset-R.Rasti_old/Normal/Normal (37).E2E,Normal (37).E2E,13,Spectralis,n/a,3,NORMAL,False,OCT5k,3,NORMAL,1.0,3.9285187e-06,0.7808765,-0.56029046,1,-7.4323807,False,-4.3782544,False,-7.266301,False,-7.470354,False,False,True
/Users/yuhaowang/Documents/UCL/Term3_Proj/Dataset/Macular-Dataset-R.Rasti_old/Normal/Normal (37).E2E,Normal (37).E2E,14,Spectralis,n/a,3,NORMAL,False,OCT5k,3,NORMAL,0.9999988,0.000118870754,0.69936126,-0.45755255,1,-4.5492887,False,-4.351088,False,-7.266301,False,-6.2979717,False,False,True
/Users/yuhaowang/Documents/UCL/Term3_Proj/Dataset/Macular-Dataset-R.Rasti_old/Normal/Normal (37).E2E,Normal (37).E2E,15,Spectralis,n/a,3,NORMAL,False,OCT5k,3,NORMAL,0.9999069,0.0010270476,0.37897927,-1.5807797,1,4.4971547,True,-4.1364427,False,-7.266301,False,-4.283742,False,False,True
/Users/yuhaowang/Documents/UCL/Term3_Proj/Dataset/Macular-Dataset-R.Rasti_old/Normal/Normal (37).E2E,Normal (37).E2E,16,Spectralis,n/a,3,NORMAL,False,OCT5k,3,NORMAL,0.9910014,0.04035206,0.29769924,-1.2298516,2,7.7437673,True,5.1579213,True,5.519489,True,8.401632,True,True,True
/Users/yuhaowang/Documents/UCL/Term3_Proj/Dataset/Macular-Dataset-R.Rasti_old/Normal/Normal (37).E2E,Normal (37).E2E,17,Spectralis,n/a,3,NORMAL,False,OCT5k,3,NORMAL,0.99495703,0.017427579,0.41041443,-1.3188304,1,3.8366065,True,-0.2602203,False,-7.266301,False,-2.0117419,False,True,True
/Users/yuhaowang/Documents/UCL/Term3_Proj/Dataset/Macular-Dataset-R.Rasti_old/Normal/Normal (38).E2E,Normal (38).E2E,9,Spectralis,n/a,3,NORMAL,False,OCT5k,3,NORMAL,0.9934481,0.04424642,0.42704427,-1.8510153,1,2.4834208,True,6.078343,True,-7.266301,False,0.45105267,True,True,True
/Users/yuhaowang/Documents/UCL/Term3_Proj/Dataset/Macular-Dataset-R.Rasti_old/Normal/Normal (38).E2E,Normal (38).E2E,10,Spectralis,n/a,3,NORMAL,False,OCT5k,3,NORMAL,0.9997867,0.004673578,0.35539934,-1.5104718,1,5.3918843,True,-3.274595,False,-7.266301,False,-3.3906925,False,True,True
/Users/yuhaowang/Documents/UCL/Term3_Proj/Dataset/Macular-Dataset-R.Rasti_old/Normal/Normal (38).E2E,Normal (38).E2E,11,Spectralis,n/a,3,NORMAL,False,OCT5k,3,NORMAL,0.9572737,0.04303083,0.38892928,-1.6930785,2,3.995954,True,5.791041,True,5.519489,True,6.8596654,True,True,True
/Users/yuhaowang/Documents/UCL/Term3_Proj/Dataset/Macular-Dataset-R.Rasti_old/Normal/Normal (38).E2E,Normal (38).E2E,12,Spectralis,n/a,3,NORMAL,False,OCT5k,3,NORMAL,0.9911849,0.008004591,0.36960006,-0.9980161,2,5.6832557,True,-2.4873188,False,5.519489,True,3.6145167,True,True,True
/Users/yuhaowang/Documents/UCL/Term3_Proj/Dataset/Macular-Dataset-R.Rasti_old/Normal/Normal (38).E2E,Normal (38).E2E,13,Spectralis,n/a,3,NORMAL,False,OCT5k,3,NORMAL,0.99999976,0.0018871066,0.5498467,-1.1219654,1,-0.537375,False,-3.93317,False,-7.266301,False,-5.421921,False,False,True
/Users/yuhaowang/Documents/UCL/Term3_Proj/Dataset/Macular-Dataset-R.Rasti_old/Normal/Normal (38).E2E,Normal (38).E2E,14,Spectralis,n/a,3,NORMAL,False,OCT5k,3,NORMAL,0.9999999,2.3904995e-06,0.53777844,-0.8805238,1,0.2280016,True,-4.378618,False,-7.266301,False,-5.1094513,False,False,True
/Users/yuhaowang/Documents/UCL/Term3_Proj/Dataset/Macular-Dataset-R.Rasti_old/Normal/Normal (38).E2E,Normal (38).E2E,15,Spectralis,n/a,3,NORMAL,False,OCT5k,3,NORMAL,0.9997248,0.002968588,0.22238894,-0.7819722,1,10.935577,True,-3.6775649,False,-7.266301,False,-0.7558179,False,True,True
/Users/yuhaowang/Documents/UCL/Term3_Proj/Dataset/Macular-Dataset-R.Rasti_old/Normal/Normal (38).E2E,Normal (38).E2E,16,Spectralis,n/a,3,NORMAL,False,OCT5k,3,NORMAL,0.94446766,0.03694898,0.34633082,-1.2248791,2,6.122889,True,4.3536115,True,5.519489,True,7.3713346,True,True,True
/Users/yuhaowang/Documents/UCL/Term3_Proj/Dataset/Macular-Dataset-R.Rasti_old/Normal/Normal (38).E2E,Normal (38).E2E,17,Spectralis,n/a,3,NORMAL,False,OCT5k,3,NORMAL,0.69240826,0.0800485,0.4281774,-1.3135831,1,3.2497058,True,14.54007,True,-7.266301,False,6.1610417,True,True,True
/Users/yuhaowang/Documents/UCL/Term3_Proj/Dataset/Macular-Dataset-R.Rasti_old/Normal/Normal (39).E2E,Normal (39).E2E,6,Spectralis,n/a,3,NORMAL,False,OCT5k,3,NORMAL,0.99733365,0.08412667,0.40118438,-6.428709,1,-3.500873,False,15.503935,True,-7.266301,False,-1.861912,False,True,True
/Users/yuhaowang/Documents/UCL/Term3_Proj/Dataset/Macular-Dataset-R.Rasti_old/Normal/Normal (39).E2E,Normal (39).E2E,7,Spectralis,n/a,3,NORMAL,False,OCT5k,3,NORMAL,0.9998253,0.0034822058,0.33953464,-6.2526855,1,-1.1732659,False,-3.5561726,False,-7.266301,False,-11.60383,False,False,True
/Users/yuhaowang/Documents/UCL/Term3_Proj/Dataset/Macular-Dataset-R.Rasti_old/Normal/Normal (39).E2E,Normal (39).E2E,8,Spectralis,n/a,3,NORMAL,False,OCT5k,3,NORMAL,0.98221856,0.08351502,0.43881556,-7.396765,2,-6.2094855,False,15.359373,True,5.519489,True,1.7608333,True,True,True
/Users/yuhaowang/Documents/UCL/Term3_Proj/Dataset/Macular-Dataset-R.Rasti_old/Normal/Normal (39).E2E,Normal (39).E2E,9,Spectralis,n/a,3,NORMAL,False,OCT5k,3,NORMAL,0.9998456,0.002091311,0.45888063,-5.740943,1,-4.4035134,False,-3.884907,False,-7.266301,False,-12.332713,False,False,True
/Users/yuhaowang/Documents/UCL/Term3_Proj/Dataset/Macular-Dataset-R.Rasti_old/Normal/Normal (39).E2E,Normal (39).E2E,10,Spectralis,n/a,3,NORMAL,False,OCT5k,3,NORMAL,0.99879825,0.008733947,0.56478816,-5.5596337,1,-7.6782713,False,-2.3149374,False,-7.266301,False,-12.400093,False,True,True
/Users/yuhaowang/Documents/UCL/Term3_Proj/Dataset/Macular-Dataset-R.Rasti_old/Normal/Normal (39).E2E,Normal (39).E2E,11,Spectralis,n/a,3,NORMAL,False,OCT5k,3,NORMAL,0.9999918,0.009292906,0.537348,-6.366468,1,-7.966862,False,-2.1828287,False,-7.266301,False,-13.398621,False,False,True
/Users/yuhaowang/Documents/UCL/Term3_Proj/Dataset/Macular-Dataset-R.Rasti_old/Normal/Normal (39).E2E,Normal (39).E2E,12,Spectralis,n/a,3,NORMAL,False,OCT5k,3,NORMAL,0.9999045,0.019263284,0.53336406,-6.917161,1,-8.657537,False,0.17364383,True,-7.266301,False,-12.974419,False,False,True
/Users/yuhaowang/Documents/UCL/Term3_Proj/Dataset/Macular-Dataset-R.Rasti_old/Normal/Normal (39).E2E,Normal (39).E2E,13,Spectralis,n/a,3,NORMAL,False,OCT5k,3,NORMAL,0.98598135,0.054883122,0.4425022,-6.6874895,2,-5.2715497,False,8.5923,True,5.519489,True,-0.88048124,False,True,True
/Users/yuhaowang/Documents/UCL/Term3_Proj/Dataset/Macular-Dataset-R.Rasti_old/Normal/Normal (39).E2E,Normal (39).E2E,14,Spectralis,n/a,3,NORMAL,False,OCT5k,3,NORMAL,0.95837563,0.06824905,0.44517756,-7.772029,2,-6.984055,False,11.751301,True,5.519489,True,-1.010057,False,True,True
/Users/yuhaowang/Documents/UCL/Term3_Proj/Dataset/Macular-Dataset-R.Rasti_old/Normal/Normal (4).E2E,Normal (4).E2E,6,Spectralis,n/a,3,NORMAL,False,OCT5k,3,NORMAL,0.96054804,0.10445243,0.45234093,-7.264034,2,-6.4637294,False,20.307875,True,5.519489,True,4.6300607,True,True,True
/Users/yuhaowang/Documents/UCL/Term3_Proj/Dataset/Macular-Dataset-R.Rasti_old/Normal/Normal (4).E2E,Normal (4).E2E,7,Spectralis,n/a,3,NORMAL,False,OCT5k,3,NORMAL,0.60122615,0.096713245,0.48981407,-10.330301,1,-12.306858,False,18.47874,True,-7.266301,False,-8.024779,False,True,True
/Users/yuhaowang/Documents/UCL/Term3_Proj/Dataset/Macular-Dataset-R.Rasti_old/Normal/Normal (4).E2E,Normal (4).E2E,8,Spectralis,n/a,3,NORMAL,False,OCT5k,3,NORMAL,0.95439607,0.09347859,0.42499003,-8.139592,2,-6.858151,False,17.714237,True,5.519489,True,1.9682307,True,True,True
/Users/yuhaowang/Documents/UCL/Term3_Proj/Dataset/Macular-Dataset-R.Rasti_old/Normal/Normal (4).E2E,Normal (4).E2E,9,Spectralis,n/a,3,NORMAL,False,OCT5k,3,NORMAL,0.995576,0.017536193,0.44159594,-5.531427,1,-3.511251,False,-0.23454952,False,-7.266301,False,-9.694937,False,True,True
/Users/yuhaowang/Documents/UCL/Term3_Proj/Dataset/Macular-Dataset-R.Rasti_old/Normal/Normal (4).E2E,Normal (4).E2E,10,Spectralis,n/a,3,NORMAL,False,OCT5k,3,NORMAL,0.9998512,0.007868132,0.5353947,-8.210738,1,-10.661266,False,-2.5195706,False,-7.266301,False,-16.771976,False,False,True
/Users/yuhaowang/Documents/UCL/Term3_Proj/Dataset/Macular-Dataset-R.Rasti_old/Normal/Normal (4).E2E,Normal (4).E2E,11,Spectralis,n/a,3,NORMAL,False,OCT5k,3,NORMAL,0.9999424,0.0029265601,0.63052905,-5.437892,1,-9.697279,False,-3.687498,False,-7.266301,False,-13.754374,False,False,True
/Users/yuhaowang/Documents/UCL/Term3_Proj/Dataset/Macular-Dataset-R.Rasti_old/Normal/Normal (4).E2E,Normal (4).E2E,12,Spectralis,n/a,3,NORMAL,False,OCT5k,3,NORMAL,0.99999845,0.00019527832,0.5643266,-6.676641,1,-9.334329,False,-4.3330293,False,-7.266301,False,-15.478661,False,False,True
/Users/yuhaowang/Documents/UCL/Term3_Proj/Dataset/Macular-Dataset-R.Rasti_old/Normal/Normal (4).E2E,Normal (4).E2E,13,Spectralis,n/a,3,NORMAL,False,OCT5k,3,NORMAL,0.9972548,0.0045619197,0.45408443,-6.334681,1,-5.1314044,False,-3.300985,False,-7.266301,False,-12.976845,False,True,True
/Users/yuhaowang/Documents/UCL/Term3_Proj/Dataset/Macular-Dataset-R.Rasti_old/Normal/Normal (4).E2E,Normal (4).E2E,14,Spectralis,n/a,3,NORMAL,False,OCT5k,3,NORMAL,0.999171,0.01408232,0.42907324,-6.223262,1,-4.127232,False,-1.0508635,False,-7.266301,False,-11.209393,False,True,True
/Users/yuhaowang/Documents/UCL/Term3_Proj/Dataset/Macular-Dataset-R.Rasti_old/Normal/Normal (40).E2E,Normal (40).E2E,6,Spectralis,n/a,3,NORMAL,False,OCT5k,3,NORMAL,0.9991947,0.0023697037,0.3532985,-5.257113,1,-0.14432192,False,-3.8191094,False,-7.266301,False,-10.187084,False,True,True
/Users/yuhaowang/Documents/UCL/Term3_Proj/Dataset/Macular-Dataset-R.Rasti_old/Normal/Normal (40).E2E,Normal (40).E2E,7,Spectralis,n/a,3,NORMAL,False,OCT5k,3,NORMAL,0.9999721,0.011164272,0.3787984,-4.1439433,1,0.66764164,True,-1.7405363,False,-7.266301,False,-7.381482,False,False,True
/Users/yuhaowang/Documents/UCL/Term3_Proj/Dataset/Macular-Dataset-R.Rasti_old/Normal/Normal (40).E2E,Normal (40).E2E,8,Spectralis,n/a,3,NORMAL,False,OCT5k,3,NORMAL,0.99988186,0.002599812,0.34298173,-4.3820143,1,1.5106268,True,-3.764724,False,-7.266301,False,-8.511142,False,False,True
/Users/yuhaowang/Documents/UCL/Term3_Proj/Dataset/Macular-Dataset-R.Rasti_old/Normal/Normal (40).E2E,Normal (40).E2E,9,Spectralis,n/a,3,NORMAL,False,OCT5k,3,NORMAL,0.99998736,0.0012655738,0.4409559,-3.6418438,1,-0.66221046,False,-4.0800676,False,-7.266301,False,-8.578813,False,False,True
/Users/yuhaowang/Documents/UCL/Term3_Proj/Dataset/Macular-Dataset-R.Rasti_old/Normal/Normal (40).E2E,Normal (40).E2E,10,Spectralis,n/a,3,NORMAL,False,OCT5k,3,NORMAL,0.99870026,0.035784192,0.40191165,-4.704061,1,-0.94442415,False,4.0783176,True,-7.266301,False,-5.339217,False,True,True
/Users/yuhaowang/Documents/UCL/Term3_Proj/Dataset/Macular-Dataset-R.Rasti_old/Normal/Normal (40).E2E,Normal (40).E2E,11,Spectralis,n/a,3,NORMAL,False,OCT5k,3,NORMAL,0.99999785,0.003151006,0.6139531,-3.8803232,1,-6.8114944,False,-3.634451,False,-7.266301,False,-10.817612,False,False,True
/Users/yuhaowang/Documents/UCL/Term3_Proj/Dataset/Macular-Dataset-R.Rasti_old/Normal/Normal (40).E2E,Normal (40).E2E,12,Spectralis,n/a,3,NORMAL,False,OCT5k,3,NORMAL,0.99999833,0.0005891527,0.6462001,-3.9555368,1,-8.003763,False,-4.2399383,False,-7.266301,False,-11.67812,False,False,True
/Users/yuhaowang/Documents/UCL/Term3_Proj/Dataset/Macular-Dataset-R.Rasti_old/Normal/Normal (40).E2E,Normal (40).E2E,13,Spectralis,n/a,3,NORMAL,False,OCT5k,3,NORMAL,0.9999999,0.00034903263,0.5048967,-4.217023,1,-3.6638322,False,-4.29669,False,-7.266301,False,-10.468809,False,False,True
/Users/yuhaowang/Documents/UCL/Term3_Proj/Dataset/Macular-Dataset-R.Rasti_old/Normal/Normal (40).E2E,Normal (40).E2E,14,Spectralis,n/a,3,NORMAL,False,OCT5k,3,NORMAL,0.9997141,0.03557391,0.3620249,-4.527417,1,0.6554251,True,4.028618,True,-7.266301,False,-4.5815105,False,True,True
/Users/yuhaowang/Documents/UCL/Term3_Proj/Dataset/Macular-Dataset-R.Rasti_old/Normal/Normal (41).E2E,Normal (41).E2E,6,Spectralis,n/a,3,NORMAL,False,OCT5k,1,DME,0.9993561,0.018183034,0.66417307,-3.2518542,1,-7.5525413,False,-0.08167052,False,-7.266301,False,-8.316961,False,True,True
/Users/yuhaowang/Documents/UCL/Term3_Proj/Dataset/Macular-Dataset-R.Rasti_old/Normal/Normal (41).E2E,Normal (41).E2E,7,Spectralis,n/a,3,NORMAL,False,OCT5k,3,NORMAL,0.941359,0.14959297,0.47059307,-3.6261868,2,-1.631113,False,30.97672,True,5.519489,True,16.773762,True,True,True
/Users/yuhaowang/Documents/UCL/Term3_Proj/Dataset/Macular-Dataset-R.Rasti_old/Normal/Normal (41).E2E,Normal (41).E2E,8,Spectralis,n/a,3,NORMAL,False,OCT5k,3,NORMAL,0.99326503,0.039141536,0.42411247,-3.048757,1,0.7892604,True,4.871817,True,-7.266301,False,-2.2788794,False,True,True
/Users/yuhaowang/Documents/UCL/Term3_Proj/Dataset/Macular-Dataset-R.Rasti_old/Normal/Normal (41).E2E,Normal (41).E2E,9,Spectralis,n/a,3,NORMAL,False,OCT5k,3,NORMAL,0.95361817,0.091309905,0.47924617,-3.255404,2,-1.3659964,False,17.201675,True,5.519489,True,9.51791,True,True,True
/Users/yuhaowang/Documents/UCL/Term3_Proj/Dataset/Macular-Dataset-R.Rasti_old/Normal/Normal (41).E2E,Normal (41).E2E,10,Spectralis,n/a,3,NORMAL,False,OCT5k,3,NORMAL,0.99999917,0.00014708278,0.57546043,-3.247975,1,-4.5763955,False,-4.3444204,False,-7.266301,False,-9.658117,False,False,True
/Users/yuhaowang/Documents/UCL/Term3_Proj/Dataset/Macular-Dataset-R.Rasti_old/Normal/Normal (41).E2E,Normal (41).E2E,11,Spectralis,n/a,3,NORMAL,False,OCT5k,3,NORMAL,0.9987166,0.05117066,0.43526056,-3.7110348,1,-0.5750532,False,7.714869,True,-7.266301,False,-1.954886,False,True,True
/Users/yuhaowang/Documents/UCL/Term3_Proj/Dataset/Macular-Dataset-R.Rasti_old/Normal/Normal (41).E2E,Normal (41).E2E,12,Spectralis,n/a,3,NORMAL,False,OCT5k,3,NORMAL,0.99996233,0.0010369727,0.44394532,-3.5163827,1,-0.57456064,False,-4.134097,False,-7.266301,False,-8.427164,False,False,True
/Users/yuhaowang/Documents/UCL/Term3_Proj/Dataset/Macular-Dataset-R.Rasti_old/Normal/Normal (41).E2E,Normal (41).E2E,13,Spectralis,n/a,3,NORMAL,False,OCT5k,3,NORMAL,0.9870798,0.04676716,0.44231603,-4.713383,2,-2.3112245,False,6.6741138,True,5.519489,True,1.4679923,True,True,True
/Users/yuhaowang/Documents/UCL/Term3_Proj/Dataset/Macular-Dataset-R.Rasti_old/Normal/Normal (41).E2E,Normal (41).E2E,14,Spectralis,n/a,3,NORMAL,False,OCT5k,3,NORMAL,0.9984079,0.022373032,0.40306216,-4.120906,1,-0.110302925,False,0.90862465,True,-7.266301,False,-6.1332545,False,True,True
/Users/yuhaowang/Documents/UCL/Term3_Proj/Dataset/Macular-Dataset-R.Rasti_old/Normal/Normal (42).E2E,Normal (42).E2E,6,Spectralis,n/a,3,NORMAL,False,OCT5k,3,NORMAL,0.5028512,0.072947145,0.48839396,-6.0557976,1,-5.8628545,False,12.861685,True,-7.266301,False,-3.7558613,False,True,True
/Users/yuhaowang/Documents/UCL/Term3_Proj/Dataset/Macular-Dataset-R.Rasti_old/Normal/Normal (42).E2E,Normal (42).E2E,7,Spectralis,n/a,3,NORMAL,False,OCT5k,3,NORMAL,0.924768,0.065603286,0.45152995,-4.371421,1,-2.1080127,False,11.125982,True,-7.266301,False,-1.3675554,False,True,True
/Users/yuhaowang/Documents/UCL/Term3_Proj/Dataset/Macular-Dataset-R.Rasti_old/Normal/Normal (42).E2E,Normal (42).E2E,8,Spectralis,n/a,3,NORMAL,False,OCT5k,1,DME,0.7185927,0.07035902,0.5248416,-5.077964,1,-5.6199713,False,12.249989,True,-7.266301,False,-2.8396127,False,True,True
/Users/yuhaowang/Documents/UCL/Term3_Proj/Dataset/Macular-Dataset-R.Rasti_old/Normal/Normal (42).E2E,Normal (42).E2E,9,Spectralis,n/a,3,NORMAL,False,OCT5k,1,DME,0.9454066,0.043885335,0.56841713,-4.411744,1,-6.0820546,False,5.9930024,True,-7.266301,False,-5.745845,False,True,True
/Users/yuhaowang/Documents/UCL/Term3_Proj/Dataset/Macular-Dataset-R.Rasti_old/Normal/Normal (42).E2E,Normal (42).E2E,10,Spectralis,n/a,3,NORMAL,False,OCT5k,3,NORMAL,0.99699914,0.09440005,0.4344547,-3.4524932,1,-0.16118526,False,17.93202,True,-7.266301,False,4.2870917,True,True,True
/Users/yuhaowang/Documents/UCL/Term3_Proj/Dataset/Macular-Dataset-R.Rasti_old/Normal/Normal (42).E2E,Normal (42).E2E,11,Spectralis,n/a,3,NORMAL,False,OCT5k,3,NORMAL,0.99997175,0.0019075098,0.4693976,-5.004663,1,-3.6538663,False,-3.9283478,False,-7.266301,False,-11.203533,False,False,True
/Users/yuhaowang/Documents/UCL/Term3_Proj/Dataset/Macular-Dataset-R.Rasti_old/Normal/Normal (42).E2E,Normal (42).E2E,12,Spectralis,n/a,3,NORMAL,False,OCT5k,3,NORMAL,0.99999416,0.0010570362,0.56215525,-5.7585716,1,-7.8878093,False,-4.129355,False,-7.266301,False,-13.741287,False,False,True
/Users/yuhaowang/Documents/UCL/Term3_Proj/Dataset/Macular-Dataset-R.Rasti_old/Normal/Normal (42).E2E,Normal (42).E2E,13,Spectralis,n/a,3,NORMAL,False,OCT5k,1,DME,0.7122103,0.1024766,0.45842072,-5.637275,1,-4.232983,False,19.840893,True,-7.266301,False,1.2816701,True,True,True
/Users/yuhaowang/Documents/UCL/Term3_Proj/Dataset/Macular-Dataset-R.Rasti_old/Normal/Normal (42).E2E,Normal (42).E2E,14,Spectralis,n/a,3,NORMAL,False,OCT5k,3,NORMAL,0.9907907,0.013484791,0.42957258,-4.8499613,2,-2.0889173,False,-1.1920878,False,5.519489,True,-3.0687044,False,True,True
/Users/yuhaowang/Documents/UCL/Term3_Proj/Dataset/Macular-Dataset-R.Rasti_old/Normal/Normal (43).E2E,Normal (43).E2E,12,Spectralis,n/a,3,NORMAL,False,OCT5k,3,NORMAL,0.9999932,0.0025913557,0.42351612,-2.5181537,1,1.6032333,True,-3.7667227,False,-7.266301,False,-6.2386384,False,False,True
/Users/yuhaowang/Documents/UCL/Term3_Proj/Dataset/Macular-Dataset-R.Rasti_old/Normal/Normal (43).E2E,Normal (43).E2E,13,Spectralis,n/a,3,NORMAL,False,OCT5k,3,NORMAL,0.99848986,0.007765595,0.3403817,-2.521928,1,4.3811517,True,-2.543805,False,-7.266301,False,-4.555203,False,True,True
/Users/yuhaowang/Documents/UCL/Term3_Proj/Dataset/Macular-Dataset-R.Rasti_old/Normal/Normal (43).E2E,Normal (43).E2E,14,Spectralis,n/a,3,NORMAL,False,OCT5k,3,NORMAL,0.7487515,0.1853205,0.44253018,-2.1522589,1,1.5141234,True,39.42083,True,-7.266301,False,18.6131,True,True,True
/Users/yuhaowang/Documents/UCL/Term3_Proj/Dataset/Macular-Dataset-R.Rasti_old/Normal/Normal (43).E2E,Normal (43).E2E,15,Spectralis,n/a,3,NORMAL,False,OCT5k,3,NORMAL,0.9999764,0.0005060064,0.52576065,-2.0726976,1,-1.1536021,False,-4.259589,False,-7.266301,False,-6.9703927,False,False,True
/Users/yuhaowang/Documents/UCL/Term3_Proj/Dataset/Macular-Dataset-R.Rasti_old/Normal/Normal (43).E2E,Normal (43).E2E,16,Spectralis,n/a,3,NORMAL,False,OCT5k,3,NORMAL,1.0,0.000103096696,0.6704849,-1.2704066,1,-4.7988005,False,-4.3548164,False,-7.266301,False,-7.3666096,False,False,True
/Users/yuhaowang/Documents/UCL/Term3_Proj/Dataset/Macular-Dataset-R.Rasti_old/Normal/Normal (43).E2E,Normal (43).E2E,17,Spectralis,n/a,3,NORMAL,False,OCT5k,3,NORMAL,1.0,1.5124206e-05,0.754467,-1.9881587,1,-8.68481,False,-4.3756084,False,-7.266301,False,-9.634174,False,False,True
/Users/yuhaowang/Documents/UCL/Term3_Proj/Dataset/Macular-Dataset-R.Rasti_old/Normal/Normal (43).E2E,Normal (43).E2E,18,Spectralis,n/a,3,NORMAL,False,OCT5k,3,NORMAL,0.9999999,5.912529e-05,0.57211846,-1.8244417,1,-2.334293,False,-4.3652086,False,-7.266301,False,-7.1550045,False,False,True
/Users/yuhaowang/Documents/UCL/Term3_Proj/Dataset/Macular-Dataset-R.Rasti_old/Normal/Normal (43).E2E,Normal (43).E2E,19,Spectralis,n/a,3,NORMAL,False,OCT5k,3,NORMAL,0.99997306,0.00047647487,0.43988085,-1.7560889,1,2.1956677,True,-4.266569,False,-7.266301,False,-5.393143,False,False,True
/Users/yuhaowang/Documents/UCL/Term3_Proj/Dataset/Macular-Dataset-R.Rasti_old/Normal/Normal (43).E2E,Normal (43).E2E,20,Spectralis,n/a,3,NORMAL,False,OCT5k,3,NORMAL,0.99987185,0.0025639217,0.2172264,-2.0848994,1,9.158707,True,-3.7732067,False,-7.266301,False,-3.0130842,False,False,True
/Users/yuhaowang/Documents/UCL/Term3_Proj/Dataset/Macular-Dataset-R.Rasti_old/Normal/Normal (44).E2E,Normal (44).E2E,12,Spectralis,n/a,3,NORMAL,False,OCT5k,3,NORMAL,0.9998022,0.041062072,0.3629761,-3.3388548,1,2.402166,True,5.325731,True,-7.266301,False,-1.7924931,False,True,True
/Users/yuhaowang/Documents/UCL/Term3_Proj/Dataset/Macular-Dataset-R.Rasti_old/Normal/Normal (44).E2E,Normal (44).E2E,13,Spectralis,n/a,3,NORMAL,False,OCT5k,3,NORMAL,0.99845123,0.010171998,0.31488347,-3.258087,1,4.1333013,True,-1.9750576,False,-7.266301,False,-5.207038,False,True,True
/Users/yuhaowang/Documents/UCL/Term3_Proj/Dataset/Macular-Dataset-R.Rasti_old/Normal/Normal (44).E2E,Normal (44).E2E,14,Spectralis,n/a,3,NORMAL,False,OCT5k,3,NORMAL,0.98934853,0.0072590336,0.3809203,-2.9671218,2,2.357614,True,-2.6635292,False,5.519489,True,-0.044317722,False,True,True
/Users/yuhaowang/Documents/UCL/Term3_Proj/Dataset/Macular-Dataset-R.Rasti_old/Normal/Normal (44).E2E,Normal (44).E2E,15,Spectralis,n/a,3,NORMAL,False,OCT5k,3,NORMAL,1.0,2.4519186e-06,0.7233226,-1.9206542,1,-7.5409937,False,-4.3786035,False,-7.266301,False,-9.1447,False,False,True
/Users/yuhaowang/Documents/UCL/Term3_Proj/Dataset/Macular-Dataset-R.Rasti_old/Normal/Normal (44).E2E,Normal (44).E2E,16,Spectralis,n/a,3,NORMAL,False,OCT5k,3,NORMAL,1.0,7.542756e-06,0.7109827,-2.1732874,1,-7.505866,False,-4.3774,False,-7.266301,False,-9.4351015,False,False,True
/Users/yuhaowang/Documents/UCL/Term3_Proj/Dataset/Macular-Dataset-R.Rasti_old/Normal/Normal (44).E2E,Normal (44).E2E,17,Spectralis,n/a,3,NORMAL,False,OCT5k,3,NORMAL,0.9999995,0.0005370643,0.7162205,-2.0411127,1,-7.483453,False,-4.252249,False,-7.266301,False,-9.197353,False,False,True
/Users/yuhaowang/Documents/UCL/Term3_Proj/Dataset/Macular-Dataset-R.Rasti_old/Normal/Normal (44).E2E,Normal (44).E2E,18,Spectralis,n/a,3,NORMAL,False,OCT5k,3,NORMAL,0.99999905,5.0632894e-05,0.4969461,-2.1453733,1,-0.29756594,False,-4.367216,False,-7.266301,False,-6.8118014,False,False,True
/Users/yuhaowang/Documents/UCL/Term3_Proj/Dataset/Macular-Dataset-R.Rasti_old/Normal/Normal (44).E2E,Normal (44).E2E,19,Spectralis,n/a,3,NORMAL,False,OCT5k,3,NORMAL,0.8084152,0.1472874,0.2793889,-2.164363,1,6.958425,True,30.431807,True,-7.266301,False,15.462461,True,True,True
/Users/yuhaowang/Documents/UCL/Term3_Proj/Dataset/Macular-Dataset-R.Rasti_old/Normal/Normal (44).E2E,Normal (44).E2E,20,Spectralis,n/a,3,NORMAL,False,OCT5k,3,NORMAL,0.99993813,0.010562114,0.39390343,-2.265252,1,2.9731946,True,-1.8828547,False,-7.266301,False,-4.3772893,False,False,True
/Users/yuhaowang/Documents/UCL/Term3_Proj/Dataset/Macular-Dataset-R.Rasti_old/Normal/Normal (45).E2E,Normal (45).E2E,6,Spectralis,n/a,3,NORMAL,False,OCT5k,1,DME,0.98869574,0.01577086,0.5186761,-8.157021,1,-10.021096,False,-0.6517813,False,-7.266301,False,-15.420765,False,True,True
/Users/yuhaowang/Documents/UCL/Term3_Proj/Dataset/Macular-Dataset-R.Rasti_old/Normal/Normal (45).E2E,Normal (45).E2E,7,Spectralis,n/a,3,NORMAL,False,OCT5k,1,DME,0.9960877,0.012731206,0.53819096,-12.994604,1,-17.913565,False,-1.3701957,False,-7.266301,False,-24.471596,False,True,True
/Users/yuhaowang/Documents/UCL/Term3_Proj/Dataset/Macular-Dataset-R.Rasti_old/Normal/Normal (45).E2E,Normal (45).E2E,8,Spectralis,n/a,3,NORMAL,False,OCT5k,1,DME,0.9866297,0.010454267,0.6078027,-6.411685,1,-10.393542,False,-1.9083441,False,-7.266301,False,-14.167517,False,True,True
/Users/yuhaowang/Documents/UCL/Term3_Proj/Dataset/Macular-Dataset-R.Rasti_old/Normal/Normal (45).E2E,Normal (45).E2E,9,Spectralis,n/a,3,NORMAL,False,OCT5k,3,NORMAL,0.7121872,0.19270638,0.5383168,-7.017356,1,-8.973303,False,41.166466,True,-7.266301,False,9.993608,True,True,True
/Users/yuhaowang/Documents/UCL/Term3_Proj/Dataset/Macular-Dataset-R.Rasti_old/Normal/Normal (45).E2E,Normal (45).E2E,10,Spectralis,n/a,3,NORMAL,False,OCT5k,3,NORMAL,0.9997179,0.10965566,0.4960889,-6.4719176,1,-6.743193,False,21.537645,True,-7.266301,False,0.3389039,True,True,True
/Users/yuhaowang/Documents/UCL/Term3_Proj/Dataset/Macular-Dataset-R.Rasti_old/Normal/Normal (45).E2E,Normal (45).E2E,11,Spectralis,n/a,3,NORMAL,False,OCT5k,1,DME,0.53041065,0.121880054,0.5009986,-8.086001,1,-9.322931,False,24.42685,True,-7.266301,False,-0.8907914,False,True,True
/Users/yuhaowang/Documents/UCL/Term3_Proj/Dataset/Macular-Dataset-R.Rasti_old/Normal/Normal (45).E2E,Normal (45).E2E,12,Spectralis,n/a,3,NORMAL,False,OCT5k,1,DME,0.9839318,0.021006241,0.5631765,-6.449332,1,-8.955671,False,0.58558726,True,-7.266301,False,-12.285784,False,True,True
/Users/yuhaowang/Documents/UCL/Term3_Proj/Dataset/Macular-Dataset-R.Rasti_old/Normal/Normal (45).E2E,Normal (45).E2E,13,Spectralis,n/a,3,NORMAL,False,OCT5k,1,DME,0.9838774,0.012798294,0.5263501,-7.18162,1,-8.818432,False,-1.3543394,False,-7.266301,False,-14.214813,False,True,True
/Users/yuhaowang/Documents/UCL/Term3_Proj/Dataset/Macular-Dataset-R.Rasti_old/Normal/Normal (45).E2E,Normal (45).E2E,14,Spectralis,n/a,3,NORMAL,False,OCT5k,1,DME,0.9977569,0.003208764,0.57966655,-9.144792,1,-13.541344,False,-3.6207998,False,-7.266301,False,-19.550467,False,True,True
/Users/yuhaowang/Documents/UCL/Term3_Proj/Dataset/Macular-Dataset-R.Rasti_old/Normal/Normal (46).E2E,Normal (46).E2E,27,Spectralis,n/a,3,NORMAL,False,OCT5k,3,NORMAL,0.9999411,0.009924966,0.39215598,-2.0904632,1,3.293262,True,-2.033443,False,-7.266301,False,-4.1376824,False,False,True
/Users/yuhaowang/Documents/UCL/Term3_Proj/Dataset/Macular-Dataset-R.Rasti_old/Normal/Normal (46).E2E,Normal (46).E2E,28,Spectralis,n/a,3,NORMAL,False,OCT5k,3,NORMAL,0.9960814,0.0063124783,0.41042104,-1.9507053,1,2.8908334,True,-2.8872452,False,-7.266301,False,-4.5971932,False,True,True
/Users/yuhaowang/Documents/UCL/Term3_Proj/Dataset/Macular-Dataset-R.Rasti_old/Normal/Normal (46).E2E,Normal (46).E2E,29,Spectralis,n/a,3,NORMAL,False,OCT5k,3,NORMAL,0.9999938,0.00023373368,0.53915584,-1.3909603,1,-0.58194494,False,-4.3239403,False,-7.266301,False,-5.9824147,False,False,True
/Users/yuhaowang/Documents/UCL/Term3_Proj/Dataset/Macular-Dataset-R.Rasti_old/Normal/Normal (46).E2E,Normal (46).E2E,30,Spectralis,n/a,3,NORMAL,False,OCT5k,3,NORMAL,0.99999917,3.387434e-05,0.6130861,-1.9357247,1,-3.8725276,False,-4.3711767,False,-7.266301,False,-7.843565,False,False,True
/Users/yuhaowang/Documents/UCL/Term3_Proj/Dataset/Macular-Dataset-R.Rasti_old/Normal/Normal (46).E2E,Normal (46).E2E,31,Spectralis,n/a,3,NORMAL,False,OCT5k,3,NORMAL,1.0,5.7493853e-06,0.7189775,-2.2775218,1,-7.929533,False,-4.377824,False,-7.266301,False,-9.712509,False,False,True
/Users/yuhaowang/Documents/UCL/Term3_Proj/Dataset/Macular-Dataset-R.Rasti_old/Normal/Normal (46).E2E,Normal (46).E2E,32,Spectralis,n/a,3,NORMAL,False,OCT5k,3,NORMAL,0.9999999,2.831417e-06,0.6177219,-2.1019099,1,-4.27643,False,-4.378514,False,-7.266301,False,-8.192267,False,False,True
/Users/yuhaowang/Documents/UCL/Term3_Proj/Dataset/Macular-Dataset-R.Rasti_old/Normal/Normal (46).E2E,Normal (46).E2E,33,Spectralis,n/a,3,NORMAL,False,OCT5k,3,NORMAL,0.9999993,0.00015127851,0.62595093,-1.7554789,1,-4.033554,False,-4.3434286,False,-7.266301,False,-7.6689205,False,False,True
/Users/yuhaowang/Documents/UCL/Term3_Proj/Dataset/Macular-Dataset-R.Rasti_old/Normal/Normal (46).E2E,Normal (46).E2E,34,Spectralis,n/a,3,NORMAL,False,OCT5k,3,NORMAL,0.99999964,3.1380187e-06,0.68713003,-2.3517585,1,-6.974282,False,-4.3784413,False,-7.266301,False,-9.4596615,False,False,True
/Users/yuhaowang/Documents/UCL/Term3_Proj/Dataset/Macular-Dataset-R.Rasti_old/Normal/Normal (46).E2E,Normal (46).E2E,35,Spectralis,n/a,3,NORMAL,False,OCT5k,3,NORMAL,1.0,4.571084e-07,0.7087812,-2.7552295,1,-8.302983,False,-4.3790746,False,-7.266301,False,-10.421313,False,False,True
/Users/yuhaowang/Documents/UCL/Term3_Proj/Dataset/Macular-Dataset-R.Rasti_old/Normal/Normal (47).E2E,Normal (47).E2E,27,Spectralis,n/a,3,NORMAL,False,OCT5k,3,NORMAL,0.97273916,0.030191734,0.3942805,-4.6732616,2,-0.6428242,False,2.7565546,True,5.519489,True,-0.10301447,False,True,True
/Users/yuhaowang/Documents/UCL/Term3_Proj/Dataset/Macular-Dataset-R.Rasti_old/Normal/Normal (47).E2E,Normal (47).E2E,28,Spectralis,n/a,3,NORMAL,False,OCT5k,3,NORMAL,0.9998473,0.010498827,0.49770194,-3.4124036,1,-2.218883,False,-1.8978124,False,-7.266301,False,-7.6259003,False,False,True
/Users/yuhaowang/Documents/UCL/Term3_Proj/Dataset/Macular-Dataset-R.Rasti_old/Normal/Normal (47).E2E,Normal (47).E2E,29,Spectralis,n/a,3,NORMAL,False,OCT5k,3,NORMAL,1.0,1.189318e-06,0.69943476,-2.8308654,1,-8.103222,False,-4.3789015,False,-7.266301,False,-10.440523,False,False,True
/Users/yuhaowang/Documents/UCL/Term3_Proj/Dataset/Macular-Dataset-R.Rasti_old/Normal/Normal (47).E2E,Normal (47).E2E,30,Spectralis,n/a,3,NORMAL,False,OCT5k,3,NORMAL,1.0,0.0008310933,0.83773786,-1.5351821,1,-10.795101,False,-4.1827564,False,-7.266301,False,-9.737008,False,False,True
/Users/yuhaowang/Documents/UCL/Term3_Proj/Dataset/Macular-Dataset-R.Rasti_old/Normal/Normal (47).E2E,Normal (47).E2E,31,Spectralis,n/a,3,NORMAL,False,OCT5k,3,NORMAL,1.0,0.0001976302,0.88272136,-2.1612926,1,-13.238195,False,-4.3324733,False,-7.266301,False,-11.450142,False,False,True
/Users/yuhaowang/Documents/UCL/Term3_Proj/Dataset/Macular-Dataset-R.Rasti_old/Normal/Normal (47).E2E,Normal (47).E2E,32,Spectralis,n/a,3,NORMAL,False,OCT5k,3,NORMAL,1.0,6.6854755e-06,0.89277625,-2.2625296,1,-13.726355,False,-4.3776026,False,-7.266301,False,-11.7723675,False,False,True
/Users/yuhaowang/Documents/UCL/Term3_Proj/Dataset/Macular-Dataset-R.Rasti_old/Normal/Normal (47).E2E,Normal (47).E2E,33,Spectralis,n/a,3,NORMAL,False,OCT5k,3,NORMAL,1.0,2.2188225e-09,0.89329696,-1.9681715,1,-13.303306,False,-4.3791823,False,-7.266301,False,-11.267778,False,False,True
/Users/yuhaowang/Documents/UCL/Term3_Proj/Dataset/Macular-Dataset-R.Rasti_old/Normal/Normal (47).E2E,Normal (47).E2E,34,Spectralis,n/a,3,NORMAL,False,OCT5k,3,NORMAL,1.0,6.46902e-08,0.8942309,-1.8024883,1,-13.086645,False,-4.3791676,False,-7.266301,False,-10.990946,False,False,True
/Users/yuhaowang/Documents/UCL/Term3_Proj/Dataset/Macular-Dataset-R.Rasti_old/Normal/Normal (47).E2E,Normal (47).E2E,35,Spectralis,n/a,3,NORMAL,False,OCT5k,3,NORMAL,0.9999981,0.000106416526,0.7454721,-1.793971,1,-8.093048,False,-4.3540316,False,-7.266301,False,-9.176411,False,False,True
/Users/yuhaowang/Documents/UCL/Term3_Proj/Dataset/Macular-Dataset-R.Rasti_old/Normal/Normal (48).E2E,Normal (48).E2E,6,Spectralis,n/a,3,NORMAL,False,OCT5k,3,NORMAL,0.99992394,0.0028903754,0.33930817,-2.242589,1,4.8351064,True,-3.6960502,False,-7.266301,False,-4.7088585,False,False,True
/Users/yuhaowang/Documents/UCL/Term3_Proj/Dataset/Macular-Dataset-R.Rasti_old/Normal/Normal (48).E2E,Normal (48).E2E,7,Spectralis,n/a,3,NORMAL,False,OCT5k,1,DME,0.99934417,0.0069781262,0.6590026,-1.7672915,1,-5.1578903,False,-2.7299209,False,-7.266301,False,-7.17293,False,True,True
/Users/yuhaowang/Documents/UCL/Term3_Proj/Dataset/Macular-Dataset-R.Rasti_old/Normal/Normal (48).E2E,Normal (48).E2E,8,Spectralis,n/a,3,NORMAL,False,OCT5k,1,DME,0.9808054,0.017999612,0.6015723,-2.066763,1,-3.6831014,False,-0.1250217,False,-7.266301,False,-5.529879,False,True,True
/Users/yuhaowang/Documents/UCL/Term3_Proj/Dataset/Macular-Dataset-R.Rasti_old/Normal/Normal (48).E2E,Normal (48).E2E,9,Spectralis,n/a,3,NORMAL,False,OCT5k,1,DME,0.99887115,0.0007103346,0.63410074,-2.5527136,1,-5.4994297,False,-4.211297,False,-7.266301,False,-9.077921,False,True,True
/Users/yuhaowang/Documents/UCL/Term3_Proj/Dataset/Macular-Dataset-R.Rasti_old/Normal/Normal (48).E2E,Normal (48).E2E,10,Spectralis,n/a,3,NORMAL,False,OCT5k,3,NORMAL,0.66797453,0.103449285,0.56932116,-2.6407285,1,-3.4621396,False,20.070784,True,-7.266301,False,5.290088,True,True,True
/Users/yuhaowang/Documents/UCL/Term3_Proj/Dataset/Macular-Dataset-R.Rasti_old/Normal/Normal (48).E2E,Normal (48).E2E,11,Spectralis,n/a,3,NORMAL,False,OCT5k,3,NORMAL,0.9974718,0.022300612,0.49002966,-1.7759982,1,0.4867549,True,0.8915086,True,-7.266301,False,-3.1102374,False,True,True
/Users/yuhaowang/Documents/UCL/Term3_Proj/Dataset/Macular-Dataset-R.Rasti_old/Normal/Normal (48).E2E,Normal (48).E2E,12,Spectralis,n/a,3,NORMAL,False,OCT5k,3,NORMAL,1.0,1.5641681e-06,0.7635195,-1.1798923,1,-7.778406,False,-4.3788133,False,-7.266301,False,-8.339498,False,False,True
/Users/yuhaowang/Documents/UCL/Term3_Proj/Dataset/Macular-Dataset-R.Rasti_old/Normal/Normal (48).E2E,Normal (48).E2E,13,Spectralis,n/a,3,NORMAL,False,OCT5k,3,NORMAL,0.51733595,0.040956974,0.49838105,-1.776458,1,0.20643997,True,5.3008914,True,-7.266301,False,-0.71559477,False,True,True
/Users/yuhaowang/Documents/UCL/Term3_Proj/Dataset/Macular-Dataset-R.Rasti_old/Normal/Normal (48).E2E,Normal (48).E2E,14,Spectralis,n/a,3,NORMAL,False,OCT5k,1,DME,0.99453706,0.14767304,0.63073677,-2.1889184,1,-4.8424044,False,30.522951,True,-7.266301,False,11.25425,True,True,True
/Users/yuhaowang/Documents/UCL/Term3_Proj/Dataset/Macular-Dataset-R.Rasti_old/Normal/Normal (49).E2E,Normal (49).E2E,12,Spectralis,n/a,3,NORMAL,False,OCT5k,1,DME,0.6416524,0.13244796,0.49053898,-1.0425816,1,1.5672016,True,26.924545,True,-7.266301,False,12.893192,True,True,True
/Users/yuhaowang/Documents/UCL/Term3_Proj/Dataset/Macular-Dataset-R.Rasti_old/Normal/Normal (49).E2E,Normal (49).E2E,13,Spectralis,n/a,3,NORMAL,False,OCT5k,3,NORMAL,0.9999883,7.6825556e-05,0.47277242,-0.8760525,1,2.4112716,True,-4.3610253,False,-7.266301,False,-4.3114758,False,False,True
/Users/yuhaowang/Documents/UCL/Term3_Proj/Dataset/Macular-Dataset-R.Rasti_old/Normal/Normal (49).E2E,Normal (49).E2E,14,Spectralis,n/a,3,NORMAL,False,OCT5k,3,NORMAL,0.98113567,0.020831555,0.43314558,-1.0254431,2,3.5145354,True,0.5443008,True,5.519489,True,4.519997,True,True,True
/Users/yuhaowang/Documents/UCL/Term3_Proj/Dataset/Macular-Dataset-R.Rasti_old/Normal/Normal (49).E2E,Normal (49).E2E,15,Spectralis,n/a,3,NORMAL,False,OCT5k,3,NORMAL,0.9999876,0.0002556251,0.5717416,-1.308772,1,-1.5500154,False,-4.3187666,False,-7.266301,False,-6.22772,False,False,True
/Users/yuhaowang/Documents/UCL/Term3_Proj/Dataset/Macular-Dataset-R.Rasti_old/Normal/Normal (49).E2E,Normal (49).E2E,16,Spectralis,n/a,3,NORMAL,False,OCT5k,3,NORMAL,1.0,9.51174e-05,0.74857527,-0.7591592,1,-6.6484385,False,-4.356702,False,-7.266301,False,-7.4161816,False,False,True
/Users/yuhaowang/Documents/UCL/Term3_Proj/Dataset/Macular-Dataset-R.Rasti_old/Normal/Normal (49).E2E,Normal (49).E2E,17,Spectralis,n/a,3,NORMAL,False,OCT5k,3,NORMAL,1.0,2.420245e-07,0.7859228,-0.62318903,1,-7.695468,False,-4.3791256,False,-7.266301,False,-7.6407633,False,False,True
/Users/yuhaowang/Documents/UCL/Term3_Proj/Dataset/Macular-Dataset-R.Rasti_old/Normal/Normal (49).E2E,Normal (49).E2E,18,Spectralis,n/a,3,NORMAL,False,OCT5k,3,NORMAL,1.0,3.1166132e-07,0.68392044,-0.7129551,1,-4.414478,False,-4.3791094,False,-7.266301,False,-6.57251,False,False,True
/Users/yuhaowang/Documents/UCL/Term3_Proj/Dataset/Macular-Dataset-R.Rasti_old/Normal/Normal (49).E2E,Normal (49).E2E,19,Spectralis,n/a,3,NORMAL,False,OCT5k,3,NORMAL,0.9987839,0.01695177,0.4177913,-0.5294109,1,4.7709117,True,-0.3726766,False,-7.266301,False,-0.79155207,False,True,True
/Users/yuhaowang/Documents/UCL/Term3_Proj/Dataset/Macular-Dataset-R.Rasti_old/Normal/Normal (49).E2E,Normal (49).E2E,20,Spectralis,n/a,3,NORMAL,False,OCT5k,3,NORMAL,0.999967,0.00094966637,0.337624,-1.0274936,1,6.7097898,True,-4.1547318,False,-7.266301,False,-2.8358505,False,False,True
/Users/yuhaowang/Documents/UCL/Term3_Proj/Dataset/Macular-Dataset-R.Rasti_old/Normal/Normal (5).E2E,Normal (5).E2E,6,Spectralis,n/a,3,NORMAL,False,OCT5k,3,NORMAL,0.99973637,0.009190712,0.39024973,-5.970671,1,-2.4493327,False,-2.2069821,False,-7.266301,False,-10.958641,False,True,True
/Users/yuhaowang/Documents/UCL/Term3_Proj/Dataset/Macular-Dataset-R.Rasti_old/Normal/Normal (5).E2E,Normal (5).E2E,7,Spectralis,n/a,3,NORMAL,False,OCT5k,3,NORMAL,0.99999356,0.00027394772,0.48257682,-6.979012,1,-7.0495973,False,-4.314436,False,-7.266301,False,-15.012585,False,False,True
/Users/yuhaowang/Documents/UCL/Term3_Proj/Dataset/Macular-Dataset-R.Rasti_old/Normal/Normal (5).E2E,Normal (5).E2E,8,Spectralis,n/a,3,NORMAL,False,OCT5k,3,NORMAL,0.9999932,0.0007091367,0.39630044,-6.167175,1,-2.9459786,False,-4.2115803,False,-7.266301,False,-12.507469,False,False,True
/Users/yuhaowang/Documents/UCL/Term3_Proj/Dataset/Macular-Dataset-R.Rasti_old/Normal/Normal (5).E2E,Normal (5).E2E,9,Spectralis,n/a,3,NORMAL,False,OCT5k,3,NORMAL,0.9749255,0.07736996,0.48828357,-6.0080533,2,-5.7877135,False,13.907005,True,5.519489,True,2.7592854,True,True,True
/Users/yuhaowang/Documents/UCL/Term3_Proj/Dataset/Macular-Dataset-R.Rasti_old/Normal/Normal (5).E2E,Normal (5).E2E,10,Spectralis,n/a,3,NORMAL,False,OCT5k,3,NORMAL,0.9999895,0.00033999304,0.6292468,-5.5528708,1,-9.826401,False,-4.298826,False,-7.266301,False,-14.28488,False,False,True
/Users/yuhaowang/Documents/UCL/Term3_Proj/Dataset/Macular-Dataset-R.Rasti_old/Normal/Normal (5).E2E,Normal (5).E2E,11,Spectralis,n/a,3,NORMAL,False,OCT5k,3,NORMAL,0.99954957,0.08352844,0.57011586,-5.825985,1,-8.255232,False,15.362545,True,-7.266301,False,-2.9217489,False,True,True
/Users/yuhaowang/Documents/UCL/Term3_Proj/Dataset/Macular-Dataset-R.Rasti_old/Normal/Normal (5).E2E,Normal (5).E2E,12,Spectralis,n/a,3,NORMAL,False,OCT5k,3,NORMAL,0.99998546,0.0020561167,0.57173705,-8.464612,1,-12.258008,False,-3.893225,False,-7.266301,False,-18.427011,False,False,True
/Users/yuhaowang/Documents/UCL/Term3_Proj/Dataset/Macular-Dataset-R.Rasti_old/Normal/Normal (5).E2E,Normal (5).E2E,13,Spectralis,n/a,3,NORMAL,False,OCT5k,3,NORMAL,0.9999938,0.003303771,0.55779123,-8.969066,1,-12.545938,False,-3.5983453,False,-7.266301,False,-18.9697,False,False,True
/Users/yuhaowang/Documents/UCL/Term3_Proj/Dataset/Macular-Dataset-R.Rasti_old/Normal/Normal (5).E2E,Normal (5).E2E,14,Spectralis,n/a,3,NORMAL,False,OCT5k,3,NORMAL,0.99906236,0.018885475,0.43906042,-4.739536,1,-2.2413526,False,0.08434963,True,-7.266301,False,-8.107332,False,True,True
/Users/yuhaowang/Documents/UCL/Term3_Proj/Dataset/Macular-Dataset-R.Rasti_old/Normal/Normal (50).E2E,Normal (50).E2E,9,Spectralis,n/a,3,NORMAL,False,OCT5k,3,NORMAL,0.99999976,0.00040937215,0.6960478,-1.6167288,1,-6.1729593,False,-4.2824287,False,-7.266301,False,-8.234531,False,False,True
/Users/yuhaowang/Documents/UCL/Term3_Proj/Dataset/Macular-Dataset-R.Rasti_old/Normal/Normal (50).E2E,Normal (50).E2E,10,Spectralis,n/a,3,NORMAL,False,OCT5k,3,NORMAL,0.9998528,0.0009084949,0.49205926,-1.356375,1,1.0467315,True,-4.1644626,False,-7.266301,False,-5.2667413,False,False,True
/Users/yuhaowang/Documents/UCL/Term3_Proj/Dataset/Macular-Dataset-R.Rasti_old/Normal/Normal (50).E2E,Normal (50).E2E,11,Spectralis,n/a,3,NORMAL,False,OCT5k,3,NORMAL,0.9999877,0.00014860567,0.47329342,-1.0264966,1,2.1686993,True,-4.3440604,False,-7.266301,False,-4.5696697,False,False,True
/Users/yuhaowang/Documents/UCL/Term3_Proj/Dataset/Macular-Dataset-R.Rasti_old/Normal/Normal (50).E2E,Normal (50).E2E,12,Spectralis,n/a,3,NORMAL,False,OCT5k,3,NORMAL,0.99995613,0.00010312023,0.5631916,-1.1435467,1,-1.0164928,False,-4.3548107,False,-7.266301,False,-5.858259,False,False,True
/Users/yuhaowang/Documents/UCL/Term3_Proj/Dataset/Macular-Dataset-R.Rasti_old/Normal/Normal (50).E2E,Normal (50).E2E,13,Spectralis,n/a,3,NORMAL,False,OCT5k,3,NORMAL,1.0,7.992247e-08,0.85801667,-1.0951866,1,-10.815674,False,-4.3791637,False,-7.266301,False,-9.326655,False,False,True
/Users/yuhaowang/Documents/UCL/Term3_Proj/Dataset/Macular-Dataset-R.Rasti_old/Normal/Normal (50).E2E,Normal (50).E2E,14,Spectralis,n/a,3,NORMAL,False,OCT5k,3,NORMAL,1.0,2.2424206e-07,0.746296,-0.8571517,1,-6.7187595,False,-4.37913,False,-7.266301,False,-7.5718746,False,False,True
/Users/yuhaowang/Documents/UCL/Term3_Proj/Dataset/Macular-Dataset-R.Rasti_old/Normal/Normal (50).E2E,Normal (50).E2E,15,Spectralis,n/a,3,NORMAL,False,OCT5k,3,NORMAL,1.0,9.664059e-07,0.88503754,-0.90384996,1,-11.434086,False,-4.3789544,False,-7.266301,False,-9.318226,False,False,True
/Users/yuhaowang/Documents/UCL/Term3_Proj/Dataset/Macular-Dataset-R.Rasti_old/Normal/Normal (50).E2E,Normal (50).E2E,16,Spectralis,n/a,3,NORMAL,False,OCT5k,3,NORMAL,0.9999993,0.00015105496,0.64970446,-0.83691794,1,-3.4543335,False,-4.3434815,False,-7.266301,False,-6.357167,False,False,True
/Users/yuhaowang/Documents/UCL/Term3_Proj/Dataset/Macular-Dataset-R.Rasti_old/Normal/Normal (50).E2E,Normal (50).E2E,17,Spectralis,n/a,3,NORMAL,False,OCT5k,3,NORMAL,0.99993944,0.0013495185,0.5448955,-1.4293247,1,-0.83153486,False,-4.0602274,False,-7.266301,False,-5.968742,False,False,True
/Users/yuhaowang/Documents/UCL/Term3_Proj/Dataset/Macular-Dataset-R.Rasti_old/Normal/Normal (6).E2E,Normal (6).E2E,6,Spectralis,n/a,3,NORMAL,False,OCT5k,3,NORMAL,0.99928916,0.015396081,0.37339184,-3.7596672,1,1.4237056,True,-0.74035954,False,-7.266301,False,-6.0824437,False,True,True
/Users/yuhaowang/Documents/UCL/Term3_Proj/Dataset/Macular-Dataset-R.Rasti_old/Normal/Normal (6).E2E,Normal (6).E2E,7,Spectralis,n/a,3,NORMAL,False,OCT5k,3,NORMAL,0.97591364,0.035139024,0.40744174,-3.971267,2,-0.03302002,False,3.9258332,True,5.519489,True,1.6212153,True,True,True
/Users/yuhaowang/Documents/UCL/Term3_Proj/Dataset/Macular-Dataset-R.Rasti_old/Normal/Normal (6).E2E,Normal (6).E2E,8,Spectralis,n/a,3,NORMAL,False,OCT5k,3,NORMAL,0.99992776,0.00036851224,0.39493653,-3.2479863,1,1.4680204,True,-4.2920856,False,-7.266301,False,-7.46175,False,False,True
/Users/yuhaowang/Documents/UCL/Term3_Proj/Dataset/Macular-Dataset-R.Rasti_old/Normal/Normal (6).E2E,Normal (6).E2E,9,Spectralis,n/a,3,NORMAL,False,OCT5k,3,NORMAL,0.99999976,4.1283376e-05,0.6483458,-3.7604558,1,-7.783684,False,-4.369426,False,-7.266301,False,-11.438021,False,False,True
/Users/yuhaowang/Documents/UCL/Term3_Proj/Dataset/Macular-Dataset-R.Rasti_old/Normal/Normal (6).E2E,Normal (6).E2E,10,Spectralis,n/a,3,NORMAL,False,OCT5k,3,NORMAL,0.9999974,0.00023479853,0.53558254,-3.0039012,1,-2.875938,False,-4.3236885,False,-7.266301,False,-8.743429,False,False,True
/Users/yuhaowang/Documents/UCL/Term3_Proj/Dataset/Macular-Dataset-R.Rasti_old/Normal/Normal (6).E2E,Normal (6).E2E,11,Spectralis,n/a,3,NORMAL,False,OCT5k,3,NORMAL,0.9997149,0.015906395,0.47490963,-4.2078824,1,-2.6461058,False,-0.6197479,False,-7.266301,False,-8.01187,False,True,True
/Users/yuhaowang/Documents/UCL/Term3_Proj/Dataset/Macular-Dataset-R.Rasti_old/Normal/Normal (6).E2E,Normal (6).E2E,12,Spectralis,n/a,3,NORMAL,False,OCT5k,3,NORMAL,0.99999964,0.00014068352,0.58273464,-3.0547485,1,-4.5308075,False,-4.3459325,False,-7.266301,False,-9.410366,False,False,True
/Users/yuhaowang/Documents/UCL/Term3_Proj/Dataset/Macular-Dataset-R.Rasti_old/Normal/Normal (6).E2E,Normal (6).E2E,13,Spectralis,n/a,3,NORMAL,False,OCT5k,3,NORMAL,0.9999975,3.580065e-05,0.4469543,-3.0522468,1,0.019231796,True,-4.3707213,False,-7.266301,False,-7.790322,False,False,True
/Users/yuhaowang/Documents/UCL/Term3_Proj/Dataset/Macular-Dataset-R.Rasti_old/Normal/Normal (6).E2E,Normal (6).E2E,14,Spectralis,n/a,3,NORMAL,False,OCT5k,3,NORMAL,0.9999908,0.0016545034,0.48115972,-3.9891462,1,-2.5280538,False,-3.9881454,False,-7.266301,False,-9.6131115,False,False,True
/Users/yuhaowang/Documents/UCL/Term3_Proj/Dataset/Macular-Dataset-R.Rasti_old/Normal/Normal (7).E2E,Normal (7).E2E,6,Spectralis,n/a,3,NORMAL,False,OCT5k,3,NORMAL,0.9955289,0.046161585,0.5379358,-4.053082,1,-4.524747,False,6.5309873,True,-7.266301,False,-4.451969,False,True,True
/Users/yuhaowang/Documents/UCL/Term3_Proj/Dataset/Macular-Dataset-R.Rasti_old/Normal/Normal (7).E2E,Normal (7).E2E,7,Spectralis,n/a,3,NORMAL,False,OCT5k,3,NORMAL,0.97655916,0.056089997,0.4455899,-3.8263133,2,-1.0934129,False,8.8775425,True,5.519489,True,4.2179666,True,True,True
/Users/yuhaowang/Documents/UCL/Term3_Proj/Dataset/Macular-Dataset-R.Rasti_old/Normal/Normal (7).E2E,Normal (7).E2E,8,Spectralis,n/a,3,NORMAL,False,OCT5k,3,NORMAL,0.9998938,0.035461463,0.43977833,-4.2535033,1,-1.5380812,False,4.0020413,True,-7.266301,False,-5.0536103,False,False,True
/Users/yuhaowang/Documents/UCL/Term3_Proj/Dataset/Macular-Dataset-R.Rasti_old/Normal/Normal (7).E2E,Normal (7).E2E,9,Spectralis,n/a,3,NORMAL,False,OCT5k,3,NORMAL,0.99994206,9.895465e-05,0.45048383,-2.523642,1,0.6920686,True,-4.355795,False,-7.266301,False,-6.905275,False,False,True
/Users/yuhaowang/Documents/UCL/Term3_Proj/Dataset/Macular-Dataset-R.Rasti_old/Normal/Normal (7).E2E,Normal (7).E2E,10,Spectralis,n/a,3,NORMAL,False,OCT5k,3,NORMAL,0.9999989,0.0003952873,0.6095895,-3.281852,1,-5.7698245,False,-4.2857575,False,-7.266301,False,-10.093449,False,False,True
/Users/yuhaowang/Documents/UCL/Term3_Proj/Dataset/Macular-Dataset-R.Rasti_old/Normal/Normal (7).E2E,Normal (7).E2E,11,Spectralis,n/a,3,NORMAL,False,OCT5k,3,NORMAL,0.99999726,0.0040135058,0.66725093,-3.5722246,1,-8.135005,False,-3.4306011,False,-7.266301,False,-10.80633,False,False,True
/Users/yuhaowang/Documents/UCL/Term3_Proj/Dataset/Macular-Dataset-R.Rasti_old/Normal/Normal (7).E2E,Normal (7).E2E,12,Spectralis,n/a,3,NORMAL,False,OCT5k,3,NORMAL,0.99999964,2.3717119e-05,0.68140864,-3.276821,1,-8.166996,False,-4.373577,False,-7.266301,False,-10.996429,False,False,True
/Users/yuhaowang/Documents/UCL/Term3_Proj/Dataset/Macular-Dataset-R.Rasti_old/Normal/Normal (7).E2E,Normal (7).E2E,13,Spectralis,n/a,3,NORMAL,False,OCT5k,3,NORMAL,0.9998294,0.001930858,0.53440976,-2.6780684,1,-2.3490872,False,-3.9228296,False,-7.266301,False,-7.936019,False,False,True
/Users/yuhaowang/Documents/UCL/Term3_Proj/Dataset/Macular-Dataset-R.Rasti_old/Normal/Normal (7).E2E,Normal (7).E2E,14,Spectralis,n/a,3,NORMAL,False,OCT5k,3,NORMAL,0.9996784,0.0015463233,0.4968229,-2.3277273,1,-0.5663185,False,-4.0137134,False,-7.266301,False,-6.9272594,False,True,True
/Users/yuhaowang/Documents/UCL/Term3_Proj/Dataset/Macular-Dataset-R.Rasti_old/Normal/Normal (8).E2E,Normal (8).E2E,12,Spectralis,n/a,3,NORMAL,False,OCT5k,3,NORMAL,0.9998035,0.0032908022,0.33222893,-1.9128273,1,5.5656,True,-3.6014104,False,-7.266301,False,-3.9970431,False,True,True
/Users/yuhaowang/Documents/UCL/Term3_Proj/Dataset/Macular-Dataset-R.Rasti_old/Normal/Normal (8).E2E,Normal (8).E2E,13,Spectralis,n/a,3,NORMAL,False,OCT5k,3,NORMAL,0.9956044,0.053713,0.35681802,-2.227848,1,4.270888,True,8.315744,True,-7.266301,False,1.9051976,True,True,True
/Users/yuhaowang/Documents/UCL/Term3_Proj/Dataset/Macular-Dataset-R.Rasti_old/Normal/Normal (8).E2E,Normal (8).E2E,14,Spectralis,n/a,3,NORMAL,False,OCT5k,3,NORMAL,0.9992071,0.027213778,0.34180036,-2.0678651,1,5.013122,True,2.0527225,True,-7.266301,False,-1.1812532,False,True,True
/Users/yuhaowang/Documents/UCL/Term3_Proj/Dataset/Macular-Dataset-R.Rasti_old/Normal/Normal (8).E2E,Normal (8).E2E,15,Spectralis,n/a,3,NORMAL,False,OCT5k,3,NORMAL,0.9986358,0.0037350394,0.39806464,-1.3561771,1,4.194225,True,-3.496416,False,-7.266301,False,-3.7601023,False,True,True
/Users/yuhaowang/Documents/UCL/Term3_Proj/Dataset/Macular-Dataset-R.Rasti_old/Normal/Normal (8).E2E,Normal (8).E2E,16,Spectralis,n/a,3,NORMAL,False,OCT5k,3,NORMAL,0.99960107,0.0031822175,0.4474326,-0.9352902,1,3.1710744,True,-3.627074,False,-7.266301,False,-3.694902,False,True,True
/Users/yuhaowang/Documents/UCL/Term3_Proj/Dataset/Macular-Dataset-R.Rasti_old/Normal/Normal (8).E2E,Normal (8).E2E,17,Spectralis,n/a,3,NORMAL,False,OCT5k,3,NORMAL,0.9993293,0.0008688038,0.36917824,-1.4766296,1,4.981171,True,-4.1738434,False,-7.266301,False,-4.006211,False,True,True
/Users/yuhaowang/Documents/UCL/Term3_Proj/Dataset/Macular-Dataset-R.Rasti_old/Normal/Normal (8).E2E,Normal (8).E2E,18,Spectralis,n/a,3,NORMAL,False,OCT5k,3,NORMAL,0.9999882,7.08109e-05,0.3549678,-0.8663414,1,6.3702245,True,-4.362447,False,-7.266301,False,-2.8814292,False,False,True
/Users/yuhaowang/Documents/UCL/Term3_Proj/Dataset/Macular-Dataset-R.Rasti_old/Normal/Normal (8).E2E,Normal (8).E2E,19,Spectralis,n/a,3,NORMAL,False,OCT5k,3,NORMAL,0.9999536,0.001228815,0.36410484,-1.0844998,1,5.7378345,True,-4.0887556,False,-7.266301,False,-3.2154522,False,False,True
/Users/yuhaowang/Documents/UCL/Term3_Proj/Dataset/Macular-Dataset-R.Rasti_old/Normal/Normal (8).E2E,Normal (8).E2E,20,Spectralis,n/a,3,NORMAL,False,OCT5k,3,NORMAL,0.9997601,0.011253858,0.3394152,-1.1356691,1,6.4879403,True,-1.7193629,False,-7.266301,False,-1.6670067,False,True,True
/Users/yuhaowang/Documents/UCL/Term3_Proj/Dataset/Macular-Dataset-R.Rasti_old/Normal/Normal (9).E2E,Normal (9).E2E,12,Spectralis,n/a,3,NORMAL,False,OCT5k,3,NORMAL,0.99998975,0.0049400683,0.4724725,-1.1405591,1,2.0255017,True,-3.2116106,False,-7.266301,False,-4.1171513,False,False,True
/Users/yuhaowang/Documents/UCL/Term3_Proj/Dataset/Macular-Dataset-R.Rasti_old/Normal/Normal (9).E2E,Normal (9).E2E,13,Spectralis,n/a,3,NORMAL,False,OCT5k,3,NORMAL,0.99843353,0.006205879,0.5102357,-0.99688256,1,0.97608566,True,-2.9124396,False,-7.266301,False,-4.1513047,False,True,True
/Users/yuhaowang/Documents/UCL/Term3_Proj/Dataset/Macular-Dataset-R.Rasti_old/Normal/Normal (9).E2E,Normal (9).E2E,14,Spectralis,n/a,3,NORMAL,False,OCT5k,3,NORMAL,0.9999919,0.00022473827,0.6237739,-0.87837756,1,-2.6481476,False,-4.3260665,False,-7.266301,False,-6.1081505,False,False,True
/Users/yuhaowang/Documents/UCL/Term3_Proj/Dataset/Macular-Dataset-R.Rasti_old/Normal/Normal (9).E2E,Normal (9).E2E,15,Spectralis,n/a,3,NORMAL,False,OCT5k,3,NORMAL,0.9999989,9.521922e-06,0.49487203,-0.8547729,1,1.7031598,True,-4.376932,False,-7.266301,False,-4.5487394,False,False,True
/Users/yuhaowang/Documents/UCL/Term3_Proj/Dataset/Macular-Dataset-R.Rasti_old/Normal/Normal (9).E2E,Normal (9).E2E,16,Spectralis,n/a,3,NORMAL,False,OCT5k,3,NORMAL,0.99999976,4.495708e-05,0.71911144,-0.7084607,1,-5.586043,False,-4.368557,False,-7.266301,False,-6.981109,False,False,True
/Users/yuhaowang/Documents/UCL/Term3_Proj/Dataset/Macular-Dataset-R.Rasti_old/Normal/Normal (9).E2E,Normal (9).E2E,17,Spectralis,n/a,3,NORMAL,False,OCT5k,3,NORMAL,1.0,2.16439e-06,0.76132065,-0.053570937,1,-6.019332,False,-4.378671,False,-7.266301,False,-6.354952,False,False,True
/Users/yuhaowang/Documents/UCL/Term3_Proj/Dataset/Macular-Dataset-R.Rasti_old/Normal/Normal (9).E2E,Normal (9).E2E,18,Spectralis,n/a,3,NORMAL,False,OCT5k,3,NORMAL,1.0,1.6165627e-06,0.7924234,-0.70257336,1,-8.031918,False,-4.3788004,False,-7.266301,False,-7.8566113,False,False,True
/Users/yuhaowang/Documents/UCL/Term3_Proj/Dataset/Macular-Dataset-R.Rasti_old/Normal/Normal (9).E2E,Normal (9).E2E,19,Spectralis,n/a,3,NORMAL,False,OCT5k,3,NORMAL,0.99998677,0.00019629381,0.48803124,-0.5022958,1,2.4596624,True,-4.3327894,False,-7.266301,False,-3.828877,False,False,True
/Users/yuhaowang/Documents/UCL/Term3_Proj/Dataset/Macular-Dataset-R.Rasti_old/Normal/Normal (9).E2E,Normal (9).E2E,20,Spectralis,n/a,3,NORMAL,False,OCT5k,3,NORMAL,0.9999131,0.00902665,0.4783773,-0.46940875,1,2.8321147,True,-2.2457576,False,-7.266301,False,-2.4745858,False,False,True
